[30Nov2025 14:19:44.134] [main/INFO] [cpw.mods.modlauncher.Launcher/MODLAUNCHER]: ModLauncher running: args [--launchTarget, forgeserver, --fml.forgeVersion, 47.3.7, --fml.mcVersion, 1.20.1, --fml.forgeGroup, net.minecraftforge, --fml.mcpVersion, 20230612.114412, nogui]
[30Nov2025 14:19:44.139] [main/INFO] [cpw.mods.modlauncher.Launcher/MODLAUNCHER]: ModLauncher 10.0.9+10.0.9+main.dcd20f30 starting: java version 17.0.16 by Ubuntu; OS Linux arch amd64 version 6.8.0-1030-azure
[30Nov2025 14:19:44.163] [main/DEBUG] [cpw.mods.modlauncher.LaunchServiceHandler/MODLAUNCHER]: Found launch services [fmlclientdev,forgeclient,minecraft,forgegametestserverdev,fmlserveruserdev,fmlclient,fmldatauserdev,forgeserverdev,forgeserveruserdev,forgeclientdev,forgeclientuserdev,forgeserver,forgedatadev,fmlserver,fmlclientuserdev,fmlserverdev,forgedatauserdev,testharness,forgegametestserveruserdev]
[30Nov2025 14:19:44.176] [main/DEBUG] [cpw.mods.modlauncher.NameMappingServiceHandler/MODLAUNCHER]: Found naming services : [srgtomcp]
[30Nov2025 14:19:44.191] [main/DEBUG] [cpw.mods.modlauncher.LaunchPluginHandler/MODLAUNCHER]: Found launch plugins: [mixin,eventbus,slf4jfixer,object_holder_definalize,runtime_enum_extender,capability_token_subclass,accesstransformer,runtimedistcleaner]
[30Nov2025 14:19:44.202] [main/DEBUG] [cpw.mods.modlauncher.TransformationServicesHandler/MODLAUNCHER]: Discovering transformation services
[30Nov2025 14:19:44.207] [main/DEBUG] [net.minecraftforge.fml.loading.FMLPaths/CORE]: Path GAMEDIR is /workspaces/foy2/servidor_minecraft
[30Nov2025 14:19:44.207] [main/DEBUG] [net.minecraftforge.fml.loading.FMLPaths/CORE]: Path MODSDIR is /workspaces/foy2/servidor_minecraft/mods
[30Nov2025 14:19:44.207] [main/DEBUG] [net.minecraftforge.fml.loading.FMLPaths/CORE]: Path CONFIGDIR is /workspaces/foy2/servidor_minecraft/config
[30Nov2025 14:19:44.207] [main/DEBUG] [net.minecraftforge.fml.loading.FMLPaths/CORE]: Path FMLCONFIG is /workspaces/foy2/servidor_minecraft/config/fml.toml
[30Nov2025 14:19:48.227] [main/DEBUG] [cpw.mods.modlauncher.TransformationServicesHandler/MODLAUNCHER]: Found additional transformation services from discovery services: 
[30Nov2025 14:19:48.235] [main/INFO] [net.minecraftforge.fml.loading.ImmediateWindowHandler/]: ImmediateWindowProvider not loading because launch target is forgeserver
[30Nov2025 14:19:48.243] [main/DEBUG] [cpw.mods.modlauncher.TransformationServicesHandler/MODLAUNCHER]: Found transformer services : [mixin,fml]
[30Nov2025 14:19:48.243] [main/DEBUG] [cpw.mods.modlauncher.TransformationServicesHandler/MODLAUNCHER]: Transformation services loading
[30Nov2025 14:19:48.244] [main/DEBUG] [cpw.mods.modlauncher.TransformationServiceDecorator/MODLAUNCHER]: Loading service mixin
[30Nov2025 14:19:48.244] [main/DEBUG] [cpw.mods.modlauncher.TransformationServiceDecorator/MODLAUNCHER]: Loaded service mixin
[30Nov2025 14:19:48.244] [main/DEBUG] [cpw.mods.modlauncher.TransformationServiceDecorator/MODLAUNCHER]: Loading service fml
[30Nov2025 14:19:48.245] [main/DEBUG] [net.minecraftforge.fml.loading.LauncherVersion/CORE]: Found FMLLauncher version 1.0
[30Nov2025 14:19:48.245] [main/DEBUG] [net.minecraftforge.fml.loading.FMLLoader/CORE]: FML 1.0 loading
[30Nov2025 14:19:48.245] [main/DEBUG] [net.minecraftforge.fml.loading.FMLLoader/CORE]: FML found ModLauncher version : 10.0.9+10.0.9+main.dcd20f30
[30Nov2025 14:19:48.246] [main/DEBUG] [net.minecraftforge.fml.loading.FMLLoader/CORE]: FML found AccessTransformer version : 8.0.4+66+master.c09db6d7
[30Nov2025 14:19:48.246] [main/DEBUG] [net.minecraftforge.fml.loading.FMLLoader/CORE]: FML found EventBus version : 6.0.5+6.0.5+master.eb8e549b
[30Nov2025 14:19:48.246] [main/DEBUG] [net.minecraftforge.fml.loading.FMLLoader/CORE]: Found Runtime Dist Cleaner
[30Nov2025 14:19:48.248] [main/DEBUG] [net.minecraftforge.fml.loading.FMLLoader/CORE]: FML found CoreMod version : 5.1.6
[30Nov2025 14:19:48.248] [main/DEBUG] [net.minecraftforge.fml.loading.FMLLoader/CORE]: Found ForgeSPI package implementation version 7.0.1+7.0.1+master.d2b38bf6
[30Nov2025 14:19:48.248] [main/DEBUG] [net.minecraftforge.fml.loading.FMLLoader/CORE]: Found ForgeSPI package specification 5
[30Nov2025 14:19:48.249] [main/DEBUG] [cpw.mods.modlauncher.TransformationServiceDecorator/MODLAUNCHER]: Loaded service fml
[30Nov2025 14:19:48.249] [main/DEBUG] [cpw.mods.modlauncher.TransformationServicesHandler/MODLAUNCHER]: Configuring option handling for services
[30Nov2025 14:19:48.255] [main/DEBUG] [cpw.mods.modlauncher.TransformationServicesHandler/MODLAUNCHER]: Transformation services initializing
[30Nov2025 14:19:48.255] [main/DEBUG] [cpw.mods.modlauncher.TransformationServiceDecorator/MODLAUNCHER]: Initializing transformation service mixin
[30Nov2025 14:19:48.267] [main/DEBUG] [mixin/]: MixinService [ModLauncher] was successfully booted in cpw.mods.cl.ModuleClassLoader@7a3d45bd
[30Nov2025 14:19:48.326] [main/INFO] [mixin/]: SpongePowered MIXIN Subsystem Version=0.8.5 Source=union:/workspaces/foy2/servidor_minecraft/libraries/org/spongepowered/mixin/0.8.5/mixin-0.8.5.jar%2365!/ Service=ModLauncher Env=SERVER
[30Nov2025 14:19:48.330] [main/DEBUG] [mixin/]: Initialising Mixin Platform Manager
[30Nov2025 14:19:48.330] [main/DEBUG] [mixin/]: Adding mixin platform agents for container ModLauncher Root Container(ModLauncher:4f56a0a2)
[30Nov2025 14:19:48.331] [main/DEBUG] [mixin/]: Instancing new MixinPlatformAgentMinecraftForge for ModLauncher Root Container(ModLauncher:4f56a0a2)
[30Nov2025 14:19:48.331] [main/DEBUG] [mixin/]: MixinPlatformAgentMinecraftForge rejected container ModLauncher Root Container(ModLauncher:4f56a0a2)
[30Nov2025 14:19:48.331] [main/DEBUG] [mixin/]: Instancing new MixinPlatformAgentDefault for ModLauncher Root Container(ModLauncher:4f56a0a2)
[30Nov2025 14:19:48.332] [main/DEBUG] [mixin/]: MixinPlatformAgentDefault accepted container ModLauncher Root Container(ModLauncher:4f56a0a2)
[30Nov2025 14:19:48.335] [main/DEBUG] [cpw.mods.modlauncher.TransformationServiceDecorator/MODLAUNCHER]: Initialized transformation service mixin
[30Nov2025 14:19:48.335] [main/DEBUG] [cpw.mods.modlauncher.TransformationServiceDecorator/MODLAUNCHER]: Initializing transformation service fml
[30Nov2025 14:19:48.335] [main/DEBUG] [net.minecraftforge.fml.loading.FMLServiceProvider/CORE]: Setting up basic FML game directories
[30Nov2025 14:19:48.335] [main/DEBUG] [net.minecraftforge.fml.loading.FMLPaths/CORE]: Path GAMEDIR is /workspaces/foy2/servidor_minecraft
[30Nov2025 14:19:48.336] [main/DEBUG] [net.minecraftforge.fml.loading.FMLPaths/CORE]: Path MODSDIR is /workspaces/foy2/servidor_minecraft/mods
[30Nov2025 14:19:48.336] [main/DEBUG] [net.minecraftforge.fml.loading.FMLPaths/CORE]: Path CONFIGDIR is /workspaces/foy2/servidor_minecraft/config
[30Nov2025 14:19:48.336] [main/DEBUG] [net.minecraftforge.fml.loading.FMLPaths/CORE]: Path FMLCONFIG is /workspaces/foy2/servidor_minecraft/config/fml.toml
[30Nov2025 14:19:48.336] [main/DEBUG] [net.minecraftforge.fml.loading.FMLServiceProvider/CORE]: Loading configuration
[30Nov2025 14:19:48.338] [main/DEBUG] [net.minecraftforge.fml.loading.FMLServiceProvider/CORE]: Preparing ModFile
[30Nov2025 14:19:48.341] [main/DEBUG] [net.minecraftforge.fml.loading.FMLServiceProvider/CORE]: Preparing launch handler
[30Nov2025 14:19:48.342] [main/DEBUG] [net.minecraftforge.fml.loading.FMLLoader/CORE]: Using forgeserver as launch service
[30Nov2025 14:19:48.356] [main/DEBUG] [net.minecraftforge.fml.loading.FMLLoader/CORE]: Received command line version data  : VersionInfo[forgeVersion=47.3.7, mcVersion=1.20.1, mcpVersion=20230612.114412, forgeGroup=net.minecraftforge]
[30Nov2025 14:19:48.357] [main/DEBUG] [cpw.mods.modlauncher.TransformationServiceDecorator/MODLAUNCHER]: Initialized transformation service fml
[30Nov2025 14:19:48.357] [main/DEBUG] [cpw.mods.modlauncher.NameMappingServiceHandler/MODLAUNCHER]: Current naming domain is 'srg'
[30Nov2025 14:19:48.358] [main/DEBUG] [cpw.mods.modlauncher.NameMappingServiceHandler/MODLAUNCHER]: Identified name mapping providers {}
[30Nov2025 14:19:48.358] [main/DEBUG] [cpw.mods.modlauncher.TransformationServicesHandler/MODLAUNCHER]: Transformation services begin scanning
[30Nov2025 14:19:48.358] [main/DEBUG] [cpw.mods.modlauncher.TransformationServiceDecorator/MODLAUNCHER]: Beginning scan trigger - transformation service mixin
[30Nov2025 14:19:48.359] [main/DEBUG] [cpw.mods.modlauncher.TransformationServiceDecorator/MODLAUNCHER]: End scan trigger - transformation service mixin
[30Nov2025 14:19:48.359] [main/DEBUG] [cpw.mods.modlauncher.TransformationServiceDecorator/MODLAUNCHER]: Beginning scan trigger - transformation service fml
[30Nov2025 14:19:48.359] [main/DEBUG] [net.minecraftforge.fml.loading.FMLServiceProvider/CORE]: Initiating mod scan
[30Nov2025 14:19:48.366] [main/DEBUG] [net.minecraftforge.fml.loading.moddiscovery.ModListHandler/CORE]: Found mod coordinates from lists: []
[30Nov2025 14:19:48.370] [main/DEBUG] [net.minecraftforge.fml.loading.moddiscovery.ModDiscoverer/CORE]: Found Mod Locators : (mods folder:null),(maven libs:null),(exploded directory:null),(minecraft:null),(userdev classpath:null)
[30Nov2025 14:19:48.371] [main/DEBUG] [net.minecraftforge.fml.loading.moddiscovery.ModDiscoverer/CORE]: Found Dependency Locators : (JarInJar:null)
[30Nov2025 14:19:48.380] [main/DEBUG] [net.minecraftforge.fml.loading.moddiscovery.ModFileParser/LOADING]: Considering mod file candidate /workspaces/foy2/servidor_minecraft/mods/[forge]ctov-3.4.14.jar
[30Nov2025 14:19:48.428] [main/DEBUG] [net.minecraftforge.fml.loading.moddiscovery.ModFileInfo/LOADING]: Found valid mod file [forge]ctov-3.4.14.jar with {ctov} mods - versions {3.4.14}
[30Nov2025 14:19:48.433] [main/DEBUG] [net.minecraftforge.fml.loading.moddiscovery.ModFileParser/LOADING]: Considering mod file candidate /workspaces/foy2/servidor_minecraft/mods/alexscaves-2.0.2.jar
[30Nov2025 14:19:48.435] [main/DEBUG] [net.minecraftforge.fml.loading.moddiscovery.ModFileInfo/LOADING]: Found valid mod file alexscaves-2.0.2.jar with {alexscaves} mods - versions {2.0.2}
[30Nov2025 14:19:48.436] [main/DEBUG] [net.minecraftforge.fml.loading.moddiscovery.ModFileParser/LOADING]: Considering mod file candidate /workspaces/foy2/servidor_minecraft/mods/architectury-9.2.14-forge.jar
[30Nov2025 14:19:48.437] [main/DEBUG] [net.minecraftforge.fml.loading.moddiscovery.ModFileInfo/LOADING]: Found valid mod file architectury-9.2.14-forge.jar with {architectury} mods - versions {9.2.14}
[30Nov2025 14:19:48.438] [main/DEBUG] [net.minecraftforge.fml.loading.moddiscovery.ModFileParser/LOADING]: Considering mod file candidate /workspaces/foy2/servidor_minecraft/mods/artifacts-forge-9.5.16.jar
[30Nov2025 14:19:48.440] [main/DEBUG] [net.minecraftforge.fml.loading.moddiscovery.ModFileInfo/LOADING]: Found valid mod file artifacts-forge-9.5.16.jar with {artifacts} mods - versions {9.5.16}
[30Nov2025 14:19:48.441] [main/DEBUG] [net.minecraftforge.fml.loading.moddiscovery.ModFileParser/LOADING]: Considering mod file candidate /workspaces/foy2/servidor_minecraft/mods/balm-forge-1.20.1-7.3.37-all.jar
[30Nov2025 14:19:48.443] [main/DEBUG] [net.minecraftforge.fml.loading.moddiscovery.ModFileInfo/LOADING]: Found valid mod file balm-forge-1.20.1-7.3.37-all.jar with {balm} mods - versions {7.3.37}
[30Nov2025 14:19:48.448] [main/DEBUG] [net.minecraftforge.fml.loading.moddiscovery.ModFileParser/LOADING]: Considering mod file candidate /workspaces/foy2/servidor_minecraft/mods/Bookshelf-Forge-1.20.1-20.2.13.jar
[30Nov2025 14:19:48.449] [main/DEBUG] [net.minecraftforge.fml.loading.moddiscovery.ModFileInfo/LOADING]: Found valid mod file Bookshelf-Forge-1.20.1-20.2.13.jar with {bookshelf} mods - versions {20.2.13}
[30Nov2025 14:19:48.451] [main/DEBUG] [net.minecraftforge.fml.loading.moddiscovery.ModFileParser/LOADING]: Considering mod file candidate /workspaces/foy2/servidor_minecraft/mods/born_in_chaos_[Forge]1.20.1_1.7.3.jar
[30Nov2025 14:19:48.452] [main/DEBUG] [net.minecraftforge.fml.loading.moddiscovery.ModFileInfo/LOADING]: Found valid mod file born_in_chaos_[Forge]1.20.1_1.7.3.jar with {born_in_chaos_v1} mods - versions {1.7.3}
[30Nov2025 14:19:48.453] [main/DEBUG] [net.minecraftforge.fml.loading.moddiscovery.ModFileParser/LOADING]: Considering mod file candidate /workspaces/foy2/servidor_minecraft/mods/carryon-forge-1.20.1-2.1.2.7.jar
[30Nov2025 14:19:48.456] [main/DEBUG] [net.minecraftforge.fml.loading.moddiscovery.ModFileInfo/LOADING]: Found valid mod file carryon-forge-1.20.1-2.1.2.7.jar with {carryon} mods - versions {2.1.2.7}
[30Nov2025 14:19:48.457] [main/DEBUG] [net.minecraftforge.fml.loading.moddiscovery.ModFileParser/LOADING]: Considering mod file candidate /workspaces/foy2/servidor_minecraft/mods/citadel-2.6.2-1.20.1.jar
[30Nov2025 14:19:48.459] [main/DEBUG] [net.minecraftforge.fml.loading.moddiscovery.ModFileInfo/LOADING]: Found valid mod file citadel-2.6.2-1.20.1.jar with {citadel} mods - versions {2.6.2}
[30Nov2025 14:19:48.460] [main/DEBUG] [net.minecraftforge.fml.loading.moddiscovery.ModFileParser/LOADING]: Considering mod file candidate /workspaces/foy2/servidor_minecraft/mods/cloth-config-11.1.136-forge.jar
[30Nov2025 14:19:48.461] [main/DEBUG] [net.minecraftforge.fml.loading.moddiscovery.ModFileInfo/LOADING]: Found valid mod file cloth-config-11.1.136-forge.jar with {cloth_config} mods - versions {11.1.136}
[30Nov2025 14:19:48.462] [main/DEBUG] [net.minecraftforge.fml.loading.moddiscovery.ModFileParser/LOADING]: Considering mod file candidate /workspaces/foy2/servidor_minecraft/mods/Clumps-forge-1.20.1-12.0.0.4.jar
[30Nov2025 14:19:48.462] [main/DEBUG] [net.minecraftforge.fml.loading.moddiscovery.ModFileInfo/LOADING]: Found valid mod file Clumps-forge-1.20.1-12.0.0.4.jar with {clumps} mods - versions {12.0.0.4}
[30Nov2025 14:19:48.463] [main/DEBUG] [net.minecraftforge.fml.loading.moddiscovery.ModFileParser/LOADING]: Considering mod file candidate /workspaces/foy2/servidor_minecraft/mods/collective-1.20.1-8.13.jar
[30Nov2025 14:19:48.464] [main/DEBUG] [net.minecraftforge.fml.loading.moddiscovery.ModFileInfo/LOADING]: Found valid mod file collective-1.20.1-8.13.jar with {collective} mods - versions {8.13}
[30Nov2025 14:19:48.465] [main/DEBUG] [net.minecraftforge.fml.loading.moddiscovery.ModFileParser/LOADING]: Considering mod file candidate /workspaces/foy2/servidor_minecraft/mods/cosmeticarmorreworked-1.20.1-v1a.jar
[30Nov2025 14:19:48.466] [main/DEBUG] [net.minecraftforge.fml.loading.moddiscovery.ModFileInfo/LOADING]: Found valid mod file cosmeticarmorreworked-1.20.1-v1a.jar with {cosmeticarmorreworked} mods - versions {1.20.1-v1a}
[30Nov2025 14:19:48.467] [main/DEBUG] [net.minecraftforge.fml.loading.moddiscovery.ModFileParser/LOADING]: Considering mod file candidate /workspaces/foy2/servidor_minecraft/mods/curios-forge-5.14.1+1.20.1.jar
[30Nov2025 14:19:48.468] [main/DEBUG] [net.minecraftforge.fml.loading.moddiscovery.ModFileInfo/LOADING]: Found valid mod file curios-forge-5.14.1+1.20.1.jar with {curios} mods - versions {5.14.1+1.20.1}
[30Nov2025 14:19:48.469] [main/DEBUG] [net.minecraftforge.fml.loading.moddiscovery.ModFileParser/LOADING]: Considering mod file candidate /workspaces/foy2/servidor_minecraft/mods/DungeonsArise-1.20.x-2.1.58-release.jar
[30Nov2025 14:19:48.470] [main/DEBUG] [net.minecraftforge.fml.loading.moddiscovery.ModFileInfo/LOADING]: Found valid mod file DungeonsArise-1.20.x-2.1.58-release.jar with {dungeons_arise} mods - versions {2.1.58-1.20.x}
[30Nov2025 14:19:48.473] [main/DEBUG] [net.minecraftforge.fml.loading.moddiscovery.ModFileParser/LOADING]: Considering mod file candidate /workspaces/foy2/servidor_minecraft/mods/EnchantmentDescriptions-Forge-1.20.1-17.1.19.jar
[30Nov2025 14:19:48.474] [main/DEBUG] [net.minecraftforge.fml.loading.moddiscovery.ModFileInfo/LOADING]: Found valid mod file EnchantmentDescriptions-Forge-1.20.1-17.1.19.jar with {enchdesc} mods - versions {17.1.19}
[30Nov2025 14:19:48.475] [main/DEBUG] [net.minecraftforge.fml.loading.moddiscovery.ModFileParser/LOADING]: Considering mod file candidate /workspaces/foy2/servidor_minecraft/mods/FastLeafDecay-32.jar
[30Nov2025 14:19:48.477] [main/DEBUG] [net.minecraftforge.fml.loading.moddiscovery.ModFileInfo/LOADING]: Found valid mod file FastLeafDecay-32.jar with {fastleafdecay} mods - versions {32}
[30Nov2025 14:19:48.479] [main/DEBUG] [net.minecraftforge.fml.loading.moddiscovery.ModFileParser/LOADING]: Considering mod file candidate /workspaces/foy2/servidor_minecraft/mods/framework-forge-1.20.1-0.7.15.jar
[30Nov2025 14:19:48.481] [main/DEBUG] [net.minecraftforge.fml.loading.moddiscovery.ModFileInfo/LOADING]: Found valid mod file framework-forge-1.20.1-0.7.15.jar with {framework} mods - versions {0.7.15}
[30Nov2025 14:19:48.482] [main/DEBUG] [net.minecraftforge.fml.loading.moddiscovery.ModFileParser/LOADING]: Considering mod file candidate /workspaces/foy2/servidor_minecraft/mods/geckolib-forge-1.20.1-4.8.2.jar
[30Nov2025 14:19:48.482] [main/DEBUG] [net.minecraftforge.fml.loading.moddiscovery.ModFileInfo/LOADING]: Found valid mod file geckolib-forge-1.20.1-4.8.2.jar with {geckolib} mods - versions {4.8.2}
[30Nov2025 14:19:48.485] [main/DEBUG] [net.minecraftforge.fml.loading.moddiscovery.ModFileParser/LOADING]: Considering mod file candidate /workspaces/foy2/servidor_minecraft/mods/goblintraders-forge-1.20.1-1.11.5.jar
[30Nov2025 14:19:48.486] [main/DEBUG] [net.minecraftforge.fml.loading.moddiscovery.ModFileInfo/LOADING]: Found valid mod file goblintraders-forge-1.20.1-1.11.5.jar with {goblintraders} mods - versions {1.11.5}
[30Nov2025 14:19:48.488] [main/DEBUG] [net.minecraftforge.fml.loading.moddiscovery.ModFileParser/LOADING]: Considering mod file candidate /workspaces/foy2/servidor_minecraft/mods/journeymap-1.20.1-5.10.3-forge.jar
[30Nov2025 14:19:48.489] [main/DEBUG] [net.minecraftforge.fml.loading.moddiscovery.ModFileInfo/LOADING]: Found valid mod file journeymap-1.20.1-5.10.3-forge.jar with {journeymap} mods - versions {5.10.3}
[30Nov2025 14:19:48.489] [main/DEBUG] [net.minecraftforge.fml.loading.moddiscovery.ModFileParser/LOADING]: Considering mod file candidate /workspaces/foy2/servidor_minecraft/mods/lithostitched-forge-1.20.1-1.4.11.jar
[30Nov2025 14:19:48.490] [main/DEBUG] [net.minecraftforge.fml.loading.moddiscovery.ModFileInfo/LOADING]: Found valid mod file lithostitched-forge-1.20.1-1.4.11.jar with {lithostitched} mods - versions {1.4.11}
[30Nov2025 14:19:48.491] [main/DEBUG] [net.minecraftforge.fml.loading.moddiscovery.ModFileParser/LOADING]: Considering mod file candidate /workspaces/foy2/servidor_minecraft/mods/mcw-bridges-3.1.0-mc1.20.1forge.jar
[30Nov2025 14:19:48.492] [main/DEBUG] [net.minecraftforge.fml.loading.moddiscovery.ModFileInfo/LOADING]: Found valid mod file mcw-bridges-3.1.0-mc1.20.1forge.jar with {mcwbridges} mods - versions {3.1.0}
[30Nov2025 14:19:48.493] [main/DEBUG] [net.minecraftforge.fml.loading.moddiscovery.ModFileParser/LOADING]: Considering mod file candidate /workspaces/foy2/servidor_minecraft/mods/mcw-doors-1.1.2-mc1.20.1forge.jar
[30Nov2025 14:19:48.494] [main/DEBUG] [net.minecraftforge.fml.loading.moddiscovery.ModFileInfo/LOADING]: Found valid mod file mcw-doors-1.1.2-mc1.20.1forge.jar with {mcwdoors} mods - versions {1.1.2}
[30Nov2025 14:19:48.495] [main/DEBUG] [net.minecraftforge.fml.loading.moddiscovery.ModFileParser/LOADING]: Considering mod file candidate /workspaces/foy2/servidor_minecraft/mods/mcw-fences-1.2.0-1.20.1forge.jar
[30Nov2025 14:19:48.496] [main/DEBUG] [net.minecraftforge.fml.loading.moddiscovery.ModFileInfo/LOADING]: Found valid mod file mcw-fences-1.2.0-1.20.1forge.jar with {mcwfences} mods - versions {1.2.0}
[30Nov2025 14:19:48.498] [main/DEBUG] [net.minecraftforge.fml.loading.moddiscovery.ModFileParser/LOADING]: Considering mod file candidate /workspaces/foy2/servidor_minecraft/mods/mcw-furniture-3.3.0-mc1.20.1forge.jar
[30Nov2025 14:19:48.499] [main/DEBUG] [net.minecraftforge.fml.loading.moddiscovery.ModFileInfo/LOADING]: Found valid mod file mcw-furniture-3.3.0-mc1.20.1forge.jar with {mcwfurnitures} mods - versions {3.3.0}
[30Nov2025 14:19:48.500] [main/DEBUG] [net.minecraftforge.fml.loading.moddiscovery.ModFileParser/LOADING]: Considering mod file candidate /workspaces/foy2/servidor_minecraft/mods/mcw-lights-1.1.2-mc1.20.1forge.jar
[30Nov2025 14:19:48.500] [main/DEBUG] [net.minecraftforge.fml.loading.moddiscovery.ModFileInfo/LOADING]: Found valid mod file mcw-lights-1.1.2-mc1.20.1forge.jar with {mcwlights} mods - versions {1.1.2}
[30Nov2025 14:19:48.501] [main/DEBUG] [net.minecraftforge.fml.loading.moddiscovery.ModFileParser/LOADING]: Considering mod file candidate /workspaces/foy2/servidor_minecraft/mods/mcw-mcwpaths-1.1.1-mc1.20.1forge.jar
[30Nov2025 14:19:48.502] [main/DEBUG] [net.minecraftforge.fml.loading.moddiscovery.ModFileInfo/LOADING]: Found valid mod file mcw-mcwpaths-1.1.1-mc1.20.1forge.jar with {mcwpaths} mods - versions {1.1.1}
[30Nov2025 14:19:48.504] [main/DEBUG] [net.minecraftforge.fml.loading.moddiscovery.ModFileParser/LOADING]: Considering mod file candidate /workspaces/foy2/servidor_minecraft/mods/mcw-mcwwindows-2.4.1-mc1.20.1forge.jar
[30Nov2025 14:19:48.504] [main/DEBUG] [net.minecraftforge.fml.loading.moddiscovery.ModFileInfo/LOADING]: Found valid mod file mcw-mcwwindows-2.4.1-mc1.20.1forge.jar with {mcwwindows} mods - versions {2.4.1}
[30Nov2025 14:19:48.505] [main/DEBUG] [net.minecraftforge.fml.loading.moddiscovery.ModFileParser/LOADING]: Considering mod file candidate /workspaces/foy2/servidor_minecraft/mods/mcw-paintings-1.0.5-1.20.1forge.jar
[30Nov2025 14:19:48.505] [main/DEBUG] [net.minecraftforge.fml.loading.moddiscovery.ModFileInfo/LOADING]: Found valid mod file mcw-paintings-1.0.5-1.20.1forge.jar with {mcwpaintings} mods - versions {1.0.5}
[30Nov2025 14:19:48.508] [main/DEBUG] [net.minecraftforge.fml.loading.moddiscovery.ModFileParser/LOADING]: Considering mod file candidate /workspaces/foy2/servidor_minecraft/mods/mcw-roofs-2.3.2-mc1.20.1forge.jar
[30Nov2025 14:19:48.508] [main/DEBUG] [net.minecraftforge.fml.loading.moddiscovery.ModFileInfo/LOADING]: Found valid mod file mcw-roofs-2.3.2-mc1.20.1forge.jar with {mcwroofs} mods - versions {2.3.2}
[30Nov2025 14:19:48.509] [main/DEBUG] [net.minecraftforge.fml.loading.moddiscovery.ModFileParser/LOADING]: Considering mod file candidate /workspaces/foy2/servidor_minecraft/mods/mcw-stairs-1.0.1-1.20.1forge.jar
[30Nov2025 14:19:48.510] [main/DEBUG] [net.minecraftforge.fml.loading.moddiscovery.ModFileInfo/LOADING]: Found valid mod file mcw-stairs-1.0.1-1.20.1forge.jar with {mcwstairs} mods - versions {1.0.1}
[30Nov2025 14:19:48.511] [main/DEBUG] [net.minecraftforge.fml.loading.moddiscovery.ModFileParser/LOADING]: Considering mod file candidate /workspaces/foy2/servidor_minecraft/mods/mcw-trapdoors-1.1.4-mc1.20.1forge.jar
[30Nov2025 14:19:48.511] [main/DEBUG] [net.minecraftforge.fml.loading.moddiscovery.ModFileInfo/LOADING]: Found valid mod file mcw-trapdoors-1.1.4-mc1.20.1forge.jar with {mcwtrpdoors} mods - versions {1.1.4}
[30Nov2025 14:19:48.512] [main/DEBUG] [net.minecraftforge.fml.loading.moddiscovery.ModFileParser/LOADING]: Considering mod file candidate /workspaces/foy2/servidor_minecraft/mods/skinrestorer-2.4.3+1.20-forge.jar
[30Nov2025 14:19:48.513] [main/DEBUG] [net.minecraftforge.fml.loading.moddiscovery.ModFileInfo/LOADING]: Found valid mod file skinrestorer-2.4.3+1.20-forge.jar with {skinrestorer} mods - versions {2.4.3+1.20-forge}
[30Nov2025 14:19:48.513] [main/DEBUG] [net.minecraftforge.fml.loading.moddiscovery.ModFileParser/LOADING]: Considering mod file candidate /workspaces/foy2/servidor_minecraft/mods/sophisticatedbackpacks-1.20.1-3.24.12.1411.jar
[30Nov2025 14:19:48.514] [main/DEBUG] [net.minecraftforge.fml.loading.moddiscovery.ModFileInfo/LOADING]: Found valid mod file sophisticatedbackpacks-1.20.1-3.24.12.1411.jar with {sophisticatedbackpacks} mods - versions {3.24.12.1411}
[30Nov2025 14:19:48.515] [main/DEBUG] [net.minecraftforge.fml.loading.moddiscovery.ModFileParser/LOADING]: Considering mod file candidate /workspaces/foy2/servidor_minecraft/mods/sophisticatedcore-1.20.1-1.2.107.1240.jar
[30Nov2025 14:19:48.516] [main/DEBUG] [net.minecraftforge.fml.loading.moddiscovery.ModFileInfo/LOADING]: Found valid mod file sophisticatedcore-1.20.1-1.2.107.1240.jar with {sophisticatedcore} mods - versions {1.2.107.1240}
[30Nov2025 14:19:48.516] [main/DEBUG] [net.minecraftforge.fml.loading.moddiscovery.ModFileParser/LOADING]: Considering mod file candidate /workspaces/foy2/servidor_minecraft/mods/TerraBlender-forge-1.20.1-3.0.1.7.jar
[30Nov2025 14:19:48.517] [main/DEBUG] [net.minecraftforge.fml.loading.moddiscovery.ModFileInfo/LOADING]: Found valid mod file TerraBlender-forge-1.20.1-3.0.1.7.jar with {terrablender} mods - versions {3.0.1.7}
[30Nov2025 14:19:48.518] [main/DEBUG] [net.minecraftforge.fml.loading.moddiscovery.ModFileParser/LOADING]: Considering mod file candidate /workspaces/foy2/servidor_minecraft/mods/tombstone-1.20.1-9.0.9.jar
[30Nov2025 14:19:48.518] [main/DEBUG] [net.minecraftforge.fml.loading.moddiscovery.ModFileInfo/LOADING]: Found valid mod file tombstone-1.20.1-9.0.9.jar with {tombstone} mods - versions {9.0.9}
[30Nov2025 14:19:48.519] [main/DEBUG] [net.minecraftforge.fml.loading.moddiscovery.ModFileParser/LOADING]: Considering mod file candidate /workspaces/foy2/servidor_minecraft/mods/trade-cycling-forge-1.20.1-1.0.18.jar
[30Nov2025 14:19:48.519] [main/DEBUG] [net.minecraftforge.fml.loading.moddiscovery.ModFileInfo/LOADING]: Found valid mod file trade-cycling-forge-1.20.1-1.0.18.jar with {trade_cycling} mods - versions {1.20.1-1.0.18}
[30Nov2025 14:19:48.519] [main/DEBUG] [net.minecraftforge.fml.loading.moddiscovery.ModFileParser/LOADING]: Considering mod file candidate /workspaces/foy2/servidor_minecraft/mods/villagernames-1.20.1-8.2.jar
[30Nov2025 14:19:48.520] [main/DEBUG] [net.minecraftforge.fml.loading.moddiscovery.ModFileInfo/LOADING]: Found valid mod file villagernames-1.20.1-8.2.jar with {villagernames} mods - versions {8.2}
[30Nov2025 14:19:48.520] [main/DEBUG] [net.minecraftforge.fml.loading.moddiscovery.ModFileParser/LOADING]: Considering mod file candidate /workspaces/foy2/servidor_minecraft/mods/waystones-forge-1.20.1-14.1.17.jar
[30Nov2025 14:19:48.521] [main/DEBUG] [net.minecraftforge.fml.loading.moddiscovery.ModFileInfo/LOADING]: Found valid mod file waystones-forge-1.20.1-14.1.17.jar with {waystones} mods - versions {14.1.17}
[30Nov2025 14:19:48.521] [main/DEBUG] [net.minecraftforge.fml.loading.moddiscovery.ModFileParser/LOADING]: Considering mod file candidate /workspaces/foy2/servidor_minecraft/mods/YungsApi-1.20-Forge-4.0.6.jar
[30Nov2025 14:19:48.522] [main/DEBUG] [net.minecraftforge.fml.loading.moddiscovery.ModFileInfo/LOADING]: Found valid mod file YungsApi-1.20-Forge-4.0.6.jar with {yungsapi} mods - versions {1.20-Forge-4.0.6}
[30Nov2025 14:19:48.522] [main/DEBUG] [net.minecraftforge.fml.loading.moddiscovery.ModFileParser/LOADING]: Considering mod file candidate /workspaces/foy2/servidor_minecraft/mods/YungsBetterDesertTemples-1.20-Forge-3.0.3.jar
[30Nov2025 14:19:48.523] [main/DEBUG] [net.minecraftforge.fml.loading.moddiscovery.ModFileInfo/LOADING]: Found valid mod file YungsBetterDesertTemples-1.20-Forge-3.0.3.jar with {betterdeserttemples} mods - versions {1.20-Forge-3.0.3}
[30Nov2025 14:19:48.523] [main/DEBUG] [net.minecraftforge.fml.loading.moddiscovery.ModFileParser/LOADING]: Considering mod file candidate /workspaces/foy2/servidor_minecraft/mods/YungsBetterDungeons-1.20-Forge-4.0.4.jar
[30Nov2025 14:19:48.524] [main/DEBUG] [net.minecraftforge.fml.loading.moddiscovery.ModFileInfo/LOADING]: Found valid mod file YungsBetterDungeons-1.20-Forge-4.0.4.jar with {betterdungeons} mods - versions {1.20-Forge-4.0.4}
[30Nov2025 14:19:48.524] [main/DEBUG] [net.minecraftforge.fml.loading.moddiscovery.ModFileParser/LOADING]: Considering mod file candidate /workspaces/foy2/servidor_minecraft/mods/YungsBetterEndIsland-1.20-Forge-2.0.6.jar
[30Nov2025 14:19:48.525] [main/DEBUG] [net.minecraftforge.fml.loading.moddiscovery.ModFileInfo/LOADING]: Found valid mod file YungsBetterEndIsland-1.20-Forge-2.0.6.jar with {betterendisland} mods - versions {1.20-Forge-2.0.6}
[30Nov2025 14:19:48.525] [main/DEBUG] [net.minecraftforge.fml.loading.moddiscovery.ModFileParser/LOADING]: Considering mod file candidate /workspaces/foy2/servidor_minecraft/mods/YungsBetterJungleTemples-1.20-Forge-2.0.5.jar
[30Nov2025 14:19:48.526] [main/DEBUG] [net.minecraftforge.fml.loading.moddiscovery.ModFileInfo/LOADING]: Found valid mod file YungsBetterJungleTemples-1.20-Forge-2.0.5.jar with {betterjungletemples} mods - versions {1.20-Forge-2.0.5}
[30Nov2025 14:19:48.526] [main/DEBUG] [net.minecraftforge.fml.loading.moddiscovery.ModFileParser/LOADING]: Considering mod file candidate /workspaces/foy2/servidor_minecraft/mods/YungsBetterMineshafts-1.20-Forge-4.0.4.jar
[30Nov2025 14:19:48.527] [main/DEBUG] [net.minecraftforge.fml.loading.moddiscovery.ModFileInfo/LOADING]: Found valid mod file YungsBetterMineshafts-1.20-Forge-4.0.4.jar with {bettermineshafts} mods - versions {1.20-Forge-4.0.4}
[30Nov2025 14:19:48.527] [main/DEBUG] [net.minecraftforge.fml.loading.moddiscovery.ModFileParser/LOADING]: Considering mod file candidate /workspaces/foy2/servidor_minecraft/mods/YungsBetterNetherFortresses-1.20-Forge-2.0.6.jar
[30Nov2025 14:19:48.528] [main/DEBUG] [net.minecraftforge.fml.loading.moddiscovery.ModFileInfo/LOADING]: Found valid mod file YungsBetterNetherFortresses-1.20-Forge-2.0.6.jar with {betterfortresses} mods - versions {1.20-Forge-2.0.6}
[30Nov2025 14:19:48.528] [main/DEBUG] [net.minecraftforge.fml.loading.moddiscovery.ModFileParser/LOADING]: Considering mod file candidate /workspaces/foy2/servidor_minecraft/mods/YungsBetterOceanMonuments-1.20-Forge-3.0.4.jar
[30Nov2025 14:19:48.528] [main/DEBUG] [net.minecraftforge.fml.loading.moddiscovery.ModFileInfo/LOADING]: Found valid mod file YungsBetterOceanMonuments-1.20-Forge-3.0.4.jar with {betteroceanmonuments} mods - versions {1.20-Forge-3.0.4}
[30Nov2025 14:19:48.529] [main/DEBUG] [net.minecraftforge.fml.loading.moddiscovery.ModFileParser/LOADING]: Considering mod file candidate /workspaces/foy2/servidor_minecraft/mods/YungsBetterStrongholds-1.20-Forge-4.0.3.jar
[30Nov2025 14:19:48.529] [main/DEBUG] [net.minecraftforge.fml.loading.moddiscovery.ModFileInfo/LOADING]: Found valid mod file YungsBetterStrongholds-1.20-Forge-4.0.3.jar with {betterstrongholds} mods - versions {1.20-Forge-4.0.3}
[30Nov2025 14:19:48.530] [main/DEBUG] [net.minecraftforge.fml.loading.moddiscovery.ModFileParser/LOADING]: Considering mod file candidate /workspaces/foy2/servidor_minecraft/mods/YungsBetterWitchHuts-1.20-Forge-3.0.3.jar
[30Nov2025 14:19:48.530] [main/DEBUG] [net.minecraftforge.fml.loading.moddiscovery.ModFileInfo/LOADING]: Found valid mod file YungsBetterWitchHuts-1.20-Forge-3.0.3.jar with {betterwitchhuts} mods - versions {1.20-Forge-3.0.3}
[30Nov2025 14:19:48.531] [main/DEBUG] [net.minecraftforge.fml.loading.moddiscovery.ModFileParser/LOADING]: Considering mod file candidate /workspaces/foy2/servidor_minecraft/mods/YungsBridges-1.20-Forge-4.0.3.jar
[30Nov2025 14:19:48.531] [main/DEBUG] [net.minecraftforge.fml.loading.moddiscovery.ModFileInfo/LOADING]: Found valid mod file YungsBridges-1.20-Forge-4.0.3.jar with {yungsbridges} mods - versions {1.20-Forge-4.0.3}
[30Nov2025 14:19:48.532] [main/DEBUG] [net.minecraftforge.fml.loading.moddiscovery.ModFileParser/LOADING]: Considering mod file candidate /workspaces/foy2/servidor_minecraft/mods/YungsCaveBiomes-1.20.1-Forge-2.0.5.jar
[30Nov2025 14:19:48.532] [main/DEBUG] [net.minecraftforge.fml.loading.moddiscovery.ModFileInfo/LOADING]: Found valid mod file YungsCaveBiomes-1.20.1-Forge-2.0.5.jar with {yungscavebiomes} mods - versions {1.20.1-Forge-2.0.5}
[30Nov2025 14:19:48.533] [main/DEBUG] [net.minecraftforge.fml.loading.moddiscovery.ModFileParser/LOADING]: Considering mod file candidate /workspaces/foy2/servidor_minecraft/mods/YungsExtras-1.20-Forge-4.0.3.jar
[30Nov2025 14:19:48.533] [main/DEBUG] [net.minecraftforge.fml.loading.moddiscovery.ModFileInfo/LOADING]: Found valid mod file YungsExtras-1.20-Forge-4.0.3.jar with {yungsextras} mods - versions {1.20-Forge-4.0.3}
[30Nov2025 14:19:48.914] [main/DEBUG] [net.minecraftforge.fml.loading.moddiscovery.ModFileInfo/LOADING]: Found valid mod file server-1.20.1-20230612.114412-srg.jar with {minecraft} mods - versions {1.20.1}
[30Nov2025 14:19:48.969] [main/DEBUG] [net.minecraftforge.fml.loading.moddiscovery.ModFileParser/LOADING]: Considering mod file candidate /workspaces/foy2/servidor_minecraft/libraries/net/minecraftforge/fmlcore/1.20.1-47.3.7/fmlcore-1.20.1-47.3.7.jar
[30Nov2025 14:19:48.969] [main/WARN] [net.minecraftforge.fml.loading.moddiscovery.ModFileParser/LOADING]: Mod file /workspaces/foy2/servidor_minecraft/libraries/net/minecraftforge/fmlcore/1.20.1-47.3.7/fmlcore-1.20.1-47.3.7.jar is missing mods.toml file
[30Nov2025 14:19:48.972] [main/DEBUG] [net.minecraftforge.fml.loading.moddiscovery.ModFileParser/LOADING]: Considering mod file candidate /workspaces/foy2/servidor_minecraft/libraries/net/minecraftforge/javafmllanguage/1.20.1-47.3.7/javafmllanguage-1.20.1-47.3.7.jar
[30Nov2025 14:19:48.972] [main/WARN] [net.minecraftforge.fml.loading.moddiscovery.ModFileParser/LOADING]: Mod file /workspaces/foy2/servidor_minecraft/libraries/net/minecraftforge/javafmllanguage/1.20.1-47.3.7/javafmllanguage-1.20.1-47.3.7.jar is missing mods.toml file
[30Nov2025 14:19:48.973] [main/DEBUG] [net.minecraftforge.fml.loading.moddiscovery.ModFileParser/LOADING]: Considering mod file candidate /workspaces/foy2/servidor_minecraft/libraries/net/minecraftforge/lowcodelanguage/1.20.1-47.3.7/lowcodelanguage-1.20.1-47.3.7.jar
[30Nov2025 14:19:48.973] [main/WARN] [net.minecraftforge.fml.loading.moddiscovery.ModFileParser/LOADING]: Mod file /workspaces/foy2/servidor_minecraft/libraries/net/minecraftforge/lowcodelanguage/1.20.1-47.3.7/lowcodelanguage-1.20.1-47.3.7.jar is missing mods.toml file
[30Nov2025 14:19:48.974] [main/DEBUG] [net.minecraftforge.fml.loading.moddiscovery.ModFileParser/LOADING]: Considering mod file candidate /workspaces/foy2/servidor_minecraft/libraries/net/minecraftforge/mclanguage/1.20.1-47.3.7/mclanguage-1.20.1-47.3.7.jar
[30Nov2025 14:19:48.974] [main/WARN] [net.minecraftforge.fml.loading.moddiscovery.ModFileParser/LOADING]: Mod file /workspaces/foy2/servidor_minecraft/libraries/net/minecraftforge/mclanguage/1.20.1-47.3.7/mclanguage-1.20.1-47.3.7.jar is missing mods.toml file
[30Nov2025 14:19:49.003] [main/DEBUG] [net.minecraftforge.fml.loading.moddiscovery.ModFileParser/LOADING]: Considering mod file candidate /workspaces/foy2/servidor_minecraft/libraries/net/minecraftforge/forge/1.20.1-47.3.7/forge-1.20.1-47.3.7-universal.jar
[30Nov2025 14:19:49.033] [main/DEBUG] [net.minecraftforge.fml.loading.moddiscovery.ModFileInfo/LOADING]: Found valid mod file forge-1.20.1-47.3.7-universal.jar with {forge} mods - versions {47.3.7}
[30Nov2025 14:19:49.058] [main/DEBUG] [net.minecraftforge.fml.loading.moddiscovery.AbstractJarFileDependencyLocator/]: Failed to load resource META-INF/jarjar/metadata.json from YungsBetterDungeons-1.20-Forge-4.0.4.jar, it does not contain dependency information.
[30Nov2025 14:19:49.059] [main/DEBUG] [net.minecraftforge.fml.loading.moddiscovery.AbstractJarFileDependencyLocator/]: Failed to load resource META-INF/jarjar/metadata.json from YungsBetterWitchHuts-1.20-Forge-3.0.3.jar, it does not contain dependency information.
[30Nov2025 14:19:49.059] [main/DEBUG] [net.minecraftforge.fml.loading.moddiscovery.AbstractJarFileDependencyLocator/]: Failed to load resource META-INF/jarjar/metadata.json from lithostitched-forge-1.20.1-1.4.11.jar, it does not contain dependency information.
[30Nov2025 14:19:49.059] [main/DEBUG] [net.minecraftforge.fml.loading.moddiscovery.AbstractJarFileDependencyLocator/]: Failed to load resource META-INF/jarjar/metadata.json from YungsBetterOceanMonuments-1.20-Forge-3.0.4.jar, it does not contain dependency information.
[30Nov2025 14:19:49.059] [main/DEBUG] [net.minecraftforge.fml.loading.moddiscovery.AbstractJarFileDependencyLocator/]: Failed to load resource META-INF/jarjar/metadata.json from goblintraders-forge-1.20.1-1.11.5.jar, it does not contain dependency information.
[30Nov2025 14:19:49.059] [main/DEBUG] [net.minecraftforge.fml.loading.moddiscovery.AbstractJarFileDependencyLocator/]: Failed to load resource META-INF/jarjar/metadata.json from mcw-mcwwindows-2.4.1-mc1.20.1forge.jar, it does not contain dependency information.
[30Nov2025 14:19:49.059] [main/DEBUG] [net.minecraftforge.fml.loading.moddiscovery.AbstractJarFileDependencyLocator/]: Failed to load resource META-INF/jarjar/metadata.json from sophisticatedcore-1.20.1-1.2.107.1240.jar, it does not contain dependency information.
[30Nov2025 14:19:49.059] [main/DEBUG] [net.minecraftforge.fml.loading.moddiscovery.AbstractJarFileDependencyLocator/]: Failed to load resource META-INF/jarjar/metadata.json from waystones-forge-1.20.1-14.1.17.jar, it does not contain dependency information.
[30Nov2025 14:19:49.060] [main/DEBUG] [net.minecraftforge.fml.loading.moddiscovery.AbstractJarFileDependencyLocator/]: Failed to load resource META-INF/jarjar/metadata.json from villagernames-1.20.1-8.2.jar, it does not contain dependency information.
[30Nov2025 14:19:49.060] [main/DEBUG] [net.minecraftforge.fml.loading.moddiscovery.AbstractJarFileDependencyLocator/]: Failed to load resource META-INF/jarjar/metadata.json from mcw-paintings-1.0.5-1.20.1forge.jar, it does not contain dependency information.
[30Nov2025 14:19:49.060] [main/DEBUG] [net.minecraftforge.fml.loading.moddiscovery.AbstractJarFileDependencyLocator/]: Failed to load resource META-INF/jarjar/metadata.json from Clumps-forge-1.20.1-12.0.0.4.jar, it does not contain dependency information.
[30Nov2025 14:19:49.060] [main/DEBUG] [net.minecraftforge.fml.loading.moddiscovery.AbstractJarFileDependencyLocator/]: Failed to load resource META-INF/jarjar/metadata.json from journeymap-1.20.1-5.10.3-forge.jar, it does not contain dependency information.
[30Nov2025 14:19:49.060] [main/DEBUG] [net.minecraftforge.fml.loading.moddiscovery.AbstractJarFileDependencyLocator/]: Failed to load resource META-INF/jarjar/metadata.json from YungsCaveBiomes-1.20.1-Forge-2.0.5.jar, it does not contain dependency information.
[30Nov2025 14:19:49.060] [main/DEBUG] [net.minecraftforge.fml.loading.moddiscovery.AbstractJarFileDependencyLocator/]: Failed to load resource META-INF/jarjar/metadata.json from citadel-2.6.2-1.20.1.jar, it does not contain dependency information.
[30Nov2025 14:19:49.060] [main/DEBUG] [net.minecraftforge.fml.loading.moddiscovery.AbstractJarFileDependencyLocator/]: Failed to load resource META-INF/jarjar/metadata.json from YungsApi-1.20-Forge-4.0.6.jar, it does not contain dependency information.
[30Nov2025 14:19:49.060] [main/DEBUG] [net.minecraftforge.fml.loading.moddiscovery.AbstractJarFileDependencyLocator/]: Failed to load resource META-INF/jarjar/metadata.json from mcw-stairs-1.0.1-1.20.1forge.jar, it does not contain dependency information.
[30Nov2025 14:19:49.061] [main/DEBUG] [net.minecraftforge.fml.loading.moddiscovery.AbstractJarFileDependencyLocator/]: Failed to load resource META-INF/jarjar/metadata.json from Bookshelf-Forge-1.20.1-20.2.13.jar, it does not contain dependency information.
[30Nov2025 14:19:49.061] [main/DEBUG] [net.minecraftforge.fml.loading.moddiscovery.AbstractJarFileDependencyLocator/]: Failed to load resource META-INF/jarjar/metadata.json from sophisticatedbackpacks-1.20.1-3.24.12.1411.jar, it does not contain dependency information.
[30Nov2025 14:19:49.061] [main/DEBUG] [net.minecraftforge.fml.loading.moddiscovery.AbstractJarFileDependencyLocator/]: Failed to load resource META-INF/jarjar/metadata.json from YungsBetterDesertTemples-1.20-Forge-3.0.3.jar, it does not contain dependency information.
[30Nov2025 14:19:49.061] [main/DEBUG] [net.minecraftforge.fml.loading.moddiscovery.AbstractJarFileDependencyLocator/]: Failed to load resource META-INF/jarjar/metadata.json from mcw-doors-1.1.2-mc1.20.1forge.jar, it does not contain dependency information.
[30Nov2025 14:19:49.061] [main/DEBUG] [net.minecraftforge.fml.loading.moddiscovery.AbstractJarFileDependencyLocator/]: Failed to load resource META-INF/jarjar/metadata.json from YungsBetterNetherFortresses-1.20-Forge-2.0.6.jar, it does not contain dependency information.
[30Nov2025 14:19:49.061] [main/DEBUG] [net.minecraftforge.fml.loading.moddiscovery.AbstractJarFileDependencyLocator/]: Failed to load resource META-INF/jarjar/metadata.json from cloth-config-11.1.136-forge.jar, it does not contain dependency information.
[30Nov2025 14:19:49.061] [main/DEBUG] [net.minecraftforge.fml.loading.moddiscovery.AbstractJarFileDependencyLocator/]: Failed to load resource META-INF/jarjar/metadata.json from forge-1.20.1-47.3.7-universal.jar, it does not contain dependency information.
[30Nov2025 14:19:49.062] [main/DEBUG] [net.minecraftforge.fml.loading.moddiscovery.AbstractJarFileDependencyLocator/]: Failed to load resource META-INF/jarjar/metadata.json from [forge]ctov-3.4.14.jar, it does not contain dependency information.
[30Nov2025 14:19:49.062] [main/DEBUG] [net.minecraftforge.fml.loading.moddiscovery.AbstractJarFileDependencyLocator/]: Failed to load resource META-INF/jarjar/metadata.json from mcw-mcwpaths-1.1.1-mc1.20.1forge.jar, it does not contain dependency information.
[30Nov2025 14:19:49.062] [main/DEBUG] [net.minecraftforge.fml.loading.moddiscovery.AbstractJarFileDependencyLocator/]: Failed to load resource META-INF/jarjar/metadata.json from DungeonsArise-1.20.x-2.1.58-release.jar, it does not contain dependency information.
[30Nov2025 14:19:49.062] [main/DEBUG] [net.minecraftforge.fml.loading.moddiscovery.AbstractJarFileDependencyLocator/]: Failed to load resource META-INF/jarjar/metadata.json from server-1.20.1-20230612.114412-srg.jar, it does not contain dependency information.
[30Nov2025 14:19:49.062] [main/DEBUG] [net.minecraftforge.fml.loading.moddiscovery.AbstractJarFileDependencyLocator/]: Failed to load resource META-INF/jarjar/metadata.json from mcw-bridges-3.1.0-mc1.20.1forge.jar, it does not contain dependency information.
[30Nov2025 14:19:49.062] [main/DEBUG] [net.minecraftforge.fml.loading.moddiscovery.AbstractJarFileDependencyLocator/]: Failed to load resource META-INF/jarjar/metadata.json from alexscaves-2.0.2.jar, it does not contain dependency information.
[30Nov2025 14:19:49.063] [main/DEBUG] [net.minecraftforge.fml.loading.moddiscovery.AbstractJarFileDependencyLocator/]: Failed to load resource META-INF/jarjar/metadata.json from trade-cycling-forge-1.20.1-1.0.18.jar, it does not contain dependency information.
[30Nov2025 14:19:49.063] [main/DEBUG] [net.minecraftforge.fml.loading.moddiscovery.AbstractJarFileDependencyLocator/]: Failed to load resource META-INF/jarjar/metadata.json from EnchantmentDescriptions-Forge-1.20.1-17.1.19.jar, it does not contain dependency information.
[30Nov2025 14:19:49.063] [main/DEBUG] [net.minecraftforge.fml.loading.moddiscovery.AbstractJarFileDependencyLocator/]: Failed to load resource META-INF/jarjar/metadata.json from TerraBlender-forge-1.20.1-3.0.1.7.jar, it does not contain dependency information.
[30Nov2025 14:19:49.063] [main/DEBUG] [net.minecraftforge.fml.loading.moddiscovery.AbstractJarFileDependencyLocator/]: Failed to load resource META-INF/jarjar/metadata.json from mcw-trapdoors-1.1.4-mc1.20.1forge.jar, it does not contain dependency information.
[30Nov2025 14:19:49.063] [main/DEBUG] [net.minecraftforge.fml.loading.moddiscovery.AbstractJarFileDependencyLocator/]: Failed to load resource META-INF/jarjar/metadata.json from mcw-fences-1.2.0-1.20.1forge.jar, it does not contain dependency information.
[30Nov2025 14:19:49.063] [main/DEBUG] [net.minecraftforge.fml.loading.moddiscovery.AbstractJarFileDependencyLocator/]: Failed to load resource META-INF/jarjar/metadata.json from YungsBridges-1.20-Forge-4.0.3.jar, it does not contain dependency information.
[30Nov2025 14:19:49.063] [main/DEBUG] [net.minecraftforge.fml.loading.moddiscovery.AbstractJarFileDependencyLocator/]: Failed to load resource META-INF/jarjar/metadata.json from born_in_chaos_[Forge]1.20.1_1.7.3.jar, it does not contain dependency information.
[30Nov2025 14:19:49.064] [main/DEBUG] [net.minecraftforge.fml.loading.moddiscovery.AbstractJarFileDependencyLocator/]: Failed to load resource META-INF/jarjar/metadata.json from curios-forge-5.14.1+1.20.1.jar, it does not contain dependency information.
[30Nov2025 14:19:49.064] [main/DEBUG] [net.minecraftforge.fml.loading.moddiscovery.AbstractJarFileDependencyLocator/]: Failed to load resource META-INF/jarjar/metadata.json from collective-1.20.1-8.13.jar, it does not contain dependency information.
[30Nov2025 14:19:49.064] [main/DEBUG] [net.minecraftforge.fml.loading.moddiscovery.AbstractJarFileDependencyLocator/]: Failed to load resource META-INF/jarjar/metadata.json from YungsExtras-1.20-Forge-4.0.3.jar, it does not contain dependency information.
[30Nov2025 14:19:49.064] [main/DEBUG] [net.minecraftforge.fml.loading.moddiscovery.AbstractJarFileDependencyLocator/]: Failed to load resource META-INF/jarjar/metadata.json from YungsBetterStrongholds-1.20-Forge-4.0.3.jar, it does not contain dependency information.
[30Nov2025 14:19:49.064] [main/DEBUG] [net.minecraftforge.fml.loading.moddiscovery.AbstractJarFileDependencyLocator/]: Failed to load resource META-INF/jarjar/metadata.json from tombstone-1.20.1-9.0.9.jar, it does not contain dependency information.
[30Nov2025 14:19:49.064] [main/DEBUG] [net.minecraftforge.fml.loading.moddiscovery.AbstractJarFileDependencyLocator/]: Failed to load resource META-INF/jarjar/metadata.json from mcw-roofs-2.3.2-mc1.20.1forge.jar, it does not contain dependency information.
[30Nov2025 14:19:49.064] [main/DEBUG] [net.minecraftforge.fml.loading.moddiscovery.AbstractJarFileDependencyLocator/]: Failed to load resource META-INF/jarjar/metadata.json from architectury-9.2.14-forge.jar, it does not contain dependency information.
[30Nov2025 14:19:49.064] [main/DEBUG] [net.minecraftforge.fml.loading.moddiscovery.AbstractJarFileDependencyLocator/]: Failed to load resource META-INF/jarjar/metadata.json from mcw-furniture-3.3.0-mc1.20.1forge.jar, it does not contain dependency information.
[30Nov2025 14:19:49.065] [main/DEBUG] [net.minecraftforge.fml.loading.moddiscovery.AbstractJarFileDependencyLocator/]: Failed to load resource META-INF/jarjar/metadata.json from YungsBetterEndIsland-1.20-Forge-2.0.6.jar, it does not contain dependency information.
[30Nov2025 14:19:49.065] [main/DEBUG] [net.minecraftforge.fml.loading.moddiscovery.AbstractJarFileDependencyLocator/]: Failed to load resource META-INF/jarjar/metadata.json from framework-forge-1.20.1-0.7.15.jar, it does not contain dependency information.
[30Nov2025 14:19:49.065] [main/DEBUG] [net.minecraftforge.fml.loading.moddiscovery.AbstractJarFileDependencyLocator/]: Failed to load resource META-INF/jarjar/metadata.json from FastLeafDecay-32.jar, it does not contain dependency information.
[30Nov2025 14:19:49.065] [main/DEBUG] [net.minecraftforge.fml.loading.moddiscovery.AbstractJarFileDependencyLocator/]: Failed to load resource META-INF/jarjar/metadata.json from cosmeticarmorreworked-1.20.1-v1a.jar, it does not contain dependency information.
[30Nov2025 14:19:49.065] [main/DEBUG] [net.minecraftforge.fml.loading.moddiscovery.AbstractJarFileDependencyLocator/]: Failed to load resource META-INF/jarjar/metadata.json from YungsBetterMineshafts-1.20-Forge-4.0.4.jar, it does not contain dependency information.
[30Nov2025 14:19:49.065] [main/DEBUG] [net.minecraftforge.fml.loading.moddiscovery.AbstractJarFileDependencyLocator/]: Failed to load resource META-INF/jarjar/metadata.json from mcw-lights-1.1.2-mc1.20.1forge.jar, it does not contain dependency information.
[30Nov2025 14:19:49.066] [main/DEBUG] [net.minecraftforge.fml.loading.moddiscovery.AbstractJarFileDependencyLocator/]: Failed to load resource META-INF/jarjar/metadata.json from YungsBetterJungleTemples-1.20-Forge-2.0.5.jar, it does not contain dependency information.
[30Nov2025 14:19:49.066] [main/DEBUG] [net.minecraftforge.fml.loading.moddiscovery.AbstractJarFileDependencyLocator/]: Failed to load resource META-INF/jarjar/metadata.json from mclanguage-1.20.1-47.3.7.jar, it does not contain dependency information.
[30Nov2025 14:19:49.066] [main/DEBUG] [net.minecraftforge.fml.loading.moddiscovery.AbstractJarFileDependencyLocator/]: Failed to load resource META-INF/jarjar/metadata.json from javafmllanguage-1.20.1-47.3.7.jar, it does not contain dependency information.
[30Nov2025 14:19:49.066] [main/DEBUG] [net.minecraftforge.fml.loading.moddiscovery.AbstractJarFileDependencyLocator/]: Failed to load resource META-INF/jarjar/metadata.json from fmlcore-1.20.1-47.3.7.jar, it does not contain dependency information.
[30Nov2025 14:19:49.066] [main/DEBUG] [net.minecraftforge.fml.loading.moddiscovery.AbstractJarFileDependencyLocator/]: Failed to load resource META-INF/jarjar/metadata.json from lowcodelanguage-1.20.1-47.3.7.jar, it does not contain dependency information.
[30Nov2025 14:19:49.206] [main/DEBUG] [net.minecraftforge.fml.loading.moddiscovery.ModFileParser/LOADING]: Considering mod file candidate 
[30Nov2025 14:19:49.207] [main/DEBUG] [net.minecraftforge.fml.loading.moddiscovery.ModFileInfo/LOADING]: Found valid mod file expandability-forge-9.0.4.jar with {expandability} mods - versions {9.0.4}
[30Nov2025 14:19:49.209] [main/DEBUG] [net.minecraftforge.fml.loading.moddiscovery.ModFileParser/LOADING]: Considering mod file candidate 
[30Nov2025 14:19:49.210] [main/DEBUG] [net.minecraftforge.fml.loading.moddiscovery.ModFileInfo/LOADING]: Found valid mod file mixinextras-forge-0.3.5.jar with {mixinextras} mods - versions {0.3.5}
[30Nov2025 14:19:49.211] [main/DEBUG] [net.minecraftforge.fml.loading.moddiscovery.ModFileParser/LOADING]: Considering mod file candidate 
[30Nov2025 14:19:49.212] [main/DEBUG] [net.minecraftforge.fml.loading.moddiscovery.ModFileInfo/LOADING]: Found valid mod file kuma-api-forge-20.1.12+1.20.1.jar with {kuma_api} mods - versions {20.1.12}
[30Nov2025 14:19:49.233] [main/DEBUG] [net.minecraftforge.fml.loading.moddiscovery.ModFileParser/LOADING]: Considering mod file candidate 
[30Nov2025 14:19:49.234] [main/DEBUG] [net.minecraftforge.fml.loading.moddiscovery.ModFileInfo/LOADING]: Found valid mod file mixinextras-forge-0.2.0-beta.6.jar with {mixinextras} mods - versions {0.2.0-beta.6}
[30Nov2025 14:19:49.268] [main/DEBUG] [net.minecraftforge.fml.loading.moddiscovery.AbstractJarFileDependencyLocator/]: Failed to load resource META-INF/jarjar/metadata.json from kuma-api-forge-20.1.12+1.20.1.jar, it does not contain dependency information.
[30Nov2025 14:19:49.272] [main/DEBUG] [net.minecraftforge.fml.loading.moddiscovery.AbstractJarFileDependencyLocator/]: Failed to load resource META-INF/jarjar/metadata.json from java-client-3.0.6-SNAPSHOT.jar, it does not contain dependency information.
[30Nov2025 14:19:49.272] [main/DEBUG] [net.minecraftforge.fml.loading.moddiscovery.AbstractJarFileDependencyLocator/]: Failed to load resource META-INF/jarjar/metadata.json from mclib-20.jar, it does not contain dependency information.
[30Nov2025 14:19:49.273] [main/DEBUG] [net.minecraftforge.fml.loading.moddiscovery.AbstractJarFileDependencyLocator/]: Failed to load resource META-INF/jarjar/metadata.json from MixinExtras-0.1.1.jar, it does not contain dependency information.
[30Nov2025 14:19:49.273] [main/DEBUG] [net.minecraftforge.fml.loading.moddiscovery.AbstractJarFileDependencyLocator/]: Failed to load resource META-INF/jarjar/metadata.json from MixinExtras-0.3.5.jar, it does not contain dependency information.
[30Nov2025 14:19:49.273] [main/DEBUG] [net.minecraftforge.fml.loading.moddiscovery.AbstractJarFileDependencyLocator/]: Failed to load resource META-INF/jarjar/metadata.json from MixinExtras-0.2.0-beta.6.jar, it does not contain dependency information.
[30Nov2025 14:19:49.331] [main/DEBUG] [net.minecraftforge.fml.loading.moddiscovery.ModFileParser/LOADING]: Considering mod file candidate 
[30Nov2025 14:19:49.332] [main/DEBUG] [net.minecraftforge.fml.loading.moddiscovery.ModFileInfo/LOADING]: Found valid mod file expandability-forge-9.0.4.jar with {expandability} mods - versions {9.0.4}
[30Nov2025 14:19:49.333] [main/DEBUG] [net.minecraftforge.fml.loading.moddiscovery.ModFileParser/LOADING]: Considering mod file candidate 
[30Nov2025 14:19:49.333] [main/DEBUG] [net.minecraftforge.fml.loading.moddiscovery.ModFileInfo/LOADING]: Found valid mod file mixinextras-forge-0.3.5.jar with {mixinextras} mods - versions {0.3.5}
[30Nov2025 14:19:49.334] [main/DEBUG] [net.minecraftforge.fml.loading.moddiscovery.ModFileParser/LOADING]: Considering mod file candidate 
[30Nov2025 14:19:49.335] [main/DEBUG] [net.minecraftforge.fml.loading.moddiscovery.ModFileInfo/LOADING]: Found valid mod file mixinextras-forge-0.2.0-beta.6.jar with {mixinextras} mods - versions {0.2.0-beta.6}
[30Nov2025 14:19:49.338] [main/DEBUG] [net.minecraftforge.fml.loading.moddiscovery.ModFileParser/LOADING]: Considering mod file candidate 
[30Nov2025 14:19:49.338] [main/DEBUG] [net.minecraftforge.fml.loading.moddiscovery.ModFileInfo/LOADING]: Found valid mod file kuma-api-forge-20.1.12+1.20.1.jar with {kuma_api} mods - versions {20.1.12}
[30Nov2025 14:19:49.339] [main/WARN] [net.minecraftforge.jarjar.selection.JarSelector/]: Attempted to select two dependency jars from JarJar which have the same identification: Mod File:  and Mod File: . Using Mod File: 
[30Nov2025 14:19:49.340] [main/INFO] [net.minecraftforge.fml.loading.moddiscovery.JarInJarDependencyLocator/]: Found 6 dependencies adding them to mods collection
[30Nov2025 14:19:49.342] [main/DEBUG] [net.minecraftforge.fml.loading.moddiscovery.ModFileParser/LOADING]: Considering mod file candidate 
[30Nov2025 14:19:49.342] [main/DEBUG] [net.minecraftforge.fml.loading.moddiscovery.ModFileInfo/LOADING]: Found valid mod file kuma-api-forge-20.1.12+1.20.1.jar with {kuma_api} mods - versions {20.1.12}
[30Nov2025 14:19:49.344] [main/DEBUG] [net.minecraftforge.fml.loading.moddiscovery.ModFile/LOADING]: Loading mod file  with languages [LanguageSpec[languageName=javafml, acceptedVersions=[47,)]]
[30Nov2025 14:19:49.345] [main/DEBUG] [net.minecraftforge.fml.loading.moddiscovery.ModFileParser/LOADING]: Considering mod file candidate /workspaces/foy2/servidor_minecraft/mods/YungsBetterDungeons-1.20-Forge-4.0.4.jar
[30Nov2025 14:19:49.346] [main/DEBUG] [net.minecraftforge.fml.loading.moddiscovery.ModFileInfo/LOADING]: Found valid mod file YungsBetterDungeons-1.20-Forge-4.0.4.jar with {betterdungeons} mods - versions {1.20-Forge-4.0.4}
[30Nov2025 14:19:49.346] [main/DEBUG] [net.minecraftforge.fml.loading.moddiscovery.ModFile/LOADING]: Loading mod file /workspaces/foy2/servidor_minecraft/mods/YungsBetterDungeons-1.20-Forge-4.0.4.jar with languages [LanguageSpec[languageName=javafml, acceptedVersions=[46,)]]
[30Nov2025 14:19:49.346] [main/DEBUG] [net.minecraftforge.fml.loading.moddiscovery.ModFileParser/LOADING]: Considering mod file candidate /workspaces/foy2/servidor_minecraft/mods/YungsBetterWitchHuts-1.20-Forge-3.0.3.jar
[30Nov2025 14:19:49.346] [main/DEBUG] [net.minecraftforge.fml.loading.moddiscovery.ModFileInfo/LOADING]: Found valid mod file YungsBetterWitchHuts-1.20-Forge-3.0.3.jar with {betterwitchhuts} mods - versions {1.20-Forge-3.0.3}
[30Nov2025 14:19:49.346] [main/DEBUG] [net.minecraftforge.fml.loading.moddiscovery.ModFile/LOADING]: Loading mod file /workspaces/foy2/servidor_minecraft/mods/YungsBetterWitchHuts-1.20-Forge-3.0.3.jar with languages [LanguageSpec[languageName=javafml, acceptedVersions=[46,)]]
[30Nov2025 14:19:49.347] [main/DEBUG] [net.minecraftforge.fml.loading.moddiscovery.ModFileParser/LOADING]: Considering mod file candidate /workspaces/foy2/servidor_minecraft/mods/geckolib-forge-1.20.1-4.8.2.jar
[30Nov2025 14:19:49.347] [main/DEBUG] [net.minecraftforge.fml.loading.moddiscovery.ModFileInfo/LOADING]: Found valid mod file geckolib-forge-1.20.1-4.8.2.jar with {geckolib} mods - versions {4.8.2}
[30Nov2025 14:19:49.347] [main/DEBUG] [net.minecraftforge.fml.loading.moddiscovery.ModFile/LOADING]: Loading mod file /workspaces/foy2/servidor_minecraft/mods/geckolib-forge-1.20.1-4.8.2.jar with languages [LanguageSpec[languageName=javafml, acceptedVersions=[47,)]]
[30Nov2025 14:19:49.347] [main/DEBUG] [net.minecraftforge.fml.loading.moddiscovery.ModFileParser/LOADING]: Considering mod file candidate /workspaces/foy2/servidor_minecraft/mods/lithostitched-forge-1.20.1-1.4.11.jar
[30Nov2025 14:19:49.348] [main/DEBUG] [net.minecraftforge.fml.loading.moddiscovery.ModFileInfo/LOADING]: Found valid mod file lithostitched-forge-1.20.1-1.4.11.jar with {lithostitched} mods - versions {1.4.11}
[30Nov2025 14:19:49.348] [main/DEBUG] [net.minecraftforge.fml.loading.moddiscovery.ModFile/LOADING]: Loading mod file /workspaces/foy2/servidor_minecraft/mods/lithostitched-forge-1.20.1-1.4.11.jar with languages [LanguageSpec[languageName=javafml, acceptedVersions=[46,)]]
[30Nov2025 14:19:49.348] [main/DEBUG] [net.minecraftforge.fml.loading.moddiscovery.ModFileParser/LOADING]: Considering mod file candidate /workspaces/foy2/servidor_minecraft/mods/YungsBetterOceanMonuments-1.20-Forge-3.0.4.jar
[30Nov2025 14:19:49.348] [main/DEBUG] [net.minecraftforge.fml.loading.moddiscovery.ModFileInfo/LOADING]: Found valid mod file YungsBetterOceanMonuments-1.20-Forge-3.0.4.jar with {betteroceanmonuments} mods - versions {1.20-Forge-3.0.4}
[30Nov2025 14:19:49.348] [main/DEBUG] [net.minecraftforge.fml.loading.moddiscovery.ModFile/LOADING]: Loading mod file /workspaces/foy2/servidor_minecraft/mods/YungsBetterOceanMonuments-1.20-Forge-3.0.4.jar with languages [LanguageSpec[languageName=javafml, acceptedVersions=[46,)]]
[30Nov2025 14:19:49.348] [main/DEBUG] [net.minecraftforge.fml.loading.moddiscovery.ModFileParser/LOADING]: Considering mod file candidate /workspaces/foy2/servidor_minecraft/mods/goblintraders-forge-1.20.1-1.11.5.jar
[30Nov2025 14:19:49.349] [main/DEBUG] [net.minecraftforge.fml.loading.moddiscovery.ModFileInfo/LOADING]: Found valid mod file goblintraders-forge-1.20.1-1.11.5.jar with {goblintraders} mods - versions {1.11.5}
[30Nov2025 14:19:49.349] [main/DEBUG] [net.minecraftforge.fml.loading.moddiscovery.ModFile/LOADING]: Loading mod file /workspaces/foy2/servidor_minecraft/mods/goblintraders-forge-1.20.1-1.11.5.jar with languages [LanguageSpec[languageName=javafml, acceptedVersions=[39,)]]
[30Nov2025 14:19:49.349] [main/DEBUG] [net.minecraftforge.fml.loading.moddiscovery.ModFileParser/LOADING]: Considering mod file candidate /workspaces/foy2/servidor_minecraft/mods/mcw-mcwwindows-2.4.1-mc1.20.1forge.jar
[30Nov2025 14:19:49.349] [main/DEBUG] [net.minecraftforge.fml.loading.moddiscovery.ModFileInfo/LOADING]: Found valid mod file mcw-mcwwindows-2.4.1-mc1.20.1forge.jar with {mcwwindows} mods - versions {2.4.1}
[30Nov2025 14:19:49.350] [main/DEBUG] [net.minecraftforge.fml.loading.moddiscovery.ModFile/LOADING]: Loading mod file /workspaces/foy2/servidor_minecraft/mods/mcw-mcwwindows-2.4.1-mc1.20.1forge.jar with languages [LanguageSpec[languageName=javafml, acceptedVersions=[28,)]]
[30Nov2025 14:19:49.350] [main/DEBUG] [net.minecraftforge.fml.loading.moddiscovery.ModFileParser/LOADING]: Considering mod file candidate /workspaces/foy2/servidor_minecraft/mods/sophisticatedcore-1.20.1-1.2.107.1240.jar
[30Nov2025 14:19:49.350] [main/DEBUG] [net.minecraftforge.fml.loading.moddiscovery.ModFileInfo/LOADING]: Found valid mod file sophisticatedcore-1.20.1-1.2.107.1240.jar with {sophisticatedcore} mods - versions {1.2.107.1240}
[30Nov2025 14:19:49.350] [main/DEBUG] [net.minecraftforge.fml.loading.moddiscovery.ModFile/LOADING]: Loading mod file /workspaces/foy2/servidor_minecraft/mods/sophisticatedcore-1.20.1-1.2.107.1240.jar with languages [LanguageSpec[languageName=javafml, acceptedVersions=[47,)]]
[30Nov2025 14:19:49.350] [main/DEBUG] [net.minecraftforge.fml.loading.moddiscovery.ModFileParser/LOADING]: Considering mod file candidate /workspaces/foy2/servidor_minecraft/mods/waystones-forge-1.20.1-14.1.17.jar
[30Nov2025 14:19:49.351] [main/DEBUG] [net.minecraftforge.fml.loading.moddiscovery.ModFileInfo/LOADING]: Found valid mod file waystones-forge-1.20.1-14.1.17.jar with {waystones} mods - versions {14.1.17}
[30Nov2025 14:19:49.351] [main/DEBUG] [net.minecraftforge.fml.loading.moddiscovery.ModFile/LOADING]: Loading mod file /workspaces/foy2/servidor_minecraft/mods/waystones-forge-1.20.1-14.1.17.jar with languages [LanguageSpec[languageName=javafml, acceptedVersions=[46,)]]
[30Nov2025 14:19:49.351] [main/DEBUG] [net.minecraftforge.fml.loading.moddiscovery.ModFileParser/LOADING]: Considering mod file candidate /workspaces/foy2/servidor_minecraft/mods/villagernames-1.20.1-8.2.jar
[30Nov2025 14:19:49.351] [main/DEBUG] [net.minecraftforge.fml.loading.moddiscovery.ModFileInfo/LOADING]: Found valid mod file villagernames-1.20.1-8.2.jar with {villagernames} mods - versions {8.2}
[30Nov2025 14:19:49.352] [main/DEBUG] [net.minecraftforge.fml.loading.moddiscovery.ModFile/LOADING]: Loading mod file /workspaces/foy2/servidor_minecraft/mods/villagernames-1.20.1-8.2.jar with languages [LanguageSpec[languageName=javafml, acceptedVersions=*]]
[30Nov2025 14:19:49.352] [main/DEBUG] [net.minecraftforge.fml.loading.moddiscovery.ModFileParser/LOADING]: Considering mod file candidate /workspaces/foy2/servidor_minecraft/mods/Clumps-forge-1.20.1-12.0.0.4.jar
[30Nov2025 14:19:49.352] [main/DEBUG] [net.minecraftforge.fml.loading.moddiscovery.ModFileInfo/LOADING]: Found valid mod file Clumps-forge-1.20.1-12.0.0.4.jar with {clumps} mods - versions {12.0.0.4}
[30Nov2025 14:19:49.352] [main/DEBUG] [net.minecraftforge.fml.loading.moddiscovery.ModFile/LOADING]: Loading mod file /workspaces/foy2/servidor_minecraft/mods/Clumps-forge-1.20.1-12.0.0.4.jar with languages [LanguageSpec[languageName=javafml, acceptedVersions=[41,)]]
[30Nov2025 14:19:49.352] [main/DEBUG] [net.minecraftforge.fml.loading.moddiscovery.ModFileParser/LOADING]: Considering mod file candidate /workspaces/foy2/servidor_minecraft/mods/mcw-paintings-1.0.5-1.20.1forge.jar
[30Nov2025 14:19:49.353] [main/DEBUG] [net.minecraftforge.fml.loading.moddiscovery.ModFileInfo/LOADING]: Found valid mod file mcw-paintings-1.0.5-1.20.1forge.jar with {mcwpaintings} mods - versions {1.0.5}
[30Nov2025 14:19:49.353] [main/DEBUG] [net.minecraftforge.fml.loading.moddiscovery.ModFile/LOADING]: Loading mod file /workspaces/foy2/servidor_minecraft/mods/mcw-paintings-1.0.5-1.20.1forge.jar with languages [LanguageSpec[languageName=javafml, acceptedVersions=[28,)]]
[30Nov2025 14:19:49.353] [main/DEBUG] [net.minecraftforge.fml.loading.moddiscovery.ModFileParser/LOADING]: Considering mod file candidate /workspaces/foy2/servidor_minecraft/mods/journeymap-1.20.1-5.10.3-forge.jar
[30Nov2025 14:19:49.353] [main/DEBUG] [net.minecraftforge.fml.loading.moddiscovery.ModFileInfo/LOADING]: Found valid mod file journeymap-1.20.1-5.10.3-forge.jar with {journeymap} mods - versions {5.10.3}
[30Nov2025 14:19:49.353] [main/DEBUG] [net.minecraftforge.fml.loading.moddiscovery.ModFile/LOADING]: Loading mod file /workspaces/foy2/servidor_minecraft/mods/journeymap-1.20.1-5.10.3-forge.jar with languages [LanguageSpec[languageName=javafml, acceptedVersions=[44,)]]
[30Nov2025 14:19:49.355] [main/DEBUG] [net.minecraftforge.fml.loading.moddiscovery.ModFileParser/LOADING]: Found coremod journeymap potion effect transformer with Javascript path potion-effects-shift.js
[30Nov2025 14:19:49.355] [main/DEBUG] [net.minecraftforge.fml.loading.moddiscovery.ModFile/LOADING]: Found coremod potion-effects-shift.js
[30Nov2025 14:19:49.355] [main/DEBUG] [net.minecraftforge.fml.loading.moddiscovery.ModFileParser/LOADING]: Considering mod file candidate /workspaces/foy2/servidor_minecraft/mods/citadel-2.6.2-1.20.1.jar
[30Nov2025 14:19:49.355] [main/DEBUG] [net.minecraftforge.fml.loading.moddiscovery.ModFileInfo/LOADING]: Found valid mod file citadel-2.6.2-1.20.1.jar with {citadel} mods - versions {2.6.2}
[30Nov2025 14:19:49.356] [main/DEBUG] [net.minecraftforge.fml.loading.moddiscovery.ModFile/LOADING]: Loading mod file /workspaces/foy2/servidor_minecraft/mods/citadel-2.6.2-1.20.1.jar with languages [LanguageSpec[languageName=javafml, acceptedVersions=[47,)]]
[30Nov2025 14:19:49.356] [main/DEBUG] [net.minecraftforge.fml.loading.moddiscovery.ModFileParser/LOADING]: Considering mod file candidate /workspaces/foy2/servidor_minecraft/mods/YungsCaveBiomes-1.20.1-Forge-2.0.5.jar
[30Nov2025 14:19:49.356] [main/DEBUG] [net.minecraftforge.fml.loading.moddiscovery.ModFileInfo/LOADING]: Found valid mod file YungsCaveBiomes-1.20.1-Forge-2.0.5.jar with {yungscavebiomes} mods - versions {1.20.1-Forge-2.0.5}
[30Nov2025 14:19:49.356] [main/DEBUG] [net.minecraftforge.fml.loading.moddiscovery.ModFile/LOADING]: Loading mod file /workspaces/foy2/servidor_minecraft/mods/YungsCaveBiomes-1.20.1-Forge-2.0.5.jar with languages [LanguageSpec[languageName=javafml, acceptedVersions=[46,)]]
[30Nov2025 14:19:49.356] [main/DEBUG] [net.minecraftforge.fml.loading.moddiscovery.ModFileParser/LOADING]: Considering mod file candidate /workspaces/foy2/servidor_minecraft/mods/artifacts-forge-9.5.16.jar
[30Nov2025 14:19:49.357] [main/DEBUG] [net.minecraftforge.fml.loading.moddiscovery.ModFileInfo/LOADING]: Found valid mod file artifacts-forge-9.5.16.jar with {artifacts} mods - versions {9.5.16}
[30Nov2025 14:19:49.357] [main/DEBUG] [net.minecraftforge.fml.loading.moddiscovery.ModFile/LOADING]: Loading mod file /workspaces/foy2/servidor_minecraft/mods/artifacts-forge-9.5.16.jar with languages [LanguageSpec[languageName=javafml, acceptedVersions=[47,)]]
[30Nov2025 14:19:49.357] [main/DEBUG] [net.minecraftforge.fml.loading.moddiscovery.ModFileParser/LOADING]: Considering mod file candidate /workspaces/foy2/servidor_minecraft/mods/mcw-stairs-1.0.1-1.20.1forge.jar
[30Nov2025 14:19:49.357] [main/DEBUG] [net.minecraftforge.fml.loading.moddiscovery.ModFileInfo/LOADING]: Found valid mod file mcw-stairs-1.0.1-1.20.1forge.jar with {mcwstairs} mods - versions {1.0.1}
[30Nov2025 14:19:49.357] [main/DEBUG] [net.minecraftforge.fml.loading.moddiscovery.ModFile/LOADING]: Loading mod file /workspaces/foy2/servidor_minecraft/mods/mcw-stairs-1.0.1-1.20.1forge.jar with languages [LanguageSpec[languageName=javafml, acceptedVersions=[28,)]]
[30Nov2025 14:19:49.358] [main/DEBUG] [net.minecraftforge.fml.loading.moddiscovery.ModFileParser/LOADING]: Considering mod file candidate /workspaces/foy2/servidor_minecraft/mods/YungsApi-1.20-Forge-4.0.6.jar
[30Nov2025 14:19:49.358] [main/DEBUG] [net.minecraftforge.fml.loading.moddiscovery.ModFileInfo/LOADING]: Found valid mod file YungsApi-1.20-Forge-4.0.6.jar with {yungsapi} mods - versions {1.20-Forge-4.0.6}
[30Nov2025 14:19:49.358] [main/DEBUG] [net.minecraftforge.fml.loading.moddiscovery.ModFile/LOADING]: Loading mod file /workspaces/foy2/servidor_minecraft/mods/YungsApi-1.20-Forge-4.0.6.jar with languages [LanguageSpec[languageName=javafml, acceptedVersions=[46,)]]
[30Nov2025 14:19:49.358] [main/DEBUG] [net.minecraftforge.fml.loading.moddiscovery.ModFileParser/LOADING]: Considering mod file candidate /workspaces/foy2/servidor_minecraft/mods/Bookshelf-Forge-1.20.1-20.2.13.jar
[30Nov2025 14:19:49.358] [main/DEBUG] [net.minecraftforge.fml.loading.moddiscovery.ModFileInfo/LOADING]: Found valid mod file Bookshelf-Forge-1.20.1-20.2.13.jar with {bookshelf} mods - versions {20.2.13}
[30Nov2025 14:19:49.359] [main/DEBUG] [net.minecraftforge.fml.loading.moddiscovery.ModFile/LOADING]: Loading mod file /workspaces/foy2/servidor_minecraft/mods/Bookshelf-Forge-1.20.1-20.2.13.jar with languages [LanguageSpec[languageName=javafml, acceptedVersions=[47,)]]
[30Nov2025 14:19:49.359] [main/DEBUG] [net.minecraftforge.fml.loading.moddiscovery.ModFileParser/LOADING]: Considering mod file candidate /workspaces/foy2/servidor_minecraft/mods/sophisticatedbackpacks-1.20.1-3.24.12.1411.jar
[30Nov2025 14:19:49.359] [main/DEBUG] [net.minecraftforge.fml.loading.moddiscovery.ModFileInfo/LOADING]: Found valid mod file sophisticatedbackpacks-1.20.1-3.24.12.1411.jar with {sophisticatedbackpacks} mods - versions {3.24.12.1411}
[30Nov2025 14:19:49.359] [main/DEBUG] [net.minecraftforge.fml.loading.moddiscovery.ModFile/LOADING]: Loading mod file /workspaces/foy2/servidor_minecraft/mods/sophisticatedbackpacks-1.20.1-3.24.12.1411.jar with languages [LanguageSpec[languageName=javafml, acceptedVersions=[47,)]]
[30Nov2025 14:19:49.359] [main/DEBUG] [net.minecraftforge.fml.loading.moddiscovery.ModFileParser/LOADING]: Considering mod file candidate /workspaces/foy2/servidor_minecraft/mods/mcw-doors-1.1.2-mc1.20.1forge.jar
[30Nov2025 14:19:49.360] [main/DEBUG] [net.minecraftforge.fml.loading.moddiscovery.ModFileInfo/LOADING]: Found valid mod file mcw-doors-1.1.2-mc1.20.1forge.jar with {mcwdoors} mods - versions {1.1.2}
[30Nov2025 14:19:49.360] [main/DEBUG] [net.minecraftforge.fml.loading.moddiscovery.ModFile/LOADING]: Loading mod file /workspaces/foy2/servidor_minecraft/mods/mcw-doors-1.1.2-mc1.20.1forge.jar with languages [LanguageSpec[languageName=javafml, acceptedVersions=[28,)]]
[30Nov2025 14:19:49.360] [main/DEBUG] [net.minecraftforge.fml.loading.moddiscovery.ModFileParser/LOADING]: Considering mod file candidate /workspaces/foy2/servidor_minecraft/mods/YungsBetterDesertTemples-1.20-Forge-3.0.3.jar
[30Nov2025 14:19:49.360] [main/DEBUG] [net.minecraftforge.fml.loading.moddiscovery.ModFileInfo/LOADING]: Found valid mod file YungsBetterDesertTemples-1.20-Forge-3.0.3.jar with {betterdeserttemples} mods - versions {1.20-Forge-3.0.3}
[30Nov2025 14:19:49.360] [main/DEBUG] [net.minecraftforge.fml.loading.moddiscovery.ModFile/LOADING]: Loading mod file /workspaces/foy2/servidor_minecraft/mods/YungsBetterDesertTemples-1.20-Forge-3.0.3.jar with languages [LanguageSpec[languageName=javafml, acceptedVersions=[46,)]]
[30Nov2025 14:19:49.360] [main/DEBUG] [net.minecraftforge.fml.loading.moddiscovery.ModFileParser/LOADING]: Considering mod file candidate /workspaces/foy2/servidor_minecraft/mods/balm-forge-1.20.1-7.3.37-all.jar
[30Nov2025 14:19:49.361] [main/DEBUG] [net.minecraftforge.fml.loading.moddiscovery.ModFileInfo/LOADING]: Found valid mod file balm-forge-1.20.1-7.3.37-all.jar with {balm} mods - versions {7.3.37}
[30Nov2025 14:19:49.361] [main/DEBUG] [net.minecraftforge.fml.loading.moddiscovery.ModFile/LOADING]: Loading mod file /workspaces/foy2/servidor_minecraft/mods/balm-forge-1.20.1-7.3.37-all.jar with languages [LanguageSpec[languageName=javafml, acceptedVersions=[46,)]]
[30Nov2025 14:19:49.361] [main/DEBUG] [net.minecraftforge.fml.loading.moddiscovery.ModFileParser/LOADING]: Considering mod file candidate /workspaces/foy2/servidor_minecraft/mods/carryon-forge-1.20.1-2.1.2.7.jar
[30Nov2025 14:19:49.362] [main/DEBUG] [net.minecraftforge.fml.loading.moddiscovery.ModFileInfo/LOADING]: Found valid mod file carryon-forge-1.20.1-2.1.2.7.jar with {carryon} mods - versions {2.1.2.7}
[30Nov2025 14:19:49.362] [main/DEBUG] [net.minecraftforge.fml.loading.moddiscovery.ModFile/LOADING]: Loading mod file /workspaces/foy2/servidor_minecraft/mods/carryon-forge-1.20.1-2.1.2.7.jar with languages [LanguageSpec[languageName=javafml, acceptedVersions=[46,)]]
[30Nov2025 14:19:49.362] [main/DEBUG] [net.minecraftforge.fml.loading.moddiscovery.ModFileParser/LOADING]: Considering mod file candidate /workspaces/foy2/servidor_minecraft/mods/cloth-config-11.1.136-forge.jar
[30Nov2025 14:19:49.362] [main/DEBUG] [net.minecraftforge.fml.loading.moddiscovery.ModFileInfo/LOADING]: Found valid mod file cloth-config-11.1.136-forge.jar with {cloth_config} mods - versions {11.1.136}
[30Nov2025 14:19:49.362] [main/DEBUG] [net.minecraftforge.fml.loading.moddiscovery.ModFile/LOADING]: Loading mod file /workspaces/foy2/servidor_minecraft/mods/cloth-config-11.1.136-forge.jar with languages [LanguageSpec[languageName=javafml, acceptedVersions=[34,)]]
[30Nov2025 14:19:49.362] [main/DEBUG] [net.minecraftforge.fml.loading.moddiscovery.ModFileParser/LOADING]: Considering mod file candidate /workspaces/foy2/servidor_minecraft/mods/YungsBetterNetherFortresses-1.20-Forge-2.0.6.jar
[30Nov2025 14:19:49.363] [main/DEBUG] [net.minecraftforge.fml.loading.moddiscovery.ModFileInfo/LOADING]: Found valid mod file YungsBetterNetherFortresses-1.20-Forge-2.0.6.jar with {betterfortresses} mods - versions {1.20-Forge-2.0.6}
[30Nov2025 14:19:49.363] [main/DEBUG] [net.minecraftforge.fml.loading.moddiscovery.ModFile/LOADING]: Loading mod file /workspaces/foy2/servidor_minecraft/mods/YungsBetterNetherFortresses-1.20-Forge-2.0.6.jar with languages [LanguageSpec[languageName=javafml, acceptedVersions=[46,)]]
[30Nov2025 14:19:49.363] [main/DEBUG] [net.minecraftforge.fml.loading.moddiscovery.ModFileParser/LOADING]: Considering mod file candidate /workspaces/foy2/servidor_minecraft/mods/[forge]ctov-3.4.14.jar
[30Nov2025 14:19:49.364] [main/DEBUG] [net.minecraftforge.fml.loading.moddiscovery.ModFileInfo/LOADING]: Found valid mod file [forge]ctov-3.4.14.jar with {ctov} mods - versions {3.4.14}
[30Nov2025 14:19:49.364] [main/DEBUG] [net.minecraftforge.fml.loading.moddiscovery.ModFile/LOADING]: Loading mod file /workspaces/foy2/servidor_minecraft/mods/[forge]ctov-3.4.14.jar with languages [LanguageSpec[languageName=javafml, acceptedVersions=[47,)]]
[30Nov2025 14:19:49.364] [main/DEBUG] [net.minecraftforge.fml.loading.moddiscovery.ModFileParser/LOADING]: Considering mod file candidate /workspaces/foy2/servidor_minecraft/libraries/net/minecraftforge/forge/1.20.1-47.3.7/forge-1.20.1-47.3.7-universal.jar
[30Nov2025 14:19:49.364] [main/DEBUG] [net.minecraftforge.fml.loading.moddiscovery.ModFileInfo/LOADING]: Found valid mod file forge-1.20.1-47.3.7-universal.jar with {forge} mods - versions {47.3.7}
[30Nov2025 14:19:49.364] [main/DEBUG] [net.minecraftforge.fml.loading.moddiscovery.ModFile/LOADING]: Loading mod file /workspaces/foy2/servidor_minecraft/libraries/net/minecraftforge/forge/1.20.1-47.3.7/forge-1.20.1-47.3.7-universal.jar with languages [LanguageSpec[languageName=javafml, acceptedVersions=[24,]]]
[30Nov2025 14:19:49.365] [main/DEBUG] [net.minecraftforge.fml.loading.moddiscovery.ModFileParser/LOADING]: Found coremod field_to_method with Javascript path coremods/field_to_method.js
[30Nov2025 14:19:49.365] [main/DEBUG] [net.minecraftforge.fml.loading.moddiscovery.ModFileParser/LOADING]: Found coremod field_to_instanceof with Javascript path coremods/field_to_instanceof.js
[30Nov2025 14:19:49.365] [main/DEBUG] [net.minecraftforge.fml.loading.moddiscovery.ModFileParser/LOADING]: Found coremod add_bouncer_method with Javascript path coremods/add_bouncer_method.js
[30Nov2025 14:19:49.365] [main/DEBUG] [net.minecraftforge.fml.loading.moddiscovery.ModFileParser/LOADING]: Found coremod method_redirector with Javascript path coremods/method_redirector.js
[30Nov2025 14:19:49.365] [main/DEBUG] [net.minecraftforge.fml.loading.moddiscovery.ModFile/LOADING]: Found coremod coremods/field_to_method.js
[30Nov2025 14:19:49.365] [main/DEBUG] [net.minecraftforge.fml.loading.moddiscovery.ModFile/LOADING]: Found coremod coremods/field_to_instanceof.js
[30Nov2025 14:19:49.365] [main/DEBUG] [net.minecraftforge.fml.loading.moddiscovery.ModFile/LOADING]: Found coremod coremods/add_bouncer_method.js
[30Nov2025 14:19:49.365] [main/DEBUG] [net.minecraftforge.fml.loading.moddiscovery.ModFile/LOADING]: Found coremod coremods/method_redirector.js
[30Nov2025 14:19:49.365] [main/DEBUG] [net.minecraftforge.fml.loading.moddiscovery.ModFileParser/LOADING]: Considering mod file candidate /workspaces/foy2/servidor_minecraft/mods/mcw-mcwpaths-1.1.1-mc1.20.1forge.jar
[30Nov2025 14:19:49.366] [main/DEBUG] [net.minecraftforge.fml.loading.moddiscovery.ModFileInfo/LOADING]: Found valid mod file mcw-mcwpaths-1.1.1-mc1.20.1forge.jar with {mcwpaths} mods - versions {1.1.1}
[30Nov2025 14:19:49.366] [main/DEBUG] [net.minecraftforge.fml.loading.moddiscovery.ModFile/LOADING]: Loading mod file /workspaces/foy2/servidor_minecraft/mods/mcw-mcwpaths-1.1.1-mc1.20.1forge.jar with languages [LanguageSpec[languageName=javafml, acceptedVersions=[28,)]]
[30Nov2025 14:19:49.366] [main/DEBUG] [net.minecraftforge.fml.loading.moddiscovery.ModFileParser/LOADING]: Considering mod file candidate /workspaces/foy2/servidor_minecraft/mods/DungeonsArise-1.20.x-2.1.58-release.jar
[30Nov2025 14:19:49.366] [main/DEBUG] [net.minecraftforge.fml.loading.moddiscovery.ModFileInfo/LOADING]: Found valid mod file DungeonsArise-1.20.x-2.1.58-release.jar with {dungeons_arise} mods - versions {2.1.58-1.20.x}
[30Nov2025 14:19:49.366] [main/DEBUG] [net.minecraftforge.fml.loading.moddiscovery.ModFile/LOADING]: Loading mod file /workspaces/foy2/servidor_minecraft/mods/DungeonsArise-1.20.x-2.1.58-release.jar with languages [LanguageSpec[languageName=javafml, acceptedVersions=[41,)]]
[30Nov2025 14:19:49.367] [main/DEBUG] [net.minecraftforge.fml.loading.moddiscovery.ModFileParser/LOADING]: Considering mod file candidate /workspaces/foy2/servidor_minecraft/mods/mcw-bridges-3.1.0-mc1.20.1forge.jar
[30Nov2025 14:19:49.367] [main/DEBUG] [net.minecraftforge.fml.loading.moddiscovery.ModFileInfo/LOADING]: Found valid mod file mcw-bridges-3.1.0-mc1.20.1forge.jar with {mcwbridges} mods - versions {3.1.0}
[30Nov2025 14:19:49.367] [main/DEBUG] [net.minecraftforge.fml.loading.moddiscovery.ModFile/LOADING]: Loading mod file /workspaces/foy2/servidor_minecraft/mods/mcw-bridges-3.1.0-mc1.20.1forge.jar with languages [LanguageSpec[languageName=javafml, acceptedVersions=[28,)]]
[30Nov2025 14:19:49.367] [main/DEBUG] [net.minecraftforge.fml.loading.moddiscovery.ModFileInfo/LOADING]: Found valid mod file server-1.20.1-20230612.114412-srg.jar with {minecraft} mods - versions {1.20.1}
[30Nov2025 14:19:49.368] [main/DEBUG] [net.minecraftforge.fml.loading.moddiscovery.ModFile/LOADING]: Loading mod file /workspaces/foy2/servidor_minecraft/libraries/net/minecraft/server/1.20.1-20230612.114412/server-1.20.1-20230612.114412-srg.jar with languages [LanguageSpec[languageName=minecraft, acceptedVersions=1]]
[30Nov2025 14:19:49.368] [main/DEBUG] [net.minecraftforge.fml.loading.moddiscovery.ModFileParser/LOADING]: Considering mod file candidate /workspaces/foy2/servidor_minecraft/mods/alexscaves-2.0.2.jar
[30Nov2025 14:19:49.368] [main/DEBUG] [net.minecraftforge.fml.loading.moddiscovery.ModFileInfo/LOADING]: Found valid mod file alexscaves-2.0.2.jar with {alexscaves} mods - versions {2.0.2}
[30Nov2025 14:19:49.368] [main/DEBUG] [net.minecraftforge.fml.loading.moddiscovery.ModFile/LOADING]: Loading mod file /workspaces/foy2/servidor_minecraft/mods/alexscaves-2.0.2.jar with languages [LanguageSpec[languageName=javafml, acceptedVersions=[46,)]]
[30Nov2025 14:19:49.368] [main/DEBUG] [net.minecraftforge.fml.loading.moddiscovery.ModFileParser/LOADING]: Considering mod file candidate /workspaces/foy2/servidor_minecraft/mods/EnchantmentDescriptions-Forge-1.20.1-17.1.19.jar
[30Nov2025 14:19:49.369] [main/DEBUG] [net.minecraftforge.fml.loading.moddiscovery.ModFileInfo/LOADING]: Found valid mod file EnchantmentDescriptions-Forge-1.20.1-17.1.19.jar with {enchdesc} mods - versions {17.1.19}
[30Nov2025 14:19:49.369] [main/DEBUG] [net.minecraftforge.fml.loading.moddiscovery.ModFile/LOADING]: Loading mod file /workspaces/foy2/servidor_minecraft/mods/EnchantmentDescriptions-Forge-1.20.1-17.1.19.jar with languages [LanguageSpec[languageName=javafml, acceptedVersions=[47,)]]
[30Nov2025 14:19:49.369] [main/DEBUG] [net.minecraftforge.fml.loading.moddiscovery.ModFileParser/LOADING]: Considering mod file candidate /workspaces/foy2/servidor_minecraft/mods/trade-cycling-forge-1.20.1-1.0.18.jar
[30Nov2025 14:19:49.370] [main/DEBUG] [net.minecraftforge.fml.loading.moddiscovery.ModFileInfo/LOADING]: Found valid mod file trade-cycling-forge-1.20.1-1.0.18.jar with {trade_cycling} mods - versions {1.20.1-1.0.18}
[30Nov2025 14:19:49.370] [main/DEBUG] [net.minecraftforge.fml.loading.moddiscovery.ModFile/LOADING]: Loading mod file /workspaces/foy2/servidor_minecraft/mods/trade-cycling-forge-1.20.1-1.0.18.jar with languages [LanguageSpec[languageName=javafml, acceptedVersions=*]]
[30Nov2025 14:19:49.370] [main/DEBUG] [net.minecraftforge.fml.loading.moddiscovery.ModFileParser/LOADING]: Considering mod file candidate /workspaces/foy2/servidor_minecraft/mods/TerraBlender-forge-1.20.1-3.0.1.7.jar
[30Nov2025 14:19:49.371] [main/DEBUG] [net.minecraftforge.fml.loading.moddiscovery.ModFileInfo/LOADING]: Found valid mod file TerraBlender-forge-1.20.1-3.0.1.7.jar with {terrablender} mods - versions {3.0.1.7}
[30Nov2025 14:19:49.371] [main/DEBUG] [net.minecraftforge.fml.loading.moddiscovery.ModFile/LOADING]: Loading mod file /workspaces/foy2/servidor_minecraft/mods/TerraBlender-forge-1.20.1-3.0.1.7.jar with languages [LanguageSpec[languageName=javafml, acceptedVersions=[47,)]]
[30Nov2025 14:19:49.371] [main/DEBUG] [net.minecraftforge.fml.loading.moddiscovery.ModFileParser/LOADING]: Considering mod file candidate /workspaces/foy2/servidor_minecraft/mods/mcw-fences-1.2.0-1.20.1forge.jar
[30Nov2025 14:19:49.371] [main/DEBUG] [net.minecraftforge.fml.loading.moddiscovery.ModFileInfo/LOADING]: Found valid mod file mcw-fences-1.2.0-1.20.1forge.jar with {mcwfences} mods - versions {1.2.0}
[30Nov2025 14:19:49.371] [main/DEBUG] [net.minecraftforge.fml.loading.moddiscovery.ModFile/LOADING]: Loading mod file /workspaces/foy2/servidor_minecraft/mods/mcw-fences-1.2.0-1.20.1forge.jar with languages [LanguageSpec[languageName=javafml, acceptedVersions=[28,)]]
[30Nov2025 14:19:49.371] [main/DEBUG] [net.minecraftforge.fml.loading.moddiscovery.ModFileParser/LOADING]: Considering mod file candidate /workspaces/foy2/servidor_minecraft/mods/mcw-trapdoors-1.1.4-mc1.20.1forge.jar
[30Nov2025 14:19:49.372] [main/DEBUG] [net.minecraftforge.fml.loading.moddiscovery.ModFileInfo/LOADING]: Found valid mod file mcw-trapdoors-1.1.4-mc1.20.1forge.jar with {mcwtrpdoors} mods - versions {1.1.4}
[30Nov2025 14:19:49.372] [main/DEBUG] [net.minecraftforge.fml.loading.moddiscovery.ModFile/LOADING]: Loading mod file /workspaces/foy2/servidor_minecraft/mods/mcw-trapdoors-1.1.4-mc1.20.1forge.jar with languages [LanguageSpec[languageName=javafml, acceptedVersions=[28,)]]
[30Nov2025 14:19:49.372] [main/DEBUG] [net.minecraftforge.fml.loading.moddiscovery.ModFileParser/LOADING]: Considering mod file candidate /workspaces/foy2/servidor_minecraft/mods/YungsBridges-1.20-Forge-4.0.3.jar
[30Nov2025 14:19:49.373] [main/DEBUG] [net.minecraftforge.fml.loading.moddiscovery.ModFileInfo/LOADING]: Found valid mod file YungsBridges-1.20-Forge-4.0.3.jar with {yungsbridges} mods - versions {1.20-Forge-4.0.3}
[30Nov2025 14:19:49.373] [main/DEBUG] [net.minecraftforge.fml.loading.moddiscovery.ModFile/LOADING]: Loading mod file /workspaces/foy2/servidor_minecraft/mods/YungsBridges-1.20-Forge-4.0.3.jar with languages [LanguageSpec[languageName=javafml, acceptedVersions=[46,)]]
[30Nov2025 14:19:49.373] [main/DEBUG] [net.minecraftforge.fml.loading.moddiscovery.ModFileParser/LOADING]: Considering mod file candidate /workspaces/foy2/servidor_minecraft/mods/born_in_chaos_[Forge]1.20.1_1.7.3.jar
[30Nov2025 14:19:49.373] [main/DEBUG] [net.minecraftforge.fml.loading.moddiscovery.ModFileInfo/LOADING]: Found valid mod file born_in_chaos_[Forge]1.20.1_1.7.3.jar with {born_in_chaos_v1} mods - versions {1.7.3}
[30Nov2025 14:19:49.373] [main/DEBUG] [net.minecraftforge.fml.loading.moddiscovery.ModFile/LOADING]: Loading mod file /workspaces/foy2/servidor_minecraft/mods/born_in_chaos_[Forge]1.20.1_1.7.3.jar with languages [LanguageSpec[languageName=javafml, acceptedVersions=[47,)]]
[30Nov2025 14:19:49.373] [main/DEBUG] [net.minecraftforge.fml.loading.moddiscovery.ModFileParser/LOADING]: Considering mod file candidate /workspaces/foy2/servidor_minecraft/mods/curios-forge-5.14.1+1.20.1.jar
[30Nov2025 14:19:49.374] [main/DEBUG] [net.minecraftforge.fml.loading.moddiscovery.ModFileInfo/LOADING]: Found valid mod file curios-forge-5.14.1+1.20.1.jar with {curios} mods - versions {5.14.1+1.20.1}
[30Nov2025 14:19:49.374] [main/DEBUG] [net.minecraftforge.fml.loading.moddiscovery.ModFile/LOADING]: Loading mod file /workspaces/foy2/servidor_minecraft/mods/curios-forge-5.14.1+1.20.1.jar with languages [LanguageSpec[languageName=javafml, acceptedVersions=[41,)]]
[30Nov2025 14:19:49.374] [main/DEBUG] [net.minecraftforge.fml.loading.moddiscovery.ModFileParser/LOADING]: Considering mod file candidate /workspaces/foy2/servidor_minecraft/mods/collective-1.20.1-8.13.jar
[30Nov2025 14:19:49.375] [main/DEBUG] [net.minecraftforge.fml.loading.moddiscovery.ModFileInfo/LOADING]: Found valid mod file collective-1.20.1-8.13.jar with {collective} mods - versions {8.13}
[30Nov2025 14:19:49.375] [main/DEBUG] [net.minecraftforge.fml.loading.moddiscovery.ModFile/LOADING]: Loading mod file /workspaces/foy2/servidor_minecraft/mods/collective-1.20.1-8.13.jar with languages [LanguageSpec[languageName=javafml, acceptedVersions=*]]
[30Nov2025 14:19:49.375] [main/DEBUG] [net.minecraftforge.fml.loading.moddiscovery.ModFileParser/LOADING]: Considering mod file candidate /workspaces/foy2/servidor_minecraft/mods/YungsExtras-1.20-Forge-4.0.3.jar
[30Nov2025 14:19:49.375] [main/DEBUG] [net.minecraftforge.fml.loading.moddiscovery.ModFileInfo/LOADING]: Found valid mod file YungsExtras-1.20-Forge-4.0.3.jar with {yungsextras} mods - versions {1.20-Forge-4.0.3}
[30Nov2025 14:19:49.376] [main/DEBUG] [net.minecraftforge.fml.loading.moddiscovery.ModFile/LOADING]: Loading mod file /workspaces/foy2/servidor_minecraft/mods/YungsExtras-1.20-Forge-4.0.3.jar with languages [LanguageSpec[languageName=javafml, acceptedVersions=[46,)]]
[30Nov2025 14:19:49.376] [main/DEBUG] [net.minecraftforge.fml.loading.moddiscovery.ModFileParser/LOADING]: Considering mod file candidate /workspaces/foy2/servidor_minecraft/mods/tombstone-1.20.1-9.0.9.jar
[30Nov2025 14:19:49.376] [main/DEBUG] [net.minecraftforge.fml.loading.moddiscovery.ModFileInfo/LOADING]: Found valid mod file tombstone-1.20.1-9.0.9.jar with {tombstone} mods - versions {9.0.9}
[30Nov2025 14:19:49.376] [main/DEBUG] [net.minecraftforge.fml.loading.moddiscovery.ModFile/LOADING]: Loading mod file /workspaces/foy2/servidor_minecraft/mods/tombstone-1.20.1-9.0.9.jar with languages [LanguageSpec[languageName=javafml, acceptedVersions=[46,)]]
[30Nov2025 14:19:49.376] [main/DEBUG] [net.minecraftforge.fml.loading.moddiscovery.ModFileParser/LOADING]: Considering mod file candidate /workspaces/foy2/servidor_minecraft/mods/YungsBetterStrongholds-1.20-Forge-4.0.3.jar
[30Nov2025 14:19:49.377] [main/DEBUG] [net.minecraftforge.fml.loading.moddiscovery.ModFileInfo/LOADING]: Found valid mod file YungsBetterStrongholds-1.20-Forge-4.0.3.jar with {betterstrongholds} mods - versions {1.20-Forge-4.0.3}
[30Nov2025 14:19:49.377] [main/DEBUG] [net.minecraftforge.fml.loading.moddiscovery.ModFile/LOADING]: Loading mod file /workspaces/foy2/servidor_minecraft/mods/YungsBetterStrongholds-1.20-Forge-4.0.3.jar with languages [LanguageSpec[languageName=javafml, acceptedVersions=[46,)]]
[30Nov2025 14:19:49.377] [main/DEBUG] [net.minecraftforge.fml.loading.moddiscovery.ModFileParser/LOADING]: Considering mod file candidate /workspaces/foy2/servidor_minecraft/mods/mcw-roofs-2.3.2-mc1.20.1forge.jar
[30Nov2025 14:19:49.378] [main/DEBUG] [net.minecraftforge.fml.loading.moddiscovery.ModFileInfo/LOADING]: Found valid mod file mcw-roofs-2.3.2-mc1.20.1forge.jar with {mcwroofs} mods - versions {2.3.2}
[30Nov2025 14:19:49.378] [main/DEBUG] [net.minecraftforge.fml.loading.moddiscovery.ModFile/LOADING]: Loading mod file /workspaces/foy2/servidor_minecraft/mods/mcw-roofs-2.3.2-mc1.20.1forge.jar with languages [LanguageSpec[languageName=javafml, acceptedVersions=[28,)]]
[30Nov2025 14:19:49.378] [main/DEBUG] [net.minecraftforge.fml.loading.moddiscovery.ModFileParser/LOADING]: Considering mod file candidate /workspaces/foy2/servidor_minecraft/mods/architectury-9.2.14-forge.jar
[30Nov2025 14:19:49.378] [main/DEBUG] [net.minecraftforge.fml.loading.moddiscovery.ModFileInfo/LOADING]: Found valid mod file architectury-9.2.14-forge.jar with {architectury} mods - versions {9.2.14}
[30Nov2025 14:19:49.378] [main/DEBUG] [net.minecraftforge.fml.loading.moddiscovery.ModFile/LOADING]: Loading mod file /workspaces/foy2/servidor_minecraft/mods/architectury-9.2.14-forge.jar with languages [LanguageSpec[languageName=javafml, acceptedVersions=[46,)]]
[30Nov2025 14:19:49.378] [main/DEBUG] [net.minecraftforge.fml.loading.moddiscovery.ModFileParser/LOADING]: Considering mod file candidate /workspaces/foy2/servidor_minecraft/mods/mcw-furniture-3.3.0-mc1.20.1forge.jar
[30Nov2025 14:19:49.379] [main/DEBUG] [net.minecraftforge.fml.loading.moddiscovery.ModFileInfo/LOADING]: Found valid mod file mcw-furniture-3.3.0-mc1.20.1forge.jar with {mcwfurnitures} mods - versions {3.3.0}
[30Nov2025 14:19:49.379] [main/DEBUG] [net.minecraftforge.fml.loading.moddiscovery.ModFile/LOADING]: Loading mod file /workspaces/foy2/servidor_minecraft/mods/mcw-furniture-3.3.0-mc1.20.1forge.jar with languages [LanguageSpec[languageName=javafml, acceptedVersions=[28,)]]
[30Nov2025 14:19:49.379] [main/DEBUG] [net.minecraftforge.fml.loading.moddiscovery.ModFileParser/LOADING]: Considering mod file candidate /workspaces/foy2/servidor_minecraft/mods/YungsBetterEndIsland-1.20-Forge-2.0.6.jar
[30Nov2025 14:19:49.379] [main/DEBUG] [net.minecraftforge.fml.loading.moddiscovery.ModFileInfo/LOADING]: Found valid mod file YungsBetterEndIsland-1.20-Forge-2.0.6.jar with {betterendisland} mods - versions {1.20-Forge-2.0.6}
[30Nov2025 14:19:49.380] [main/DEBUG] [net.minecraftforge.fml.loading.moddiscovery.ModFile/LOADING]: Loading mod file /workspaces/foy2/servidor_minecraft/mods/YungsBetterEndIsland-1.20-Forge-2.0.6.jar with languages [LanguageSpec[languageName=javafml, acceptedVersions=[46,)]]
[30Nov2025 14:19:49.380] [main/DEBUG] [net.minecraftforge.fml.loading.moddiscovery.ModFileParser/LOADING]: Considering mod file candidate /workspaces/foy2/servidor_minecraft/mods/framework-forge-1.20.1-0.7.15.jar
[30Nov2025 14:19:49.380] [main/DEBUG] [net.minecraftforge.fml.loading.moddiscovery.ModFileInfo/LOADING]: Found valid mod file framework-forge-1.20.1-0.7.15.jar with {framework} mods - versions {0.7.15}
[30Nov2025 14:19:49.380] [main/DEBUG] [net.minecraftforge.fml.loading.moddiscovery.ModFile/LOADING]: Loading mod file /workspaces/foy2/servidor_minecraft/mods/framework-forge-1.20.1-0.7.15.jar with languages [LanguageSpec[languageName=javafml, acceptedVersions=[39,)]]
[30Nov2025 14:19:49.381] [main/DEBUG] [net.minecraftforge.fml.loading.moddiscovery.ModFileParser/LOADING]: Considering mod file candidate 
[30Nov2025 14:19:49.381] [main/DEBUG] [net.minecraftforge.fml.loading.moddiscovery.ModFileInfo/LOADING]: Found valid mod file expandability-forge-9.0.4.jar with {expandability} mods - versions {9.0.4}
[30Nov2025 14:19:49.381] [main/DEBUG] [net.minecraftforge.fml.loading.moddiscovery.ModFile/LOADING]: Loading mod file  with languages [LanguageSpec[languageName=javafml, acceptedVersions=[46,)]]
[30Nov2025 14:19:49.381] [main/DEBUG] [net.minecraftforge.fml.loading.moddiscovery.ModFileParser/LOADING]: Considering mod file candidate /workspaces/foy2/servidor_minecraft/mods/cosmeticarmorreworked-1.20.1-v1a.jar
[30Nov2025 14:19:49.382] [main/DEBUG] [net.minecraftforge.fml.loading.moddiscovery.ModFileInfo/LOADING]: Found valid mod file cosmeticarmorreworked-1.20.1-v1a.jar with {cosmeticarmorreworked} mods - versions {1.20.1-v1a}
[30Nov2025 14:19:49.382] [main/DEBUG] [net.minecraftforge.fml.loading.moddiscovery.ModFile/LOADING]: Loading mod file /workspaces/foy2/servidor_minecraft/mods/cosmeticarmorreworked-1.20.1-v1a.jar with languages [LanguageSpec[languageName=javafml, acceptedVersions=[47,)]]
[30Nov2025 14:19:49.382] [main/DEBUG] [net.minecraftforge.fml.loading.moddiscovery.ModFileParser/LOADING]: Considering mod file candidate /workspaces/foy2/servidor_minecraft/mods/FastLeafDecay-32.jar
[30Nov2025 14:19:49.383] [main/DEBUG] [net.minecraftforge.fml.loading.moddiscovery.ModFileInfo/LOADING]: Found valid mod file FastLeafDecay-32.jar with {fastleafdecay} mods - versions {32}
[30Nov2025 14:19:49.383] [main/DEBUG] [net.minecraftforge.fml.loading.moddiscovery.ModFile/LOADING]: Loading mod file /workspaces/foy2/servidor_minecraft/mods/FastLeafDecay-32.jar with languages [LanguageSpec[languageName=javafml, acceptedVersions=[47,)]]
[30Nov2025 14:19:49.383] [main/DEBUG] [net.minecraftforge.fml.loading.moddiscovery.ModFileParser/LOADING]: Considering mod file candidate /workspaces/foy2/servidor_minecraft/mods/YungsBetterMineshafts-1.20-Forge-4.0.4.jar
[30Nov2025 14:19:49.383] [main/DEBUG] [net.minecraftforge.fml.loading.moddiscovery.ModFileInfo/LOADING]: Found valid mod file YungsBetterMineshafts-1.20-Forge-4.0.4.jar with {bettermineshafts} mods - versions {1.20-Forge-4.0.4}
[30Nov2025 14:19:49.383] [main/DEBUG] [net.minecraftforge.fml.loading.moddiscovery.ModFile/LOADING]: Loading mod file /workspaces/foy2/servidor_minecraft/mods/YungsBetterMineshafts-1.20-Forge-4.0.4.jar with languages [LanguageSpec[languageName=javafml, acceptedVersions=[46,)]]
[30Nov2025 14:19:49.384] [main/DEBUG] [net.minecraftforge.fml.loading.moddiscovery.ModFileParser/LOADING]: Considering mod file candidate /workspaces/foy2/servidor_minecraft/mods/skinrestorer-2.4.3+1.20-forge.jar
[30Nov2025 14:19:49.384] [main/DEBUG] [net.minecraftforge.fml.loading.moddiscovery.ModFileInfo/LOADING]: Found valid mod file skinrestorer-2.4.3+1.20-forge.jar with {skinrestorer} mods - versions {2.4.3+1.20-forge}
[30Nov2025 14:19:49.384] [main/DEBUG] [net.minecraftforge.fml.loading.moddiscovery.ModFile/LOADING]: Loading mod file /workspaces/foy2/servidor_minecraft/mods/skinrestorer-2.4.3+1.20-forge.jar with languages [LanguageSpec[languageName=javafml, acceptedVersions=[46,)]]
[30Nov2025 14:19:49.384] [main/DEBUG] [net.minecraftforge.fml.loading.moddiscovery.ModFileParser/LOADING]: Considering mod file candidate /workspaces/foy2/servidor_minecraft/mods/mcw-lights-1.1.2-mc1.20.1forge.jar
[30Nov2025 14:19:49.385] [main/DEBUG] [net.minecraftforge.fml.loading.moddiscovery.ModFileInfo/LOADING]: Found valid mod file mcw-lights-1.1.2-mc1.20.1forge.jar with {mcwlights} mods - versions {1.1.2}
[30Nov2025 14:19:49.385] [main/DEBUG] [net.minecraftforge.fml.loading.moddiscovery.ModFile/LOADING]: Loading mod file /workspaces/foy2/servidor_minecraft/mods/mcw-lights-1.1.2-mc1.20.1forge.jar with languages [LanguageSpec[languageName=javafml, acceptedVersions=[28,)]]
[30Nov2025 14:19:49.385] [main/DEBUG] [net.minecraftforge.fml.loading.moddiscovery.ModFileParser/LOADING]: Considering mod file candidate /workspaces/foy2/servidor_minecraft/mods/YungsBetterJungleTemples-1.20-Forge-2.0.5.jar
[30Nov2025 14:19:49.386] [main/DEBUG] [net.minecraftforge.fml.loading.moddiscovery.ModFileInfo/LOADING]: Found valid mod file YungsBetterJungleTemples-1.20-Forge-2.0.5.jar with {betterjungletemples} mods - versions {1.20-Forge-2.0.5}
[30Nov2025 14:19:49.386] [main/DEBUG] [net.minecraftforge.fml.loading.moddiscovery.ModFile/LOADING]: Loading mod file /workspaces/foy2/servidor_minecraft/mods/YungsBetterJungleTemples-1.20-Forge-2.0.5.jar with languages [LanguageSpec[languageName=javafml, acceptedVersions=[46,)]]
[30Nov2025 14:19:49.386] [main/DEBUG] [net.minecraftforge.fml.loading.moddiscovery.ModFile/LOADING]: Loading mod file  with languages []
[30Nov2025 14:19:49.386] [main/DEBUG] [net.minecraftforge.fml.loading.moddiscovery.ModFile/LOADING]: Loading mod file  with languages []
[30Nov2025 14:19:49.386] [main/DEBUG] [net.minecraftforge.fml.loading.moddiscovery.ModFileParser/LOADING]: Considering mod file candidate 
[30Nov2025 14:19:49.386] [main/DEBUG] [net.minecraftforge.fml.loading.moddiscovery.ModFileInfo/LOADING]: Found valid mod file mixinextras-forge-0.3.5.jar with {mixinextras} mods - versions {0.3.5}
[30Nov2025 14:19:49.387] [main/DEBUG] [net.minecraftforge.fml.loading.moddiscovery.ModFile/LOADING]: Loading mod file  with languages [LanguageSpec[languageName=javafml, acceptedVersions=*]]
[30Nov2025 14:19:49.387] [main/DEBUG] [net.minecraftforge.fml.loading.moddiscovery.ModFile/LOADING]: Loading mod file  with languages []
[30Nov2025 14:19:49.387] [main/DEBUG] [net.minecraftforge.fml.loading.moddiscovery.ModFile/LOADING]: Loading mod file  with languages []
[30Nov2025 14:19:49.387] [main/DEBUG] [net.minecraftforge.fml.loading.moddiscovery.ModFile/LOADING]: Loading mod file  with languages []
[30Nov2025 14:19:49.387] [main/DEBUG] [net.minecraftforge.fml.loading.moddiscovery.ModFileParser/LOADING]: Considering mod file candidate 
[30Nov2025 14:19:49.387] [main/DEBUG] [net.minecraftforge.fml.loading.moddiscovery.ModFileInfo/LOADING]: Found valid mod file mixinextras-forge-0.3.5.jar with {mixinextras} mods - versions {0.3.5}
[30Nov2025 14:19:49.388] [main/DEBUG] [net.minecraftforge.fml.loading.moddiscovery.ModFile/LOADING]: Loading mod file  with languages [LanguageSpec[languageName=javafml, acceptedVersions=*]]
[30Nov2025 14:19:49.388] [main/DEBUG] [net.minecraftforge.fml.loading.moddiscovery.ModFile/LOADING]: Loading mod file  with languages []
[30Nov2025 14:19:49.389] [main/DEBUG] [cpw.mods.modlauncher.TransformationServiceDecorator/MODLAUNCHER]: End scan trigger - transformation service fml
[30Nov2025 14:19:49.399] [main/DEBUG] [net.minecraftforge.fml.loading.LanguageLoadingProvider/CORE]: Found 3 language providers
[30Nov2025 14:19:49.399] [main/DEBUG] [net.minecraftforge.fml.loading.LanguageLoadingProvider/CORE]: Found language provider minecraft, version 1.0
[30Nov2025 14:19:49.401] [main/DEBUG] [net.minecraftforge.fml.loading.LanguageLoadingProvider/CORE]: Found language provider lowcodefml, version 47
[30Nov2025 14:19:49.401] [main/DEBUG] [net.minecraftforge.fml.loading.LanguageLoadingProvider/CORE]: Found language provider javafml, version 47
[30Nov2025 14:19:49.405] [main/DEBUG] [net.minecraftforge.fml.loading.UniqueModListBuilder/]: Found 2 mods for first modid mclib, selecting most recent based on version data
[30Nov2025 14:19:49.406] [main/DEBUG] [net.minecraftforge.fml.loading.UniqueModListBuilder/]: Selected file mclib-20.jar for modid mclib with version 0.0NONE
[30Nov2025 14:19:49.406] [main/DEBUG] [net.minecraftforge.fml.loading.UniqueModListBuilder/]: Found 2 mods for first modid java.client.SNAPSHOT, selecting most recent based on version data
[30Nov2025 14:19:49.406] [main/DEBUG] [net.minecraftforge.fml.loading.UniqueModListBuilder/]: Selected file java-client-3.0.6-SNAPSHOT.jar for modid java.client.SNAPSHOT with version 0.0NONE
[30Nov2025 14:19:49.406] [main/DEBUG] [net.minecraftforge.fml.loading.UniqueModListBuilder/]: Found 2 mods for first modid mixinextras, selecting most recent based on version data
[30Nov2025 14:19:49.406] [main/DEBUG] [net.minecraftforge.fml.loading.UniqueModListBuilder/]: Selected file mixinextras-forge-0.3.5.jar for modid mixinextras with version 0.3.5
[30Nov2025 14:19:49.406] [main/DEBUG] [net.minecraftforge.fml.loading.UniqueModListBuilder/]: Found 2 mods for first modid MixinExtras, selecting most recent based on version data
[30Nov2025 14:19:49.406] [main/DEBUG] [net.minecraftforge.fml.loading.UniqueModListBuilder/]: Selected file MixinExtras-0.3.5.jar for modid MixinExtras with version 0.0NONE
[30Nov2025 14:19:49.408] [main/DEBUG] [net.minecraftforge.fml.loading.ModSorter/]: Configured system mods: [minecraft, forge]
[30Nov2025 14:19:49.408] [main/DEBUG] [net.minecraftforge.fml.loading.ModSorter/]: Found system mod: minecraft
[30Nov2025 14:19:49.408] [main/DEBUG] [net.minecraftforge.fml.loading.ModSorter/]: Found system mod: forge
[30Nov2025 14:19:49.410] [main/DEBUG] [net.minecraftforge.fml.loading.ModSorter/LOADING]: Found 101 mod requirements (98 mandatory, 3 optional)
[30Nov2025 14:19:49.412] [main/DEBUG] [net.minecraftforge.fml.loading.ModSorter/LOADING]: Found 0 mod requirements missing (0 mandatory, 0 optional)
[30Nov2025 14:19:50.100] [main/DEBUG] [cpw.mods.modlauncher.TransformationServicesHandler/MODLAUNCHER]: Transformation services loading transformers
[30Nov2025 14:19:50.101] [main/DEBUG] [cpw.mods.modlauncher.TransformationServiceDecorator/MODLAUNCHER]: Initializing transformers for transformation service mixin
[30Nov2025 14:19:50.101] [main/DEBUG] [cpw.mods.modlauncher.TransformationServiceDecorator/MODLAUNCHER]: Initialized transformers for transformation service mixin
[30Nov2025 14:19:50.102] [main/DEBUG] [cpw.mods.modlauncher.TransformationServiceDecorator/MODLAUNCHER]: Initializing transformers for transformation service fml
[30Nov2025 14:19:50.102] [main/DEBUG] [net.minecraftforge.fml.loading.FMLServiceProvider/CORE]: Loading coremod transformers
[30Nov2025 14:19:50.102] [main/DEBUG] [net.minecraftforge.coremod.CoreModEngine/COREMOD]: Loading CoreMod from potion-effects-shift.js
[30Nov2025 14:19:50.321] [main/DEBUG] [net.minecraftforge.coremod.CoreModEngine/COREMOD]: CoreMod loaded successfully
[30Nov2025 14:19:50.321] [main/DEBUG] [net.minecraftforge.coremod.CoreModEngine/COREMOD]: Loading CoreMod from coremods/field_to_method.js
[30Nov2025 14:19:50.348] [main/DEBUG] [net.minecraftforge.coremod.CoreModEngine/COREMOD]: CoreMod loaded successfully
[30Nov2025 14:19:50.348] [main/DEBUG] [net.minecraftforge.coremod.CoreModEngine/COREMOD]: Loading CoreMod from coremods/field_to_instanceof.js
[30Nov2025 14:19:50.382] [main/DEBUG] [net.minecraftforge.coremod.CoreModEngine/COREMOD]: CoreMod loaded successfully
[30Nov2025 14:19:50.382] [main/DEBUG] [net.minecraftforge.coremod.CoreModEngine/COREMOD]: Loading CoreMod from coremods/add_bouncer_method.js
[30Nov2025 14:19:50.414] [main/DEBUG] [net.minecraftforge.coremod.CoreModEngine/COREMOD]: CoreMod loaded successfully
[30Nov2025 14:19:50.415] [main/DEBUG] [net.minecraftforge.coremod.CoreModEngine/COREMOD]: Loading CoreMod from coremods/method_redirector.js
[30Nov2025 14:19:50.469] [main/DEBUG] [net.minecraftforge.coremod.CoreModEngine/COREMOD]: CoreMod loaded successfully
[30Nov2025 14:19:50.480] [main/DEBUG] [cpw.mods.modlauncher.TransformStore/MODLAUNCHER]: Adding transformer net.minecraftforge.coremod.transformer.CoreModMethodTransformer@55fee662 to Target : METHOD {Lnet/minecraft/client/gui/Gui;} {m_93028_} {(Lcom/mojang/blaze3d/vertex/PoseStack;)V}
[30Nov2025 14:19:50.481] [main/DEBUG] [cpw.mods.modlauncher.TransformStore/MODLAUNCHER]: Adding transformer net.minecraftforge.coremod.transformer.CoreModClassTransformer@68699afc to Target : CLASS {Lnet/minecraft/world/level/biome/Biome;} {} {V}
[30Nov2025 14:19:50.481] [main/DEBUG] [cpw.mods.modlauncher.TransformStore/MODLAUNCHER]: Adding transformer net.minecraftforge.coremod.transformer.CoreModClassTransformer@273a5a8a to Target : CLASS {Lnet/minecraft/world/level/levelgen/structure/Structure;} {} {V}
[30Nov2025 14:19:50.481] [main/DEBUG] [cpw.mods.modlauncher.TransformStore/MODLAUNCHER]: Adding transformer net.minecraftforge.coremod.transformer.CoreModClassTransformer@1823b9c4 to Target : CLASS {Lnet/minecraft/world/effect/MobEffectInstance;} {} {V}
[30Nov2025 14:19:50.482] [main/DEBUG] [cpw.mods.modlauncher.TransformStore/MODLAUNCHER]: Adding transformer net.minecraftforge.coremod.transformer.CoreModClassTransformer@5b5dce5c to Target : CLASS {Lnet/minecraft/world/level/block/LiquidBlock;} {} {V}
[30Nov2025 14:19:50.482] [main/DEBUG] [cpw.mods.modlauncher.TransformStore/MODLAUNCHER]: Adding transformer net.minecraftforge.coremod.transformer.CoreModClassTransformer@7f4701b1 to Target : CLASS {Lnet/minecraft/world/item/BucketItem;} {} {V}
[30Nov2025 14:19:50.482] [main/DEBUG] [cpw.mods.modlauncher.TransformStore/MODLAUNCHER]: Adding transformer net.minecraftforge.coremod.transformer.CoreModClassTransformer@adcfad9 to Target : CLASS {Lnet/minecraft/world/level/block/StairBlock;} {} {V}
[30Nov2025 14:19:50.482] [main/DEBUG] [cpw.mods.modlauncher.TransformStore/MODLAUNCHER]: Adding transformer net.minecraftforge.coremod.transformer.CoreModClassTransformer@fb49fdf to Target : CLASS {Lnet/minecraft/world/level/block/FlowerPotBlock;} {} {V}
[30Nov2025 14:19:50.482] [main/DEBUG] [cpw.mods.modlauncher.TransformStore/MODLAUNCHER]: Adding transformer net.minecraftforge.coremod.transformer.CoreModClassTransformer@3a2e9f5b to Target : CLASS {Lnet/minecraft/world/item/ItemStack;} {} {V}
[30Nov2025 14:19:50.482] [main/DEBUG] [cpw.mods.modlauncher.TransformStore/MODLAUNCHER]: Adding transformer net.minecraftforge.coremod.transformer.CoreModClassTransformer@7da34b26 to Target : CLASS {Lnet/minecraft/network/play/client/CClientSettingsPacket;} {} {V}
[30Nov2025 14:19:50.483] [main/DEBUG] [cpw.mods.modlauncher.TransformStore/MODLAUNCHER]: Adding transformer net.minecraftforge.coremod.transformer.CoreModClassTransformer@10c47c79 to Target : CLASS {Lnet/minecraft/world/entity/EntityType;} {} {V}
[30Nov2025 14:19:50.483] [main/DEBUG] [cpw.mods.modlauncher.TransformStore/MODLAUNCHER]: Adding transformer net.minecraftforge.coremod.transformer.CoreModClassTransformer@10c47c79 to Target : CLASS {Lnet/minecraft/world/entity/monster/Strider;} {} {V}
[30Nov2025 14:19:50.483] [main/DEBUG] [cpw.mods.modlauncher.TransformStore/MODLAUNCHER]: Adding transformer net.minecraftforge.coremod.transformer.CoreModClassTransformer@10c47c79 to Target : CLASS {Lnet/minecraft/world/entity/npc/CatSpawner;} {} {V}
[30Nov2025 14:19:50.483] [main/DEBUG] [cpw.mods.modlauncher.TransformStore/MODLAUNCHER]: Adding transformer net.minecraftforge.coremod.transformer.CoreModClassTransformer@10c47c79 to Target : CLASS {Lnet/minecraft/world/entity/monster/Spider;} {} {V}
[30Nov2025 14:19:50.483] [main/DEBUG] [cpw.mods.modlauncher.TransformStore/MODLAUNCHER]: Adding transformer net.minecraftforge.coremod.transformer.CoreModClassTransformer@10c47c79 to Target : CLASS {Lnet/minecraft/world/level/levelgen/structure/structures/OceanRuinPieces$OceanRuinPiece;} {} {V}
[30Nov2025 14:19:50.483] [main/DEBUG] [cpw.mods.modlauncher.TransformStore/MODLAUNCHER]: Adding transformer net.minecraftforge.coremod.transformer.CoreModClassTransformer@10c47c79 to Target : CLASS {Lnet/minecraft/world/level/levelgen/structure/structures/SwampHutPiece;} {} {V}
[30Nov2025 14:19:50.483] [main/DEBUG] [cpw.mods.modlauncher.TransformStore/MODLAUNCHER]: Adding transformer net.minecraftforge.coremod.transformer.CoreModClassTransformer@10c47c79 to Target : CLASS {Lnet/minecraft/world/level/levelgen/structure/structures/WoodlandMansionPieces$WoodlandMansionPiece;} {} {V}
[30Nov2025 14:19:50.483] [main/DEBUG] [cpw.mods.modlauncher.TransformStore/MODLAUNCHER]: Adding transformer net.minecraftforge.coremod.transformer.CoreModClassTransformer@10c47c79 to Target : CLASS {Lnet/minecraft/world/level/NaturalSpawner;} {} {V}
[30Nov2025 14:19:50.483] [main/DEBUG] [cpw.mods.modlauncher.TransformStore/MODLAUNCHER]: Adding transformer net.minecraftforge.coremod.transformer.CoreModClassTransformer@10c47c79 to Target : CLASS {Lnet/minecraft/world/entity/monster/Zombie;} {} {V}
[30Nov2025 14:19:50.484] [main/DEBUG] [cpw.mods.modlauncher.TransformStore/MODLAUNCHER]: Adding transformer net.minecraftforge.coremod.transformer.CoreModClassTransformer@10c47c79 to Target : CLASS {Lnet/minecraft/world/entity/animal/frog/Tadpole;} {} {V}
[30Nov2025 14:19:50.484] [main/DEBUG] [cpw.mods.modlauncher.TransformStore/MODLAUNCHER]: Adding transformer net.minecraftforge.coremod.transformer.CoreModClassTransformer@10c47c79 to Target : CLASS {Lnet/minecraft/server/commands/SummonCommand;} {} {V}
[30Nov2025 14:19:50.484] [main/DEBUG] [cpw.mods.modlauncher.TransformStore/MODLAUNCHER]: Adding transformer net.minecraftforge.coremod.transformer.CoreModClassTransformer@10c47c79 to Target : CLASS {Lnet/minecraft/world/entity/raid/Raid;} {} {V}
[30Nov2025 14:19:50.484] [main/DEBUG] [cpw.mods.modlauncher.TransformStore/MODLAUNCHER]: Adding transformer net.minecraftforge.coremod.transformer.CoreModClassTransformer@10c47c79 to Target : CLASS {Lnet/minecraft/world/entity/npc/Villager;} {} {V}
[30Nov2025 14:19:50.484] [main/DEBUG] [cpw.mods.modlauncher.TransformStore/MODLAUNCHER]: Adding transformer net.minecraftforge.coremod.transformer.CoreModClassTransformer@10c47c79 to Target : CLASS {Lnet/minecraft/world/entity/ai/village/VillageSiege;} {} {V}
[30Nov2025 14:19:50.484] [main/DEBUG] [cpw.mods.modlauncher.TransformStore/MODLAUNCHER]: Adding transformer net.minecraftforge.coremod.transformer.CoreModClassTransformer@10c47c79 to Target : CLASS {Lnet/minecraft/world/entity/animal/horse/SkeletonTrapGoal;} {} {V}
[30Nov2025 14:19:50.484] [main/DEBUG] [cpw.mods.modlauncher.TransformStore/MODLAUNCHER]: Adding transformer net.minecraftforge.coremod.transformer.CoreModClassTransformer@10c47c79 to Target : CLASS {Lnet/minecraft/world/level/levelgen/PatrolSpawner;} {} {V}
[30Nov2025 14:19:50.484] [main/DEBUG] [cpw.mods.modlauncher.TransformStore/MODLAUNCHER]: Adding transformer net.minecraftforge.coremod.transformer.CoreModClassTransformer@10c47c79 to Target : CLASS {Lnet/minecraft/world/entity/monster/Evoker$EvokerSummonSpellGoal;} {} {V}
[30Nov2025 14:19:50.484] [main/DEBUG] [cpw.mods.modlauncher.TransformStore/MODLAUNCHER]: Adding transformer net.minecraftforge.coremod.transformer.CoreModClassTransformer@10c47c79 to Target : CLASS {Lnet/minecraft/world/level/levelgen/structure/structures/OceanMonumentPieces$OceanMonumentPiece;} {} {V}
[30Nov2025 14:19:50.484] [main/DEBUG] [cpw.mods.modlauncher.TransformStore/MODLAUNCHER]: Adding transformer net.minecraftforge.coremod.transformer.CoreModClassTransformer@10c47c79 to Target : CLASS {Lnet/minecraft/world/level/levelgen/structure/templatesystem/StructureTemplate;} {} {V}
[30Nov2025 14:19:50.485] [main/DEBUG] [cpw.mods.modlauncher.TransformStore/MODLAUNCHER]: Adding transformer net.minecraftforge.coremod.transformer.CoreModClassTransformer@10c47c79 to Target : CLASS {Lnet/minecraft/server/commands/RaidCommand;} {} {V}
[30Nov2025 14:19:50.485] [main/DEBUG] [cpw.mods.modlauncher.TransformStore/MODLAUNCHER]: Adding transformer net.minecraftforge.coremod.transformer.CoreModClassTransformer@10c47c79 to Target : CLASS {Lnet/minecraft/world/entity/monster/ZombieVillager;} {} {V}
[30Nov2025 14:19:50.485] [main/DEBUG] [cpw.mods.modlauncher.TransformStore/MODLAUNCHER]: Adding transformer net.minecraftforge.coremod.transformer.CoreModClassTransformer@10c47c79 to Target : CLASS {Lnet/minecraft/world/level/levelgen/PhantomSpawner;} {} {V}
[30Nov2025 14:19:50.485] [main/DEBUG] [cpw.mods.modlauncher.TransformationServiceDecorator/MODLAUNCHER]: Initialized transformers for transformation service fml
[30Nov2025 14:19:52.119] [main/DEBUG] [mixin/]: Processing prepare() for PlatformAgent[MixinPlatformAgentDefault:ModLauncher Root Container(ModLauncher:4f56a0a2)]
[30Nov2025 14:19:52.119] [main/DEBUG] [mixin/]: Processing launch tasks for PlatformAgent[MixinPlatformAgentDefault:ModLauncher Root Container(ModLauncher:4f56a0a2)]
[30Nov2025 14:19:52.119] [main/DEBUG] [mixin/]: Adding mixin platform agents for container SecureJarResource(betterdungeons)
[30Nov2025 14:19:52.119] [main/DEBUG] [mixin/]: Instancing new MixinPlatformAgentMinecraftForge for SecureJarResource(betterdungeons)
[30Nov2025 14:19:52.119] [main/DEBUG] [mixin/]: MixinPlatformAgentMinecraftForge rejected container SecureJarResource(betterdungeons)
[30Nov2025 14:19:52.120] [main/DEBUG] [mixin/]: Instancing new MixinPlatformAgentDefault for SecureJarResource(betterdungeons)
[30Nov2025 14:19:52.120] [main/DEBUG] [mixin/]: MixinPlatformAgentDefault accepted container SecureJarResource(betterdungeons)
[30Nov2025 14:19:52.120] [main/DEBUG] [mixin/]: Processing prepare() for PlatformAgent[MixinPlatformAgentDefault:SecureJarResource(betterdungeons)]
[30Nov2025 14:19:52.120] [main/DEBUG] [mixin/]: Registering mixin config: betterdungeons.mixins.json
[30Nov2025 14:19:52.137] [main/DEBUG] [mixin/]: Compatibility level JAVA_17 specified by betterdungeons.mixins.json is higher than the maximum level supported by this version of mixin (JAVA_13).
[30Nov2025 14:19:52.144] [main/INFO] [mixin/]: Compatibility level set to JAVA_17
[30Nov2025 14:19:52.144] [main/DEBUG] [mixin/]: Registering mixin config: betterdungeons_forge.mixins.json
[30Nov2025 14:19:52.147] [main/DEBUG] [mixin/]: Adding mixin platform agents for container SecureJarResource(kuma_api)
[30Nov2025 14:19:52.147] [main/DEBUG] [mixin/]: Instancing new MixinPlatformAgentMinecraftForge for SecureJarResource(kuma_api)
[30Nov2025 14:19:52.147] [main/DEBUG] [mixin/]: MixinPlatformAgentMinecraftForge rejected container SecureJarResource(kuma_api)
[30Nov2025 14:19:52.147] [main/DEBUG] [mixin/]: Instancing new MixinPlatformAgentDefault for SecureJarResource(kuma_api)
[30Nov2025 14:19:52.148] [main/DEBUG] [mixin/]: MixinPlatformAgentDefault accepted container SecureJarResource(kuma_api)
[30Nov2025 14:19:52.148] [main/DEBUG] [mixin/]: Processing prepare() for PlatformAgent[MixinPlatformAgentDefault:SecureJarResource(kuma_api)]
[30Nov2025 14:19:52.148] [main/DEBUG] [mixin/]: Registering mixin config: kuma_api.mixins.json
[30Nov2025 14:19:52.150] [main/DEBUG] [mixin/]: Registering mixin config: kuma_api.forge.mixins.json
[30Nov2025 14:19:52.152] [main/DEBUG] [mixin/]: Adding mixin platform agents for container SecureJarResource(betterwitchhuts)
[30Nov2025 14:19:52.154] [main/DEBUG] [mixin/]: Instancing new MixinPlatformAgentMinecraftForge for SecureJarResource(betterwitchhuts)
[30Nov2025 14:19:52.154] [main/DEBUG] [mixin/]: MixinPlatformAgentMinecraftForge rejected container SecureJarResource(betterwitchhuts)
[30Nov2025 14:19:52.154] [main/DEBUG] [mixin/]: Instancing new MixinPlatformAgentDefault for SecureJarResource(betterwitchhuts)
[30Nov2025 14:19:52.154] [main/DEBUG] [mixin/]: MixinPlatformAgentDefault accepted container SecureJarResource(betterwitchhuts)
[30Nov2025 14:19:52.155] [main/DEBUG] [mixin/]: Processing prepare() for PlatformAgent[MixinPlatformAgentDefault:SecureJarResource(betterwitchhuts)]
[30Nov2025 14:19:52.155] [main/DEBUG] [mixin/]: Registering mixin config: betterwitchhuts.mixins.json
[30Nov2025 14:19:52.157] [main/DEBUG] [mixin/]: Registering mixin config: betterwitchhuts_forge.mixins.json
[30Nov2025 14:19:52.158] [main/DEBUG] [mixin/]: Adding mixin platform agents for container SecureJarResource(geckolib)
[30Nov2025 14:19:52.159] [main/DEBUG] [mixin/]: Instancing new MixinPlatformAgentMinecraftForge for SecureJarResource(geckolib)
[30Nov2025 14:19:52.159] [main/DEBUG] [mixin/]: MixinPlatformAgentMinecraftForge rejected container SecureJarResource(geckolib)
[30Nov2025 14:19:52.159] [main/DEBUG] [mixin/]: Instancing new MixinPlatformAgentDefault for SecureJarResource(geckolib)
[30Nov2025 14:19:52.159] [main/DEBUG] [mixin/]: MixinPlatformAgentDefault accepted container SecureJarResource(geckolib)
[30Nov2025 14:19:52.159] [main/DEBUG] [mixin/]: Processing prepare() for PlatformAgent[MixinPlatformAgentDefault:SecureJarResource(geckolib)]
[30Nov2025 14:19:52.159] [main/DEBUG] [mixin/]: Registering mixin config: geckolib.mixins.json
[30Nov2025 14:19:52.161] [main/DEBUG] [mixin/]: Adding mixin platform agents for container SecureJarResource(lithostitched)
[30Nov2025 14:19:52.162] [main/DEBUG] [mixin/]: Instancing new MixinPlatformAgentMinecraftForge for SecureJarResource(lithostitched)
[30Nov2025 14:19:52.162] [main/DEBUG] [mixin/]: MixinPlatformAgentMinecraftForge rejected container SecureJarResource(lithostitched)
[30Nov2025 14:19:52.162] [main/DEBUG] [mixin/]: Instancing new MixinPlatformAgentDefault for SecureJarResource(lithostitched)
[30Nov2025 14:19:52.162] [main/DEBUG] [mixin/]: MixinPlatformAgentDefault accepted container SecureJarResource(lithostitched)
[30Nov2025 14:19:52.162] [main/DEBUG] [mixin/]: Processing prepare() for PlatformAgent[MixinPlatformAgentDefault:SecureJarResource(lithostitched)]
[30Nov2025 14:19:52.163] [main/DEBUG] [mixin/]: Registering mixin config: lithostitched.mixins.json
[30Nov2025 14:19:52.164] [main/DEBUG] [mixin/]: Registering mixin config: lithostitched.forge.mixins.json
[30Nov2025 14:19:52.166] [main/DEBUG] [mixin/]: Adding mixin platform agents for container SecureJarResource(betteroceanmonuments)
[30Nov2025 14:19:52.167] [main/DEBUG] [mixin/]: Instancing new MixinPlatformAgentMinecraftForge for SecureJarResource(betteroceanmonuments)
[30Nov2025 14:19:52.167] [main/DEBUG] [mixin/]: MixinPlatformAgentMinecraftForge rejected container SecureJarResource(betteroceanmonuments)
[30Nov2025 14:19:52.167] [main/DEBUG] [mixin/]: Instancing new MixinPlatformAgentDefault for SecureJarResource(betteroceanmonuments)
[30Nov2025 14:19:52.167] [main/DEBUG] [mixin/]: MixinPlatformAgentDefault accepted container SecureJarResource(betteroceanmonuments)
[30Nov2025 14:19:52.167] [main/DEBUG] [mixin/]: Processing prepare() for PlatformAgent[MixinPlatformAgentDefault:SecureJarResource(betteroceanmonuments)]
[30Nov2025 14:19:52.167] [main/DEBUG] [mixin/]: Registering mixin config: betteroceanmonuments.mixins.json
[30Nov2025 14:19:52.169] [main/DEBUG] [mixin/]: Registering mixin config: betteroceanmonuments_forge.mixins.json
[30Nov2025 14:19:52.171] [main/DEBUG] [mixin/]: Adding mixin platform agents for container SecureJarResource(goblintraders)
[30Nov2025 14:19:52.171] [main/DEBUG] [mixin/]: Instancing new MixinPlatformAgentMinecraftForge for SecureJarResource(goblintraders)
[30Nov2025 14:19:52.171] [main/DEBUG] [mixin/]: MixinPlatformAgentMinecraftForge rejected container SecureJarResource(goblintraders)
[30Nov2025 14:19:52.171] [main/DEBUG] [mixin/]: Instancing new MixinPlatformAgentDefault for SecureJarResource(goblintraders)
[30Nov2025 14:19:52.171] [main/DEBUG] [mixin/]: MixinPlatformAgentDefault accepted container SecureJarResource(goblintraders)
[30Nov2025 14:19:52.171] [main/DEBUG] [mixin/]: Processing prepare() for PlatformAgent[MixinPlatformAgentDefault:SecureJarResource(goblintraders)]
[30Nov2025 14:19:52.171] [main/DEBUG] [mixin/]: Registering mixin config: goblintraders.common.mixins.json
[30Nov2025 14:19:52.173] [main/DEBUG] [mixin/]: Adding mixin platform agents for container SecureJarResource(mcwwindows)
[30Nov2025 14:19:52.173] [main/DEBUG] [mixin/]: Instancing new MixinPlatformAgentMinecraftForge for SecureJarResource(mcwwindows)
[30Nov2025 14:19:52.173] [main/DEBUG] [mixin/]: MixinPlatformAgentMinecraftForge rejected container SecureJarResource(mcwwindows)
[30Nov2025 14:19:52.174] [main/DEBUG] [mixin/]: Instancing new MixinPlatformAgentDefault for SecureJarResource(mcwwindows)
[30Nov2025 14:19:52.174] [main/DEBUG] [mixin/]: MixinPlatformAgentDefault accepted container SecureJarResource(mcwwindows)
[30Nov2025 14:19:52.174] [main/DEBUG] [mixin/]: Processing prepare() for PlatformAgent[MixinPlatformAgentDefault:SecureJarResource(mcwwindows)]
[30Nov2025 14:19:52.174] [main/DEBUG] [mixin/]: Adding mixin platform agents for container SecureJarResource(sophisticatedcore)
[30Nov2025 14:19:52.174] [main/DEBUG] [mixin/]: Instancing new MixinPlatformAgentMinecraftForge for SecureJarResource(sophisticatedcore)
[30Nov2025 14:19:52.174] [main/DEBUG] [mixin/]: MixinPlatformAgentMinecraftForge rejected container SecureJarResource(sophisticatedcore)
[30Nov2025 14:19:52.175] [main/DEBUG] [mixin/]: Instancing new MixinPlatformAgentDefault for SecureJarResource(sophisticatedcore)
[30Nov2025 14:19:52.175] [main/DEBUG] [mixin/]: MixinPlatformAgentDefault accepted container SecureJarResource(sophisticatedcore)
[30Nov2025 14:19:52.175] [main/DEBUG] [mixin/]: Processing prepare() for PlatformAgent[MixinPlatformAgentDefault:SecureJarResource(sophisticatedcore)]
[30Nov2025 14:19:52.175] [main/DEBUG] [mixin/]: Adding mixin platform agents for container SecureJarResource(waystones)
[30Nov2025 14:19:52.175] [main/DEBUG] [mixin/]: Instancing new MixinPlatformAgentMinecraftForge for SecureJarResource(waystones)
[30Nov2025 14:19:52.175] [main/DEBUG] [mixin/]: MixinPlatformAgentMinecraftForge rejected container SecureJarResource(waystones)
[30Nov2025 14:19:52.176] [main/DEBUG] [mixin/]: Instancing new MixinPlatformAgentDefault for SecureJarResource(waystones)
[30Nov2025 14:19:52.176] [main/DEBUG] [mixin/]: MixinPlatformAgentDefault accepted container SecureJarResource(waystones)
[30Nov2025 14:19:52.176] [main/DEBUG] [mixin/]: Processing prepare() for PlatformAgent[MixinPlatformAgentDefault:SecureJarResource(waystones)]
[30Nov2025 14:19:52.176] [main/DEBUG] [mixin/]: Registering mixin config: waystones.mixins.json
[30Nov2025 14:19:52.177] [main/DEBUG] [mixin/]: Adding mixin platform agents for container SecureJarResource(villagernames)
[30Nov2025 14:19:52.178] [main/DEBUG] [mixin/]: Instancing new MixinPlatformAgentMinecraftForge for SecureJarResource(villagernames)
[30Nov2025 14:19:52.178] [main/DEBUG] [mixin/]: MixinPlatformAgentMinecraftForge rejected container SecureJarResource(villagernames)
[30Nov2025 14:19:52.178] [main/DEBUG] [mixin/]: Instancing new MixinPlatformAgentDefault for SecureJarResource(villagernames)
[30Nov2025 14:19:52.178] [main/DEBUG] [mixin/]: MixinPlatformAgentDefault accepted container SecureJarResource(villagernames)
[30Nov2025 14:19:52.178] [main/DEBUG] [mixin/]: Processing prepare() for PlatformAgent[MixinPlatformAgentDefault:SecureJarResource(villagernames)]
[30Nov2025 14:19:52.178] [main/DEBUG] [mixin/]: Registering mixin config: villagernames_forge.mixins.json
[30Nov2025 14:19:52.180] [main/DEBUG] [mixin/]: Adding mixin platform agents for container SecureJarResource(mcwpaintings)
[30Nov2025 14:19:52.180] [main/DEBUG] [mixin/]: Instancing new MixinPlatformAgentMinecraftForge for SecureJarResource(mcwpaintings)
[30Nov2025 14:19:52.180] [main/DEBUG] [mixin/]: MixinPlatformAgentMinecraftForge rejected container SecureJarResource(mcwpaintings)
[30Nov2025 14:19:52.181] [main/DEBUG] [mixin/]: Instancing new MixinPlatformAgentDefault for SecureJarResource(mcwpaintings)
[30Nov2025 14:19:52.181] [main/DEBUG] [mixin/]: MixinPlatformAgentDefault accepted container SecureJarResource(mcwpaintings)
[30Nov2025 14:19:52.181] [main/DEBUG] [mixin/]: Processing prepare() for PlatformAgent[MixinPlatformAgentDefault:SecureJarResource(mcwpaintings)]
[30Nov2025 14:19:52.181] [main/DEBUG] [mixin/]: Adding mixin platform agents for container SecureJarResource(clumps)
[30Nov2025 14:19:52.181] [main/DEBUG] [mixin/]: Instancing new MixinPlatformAgentMinecraftForge for SecureJarResource(clumps)
[30Nov2025 14:19:52.181] [main/DEBUG] [mixin/]: MixinPlatformAgentMinecraftForge rejected container SecureJarResource(clumps)
[30Nov2025 14:19:52.181] [main/DEBUG] [mixin/]: Instancing new MixinPlatformAgentDefault for SecureJarResource(clumps)
[30Nov2025 14:19:52.182] [main/DEBUG] [mixin/]: MixinPlatformAgentDefault accepted container SecureJarResource(clumps)
[30Nov2025 14:19:52.182] [main/DEBUG] [mixin/]: Processing prepare() for PlatformAgent[MixinPlatformAgentDefault:SecureJarResource(clumps)]
[30Nov2025 14:19:52.182] [main/DEBUG] [mixin/]: Registering mixin config: clumps.mixins.json
[30Nov2025 14:19:52.184] [main/DEBUG] [mixin/]: Adding mixin platform agents for container SecureJarResource(journeymap)
[30Nov2025 14:19:52.184] [main/DEBUG] [mixin/]: Instancing new MixinPlatformAgentMinecraftForge for SecureJarResource(journeymap)
[30Nov2025 14:19:52.184] [main/DEBUG] [mixin/]: MixinPlatformAgentMinecraftForge rejected container SecureJarResource(journeymap)
[30Nov2025 14:19:52.184] [main/DEBUG] [mixin/]: Instancing new MixinPlatformAgentDefault for SecureJarResource(journeymap)
[30Nov2025 14:19:52.184] [main/DEBUG] [mixin/]: MixinPlatformAgentDefault accepted container SecureJarResource(journeymap)
[30Nov2025 14:19:52.184] [main/DEBUG] [mixin/]: Processing prepare() for PlatformAgent[MixinPlatformAgentDefault:SecureJarResource(journeymap)]
[30Nov2025 14:19:52.185] [main/DEBUG] [mixin/]: Registering mixin config: journeymap.mixins.json
[30Nov2025 14:19:52.187] [main/DEBUG] [mixin/]: Adding mixin platform agents for container SecureJarResource(yungscavebiomes)
[30Nov2025 14:19:52.187] [main/DEBUG] [mixin/]: Instancing new MixinPlatformAgentMinecraftForge for SecureJarResource(yungscavebiomes)
[30Nov2025 14:19:52.187] [main/DEBUG] [mixin/]: MixinPlatformAgentMinecraftForge rejected container SecureJarResource(yungscavebiomes)
[30Nov2025 14:19:52.187] [main/DEBUG] [mixin/]: Instancing new MixinPlatformAgentDefault for SecureJarResource(yungscavebiomes)
[30Nov2025 14:19:52.188] [main/DEBUG] [mixin/]: MixinPlatformAgentDefault accepted container SecureJarResource(yungscavebiomes)
[30Nov2025 14:19:52.188] [main/DEBUG] [mixin/]: Processing prepare() for PlatformAgent[MixinPlatformAgentDefault:SecureJarResource(yungscavebiomes)]
[30Nov2025 14:19:52.188] [main/DEBUG] [mixin/]: Registering mixin config: yungscavebiomes.mixins.json
[30Nov2025 14:19:52.190] [main/DEBUG] [mixin/]: Registering mixin config: yungscavebiomes_forge.mixins.json
[30Nov2025 14:19:52.191] [main/DEBUG] [mixin/]: Adding mixin platform agents for container SecureJarResource(citadel)
[30Nov2025 14:19:52.192] [main/DEBUG] [mixin/]: Instancing new MixinPlatformAgentMinecraftForge for SecureJarResource(citadel)
[30Nov2025 14:19:52.192] [main/DEBUG] [mixin/]: MixinPlatformAgentMinecraftForge rejected container SecureJarResource(citadel)
[30Nov2025 14:19:52.192] [main/DEBUG] [mixin/]: Instancing new MixinPlatformAgentDefault for SecureJarResource(citadel)
[30Nov2025 14:19:52.192] [main/DEBUG] [mixin/]: MixinPlatformAgentDefault accepted container SecureJarResource(citadel)
[30Nov2025 14:19:52.192] [main/DEBUG] [mixin/]: Processing prepare() for PlatformAgent[MixinPlatformAgentDefault:SecureJarResource(citadel)]
[30Nov2025 14:19:52.192] [main/DEBUG] [mixin/]: Registering mixin config: citadel.mixins.json
[30Nov2025 14:19:52.194] [main/DEBUG] [mixin/]: Adding mixin platform agents for container SecureJarResource(artifacts)
[30Nov2025 14:19:52.194] [main/DEBUG] [mixin/]: Instancing new MixinPlatformAgentMinecraftForge for SecureJarResource(artifacts)
[30Nov2025 14:19:52.195] [main/DEBUG] [mixin/]: MixinPlatformAgentMinecraftForge rejected container SecureJarResource(artifacts)
[30Nov2025 14:19:52.195] [main/DEBUG] [mixin/]: Instancing new MixinPlatformAgentDefault for SecureJarResource(artifacts)
[30Nov2025 14:19:52.195] [main/DEBUG] [mixin/]: MixinPlatformAgentDefault accepted container SecureJarResource(artifacts)
[30Nov2025 14:19:52.195] [main/DEBUG] [mixin/]: Processing prepare() for PlatformAgent[MixinPlatformAgentDefault:SecureJarResource(artifacts)]
[30Nov2025 14:19:52.195] [main/DEBUG] [mixin/]: Registering mixin config: mixins.artifacts.common.json
[30Nov2025 14:19:52.197] [main/DEBUG] [mixin/]: Registering mixin config: mixins.artifacts.forge.json
[30Nov2025 14:19:52.198] [main/DEBUG] [mixin/]: Adding mixin platform agents for container SecureJarResource(yungsapi)
[30Nov2025 14:19:52.199] [main/DEBUG] [mixin/]: Instancing new MixinPlatformAgentMinecraftForge for SecureJarResource(yungsapi)
[30Nov2025 14:19:52.199] [main/DEBUG] [mixin/]: MixinPlatformAgentMinecraftForge rejected container SecureJarResource(yungsapi)
[30Nov2025 14:19:52.199] [main/DEBUG] [mixin/]: Instancing new MixinPlatformAgentDefault for SecureJarResource(yungsapi)
[30Nov2025 14:19:52.199] [main/DEBUG] [mixin/]: MixinPlatformAgentDefault accepted container SecureJarResource(yungsapi)
[30Nov2025 14:19:52.199] [main/DEBUG] [mixin/]: Processing prepare() for PlatformAgent[MixinPlatformAgentDefault:SecureJarResource(yungsapi)]
[30Nov2025 14:19:52.199] [main/DEBUG] [mixin/]: Registering mixin config: yungsapi.mixins.json
[30Nov2025 14:19:52.201] [main/DEBUG] [mixin/]: Registering mixin config: yungsapi_forge.mixins.json
[30Nov2025 14:19:52.203] [main/DEBUG] [mixin/]: Adding mixin platform agents for container SecureJarResource(mcwstairs)
[30Nov2025 14:19:52.203] [main/DEBUG] [mixin/]: Instancing new MixinPlatformAgentMinecraftForge for SecureJarResource(mcwstairs)
[30Nov2025 14:19:52.203] [main/DEBUG] [mixin/]: MixinPlatformAgentMinecraftForge rejected container SecureJarResource(mcwstairs)
[30Nov2025 14:19:52.203] [main/DEBUG] [mixin/]: Instancing new MixinPlatformAgentDefault for SecureJarResource(mcwstairs)
[30Nov2025 14:19:52.203] [main/DEBUG] [mixin/]: MixinPlatformAgentDefault accepted container SecureJarResource(mcwstairs)
[30Nov2025 14:19:52.203] [main/DEBUG] [mixin/]: Processing prepare() for PlatformAgent[MixinPlatformAgentDefault:SecureJarResource(mcwstairs)]
[30Nov2025 14:19:52.203] [main/DEBUG] [mixin/]: Adding mixin platform agents for container SecureJarResource(mixinextras)
[30Nov2025 14:19:52.203] [main/DEBUG] [mixin/]: Instancing new MixinPlatformAgentMinecraftForge for SecureJarResource(mixinextras)
[30Nov2025 14:19:52.203] [main/DEBUG] [mixin/]: MixinPlatformAgentMinecraftForge rejected container SecureJarResource(mixinextras)
[30Nov2025 14:19:52.204] [main/DEBUG] [mixin/]: Instancing new MixinPlatformAgentDefault for SecureJarResource(mixinextras)
[30Nov2025 14:19:52.204] [main/DEBUG] [mixin/]: MixinPlatformAgentDefault accepted container SecureJarResource(mixinextras)
[30Nov2025 14:19:52.204] [main/DEBUG] [mixin/]: Processing prepare() for PlatformAgent[MixinPlatformAgentDefault:SecureJarResource(mixinextras)]
[30Nov2025 14:19:52.204] [main/DEBUG] [mixin/]: Registering mixin config: mixinextras.init.mixins.json
[30Nov2025 14:19:52.205] [main/DEBUG] [mixin/]: Adding mixin platform agents for container SecureJarResource(bookshelf)
[30Nov2025 14:19:52.205] [main/DEBUG] [mixin/]: Instancing new MixinPlatformAgentMinecraftForge for SecureJarResource(bookshelf)
[30Nov2025 14:19:52.205] [main/DEBUG] [mixin/]: MixinPlatformAgentMinecraftForge rejected container SecureJarResource(bookshelf)
[30Nov2025 14:19:52.205] [main/DEBUG] [mixin/]: Instancing new MixinPlatformAgentDefault for SecureJarResource(bookshelf)
[30Nov2025 14:19:52.205] [main/DEBUG] [mixin/]: MixinPlatformAgentDefault accepted container SecureJarResource(bookshelf)
[30Nov2025 14:19:52.205] [main/DEBUG] [mixin/]: Processing prepare() for PlatformAgent[MixinPlatformAgentDefault:SecureJarResource(bookshelf)]
[30Nov2025 14:19:52.205] [main/DEBUG] [mixin/]: Registering mixin config: bookshelf.common.mixins.json
[30Nov2025 14:19:52.207] [main/DEBUG] [mixin/]: Registering mixin config: bookshelf.forge.mixins.json
[30Nov2025 14:19:52.208] [main/DEBUG] [mixin/]: Adding mixin platform agents for container SecureJarResource(sophisticatedbackpacks)
[30Nov2025 14:19:52.208] [main/DEBUG] [mixin/]: Instancing new MixinPlatformAgentMinecraftForge for SecureJarResource(sophisticatedbackpacks)
[30Nov2025 14:19:52.208] [main/DEBUG] [mixin/]: MixinPlatformAgentMinecraftForge rejected container SecureJarResource(sophisticatedbackpacks)
[30Nov2025 14:19:52.208] [main/DEBUG] [mixin/]: Instancing new MixinPlatformAgentDefault for SecureJarResource(sophisticatedbackpacks)
[30Nov2025 14:19:52.208] [main/DEBUG] [mixin/]: MixinPlatformAgentDefault accepted container SecureJarResource(sophisticatedbackpacks)
[30Nov2025 14:19:52.208] [main/DEBUG] [mixin/]: Processing prepare() for PlatformAgent[MixinPlatformAgentDefault:SecureJarResource(sophisticatedbackpacks)]
[30Nov2025 14:19:52.208] [main/DEBUG] [mixin/]: Adding mixin platform agents for container SecureJarResource(betterdeserttemples)
[30Nov2025 14:19:52.209] [main/DEBUG] [mixin/]: Instancing new MixinPlatformAgentMinecraftForge for SecureJarResource(betterdeserttemples)
[30Nov2025 14:19:52.209] [main/DEBUG] [mixin/]: MixinPlatformAgentMinecraftForge rejected container SecureJarResource(betterdeserttemples)
[30Nov2025 14:19:52.209] [main/DEBUG] [mixin/]: Instancing new MixinPlatformAgentDefault for SecureJarResource(betterdeserttemples)
[30Nov2025 14:19:52.209] [main/DEBUG] [mixin/]: MixinPlatformAgentDefault accepted container SecureJarResource(betterdeserttemples)
[30Nov2025 14:19:52.209] [main/DEBUG] [mixin/]: Processing prepare() for PlatformAgent[MixinPlatformAgentDefault:SecureJarResource(betterdeserttemples)]
[30Nov2025 14:19:52.209] [main/DEBUG] [mixin/]: Registering mixin config: betterdeserttemples.mixins.json
[30Nov2025 14:19:52.210] [main/DEBUG] [mixin/]: Registering mixin config: betterdeserttemples_forge.mixins.json
[30Nov2025 14:19:52.212] [main/DEBUG] [mixin/]: Adding mixin platform agents for container SecureJarResource(mcwdoors)
[30Nov2025 14:19:52.212] [main/DEBUG] [mixin/]: Instancing new MixinPlatformAgentMinecraftForge for SecureJarResource(mcwdoors)
[30Nov2025 14:19:52.212] [main/DEBUG] [mixin/]: MixinPlatformAgentMinecraftForge rejected container SecureJarResource(mcwdoors)
[30Nov2025 14:19:52.212] [main/DEBUG] [mixin/]: Instancing new MixinPlatformAgentDefault for SecureJarResource(mcwdoors)
[30Nov2025 14:19:52.212] [main/DEBUG] [mixin/]: MixinPlatformAgentDefault accepted container SecureJarResource(mcwdoors)
[30Nov2025 14:19:52.212] [main/DEBUG] [mixin/]: Processing prepare() for PlatformAgent[MixinPlatformAgentDefault:SecureJarResource(mcwdoors)]
[30Nov2025 14:19:52.212] [main/DEBUG] [mixin/]: Adding mixin platform agents for container SecureJarResource(balm)
[30Nov2025 14:19:52.212] [main/DEBUG] [mixin/]: Instancing new MixinPlatformAgentMinecraftForge for SecureJarResource(balm)
[30Nov2025 14:19:52.212] [main/DEBUG] [mixin/]: MixinPlatformAgentMinecraftForge rejected container SecureJarResource(balm)
[30Nov2025 14:19:52.212] [main/DEBUG] [mixin/]: Instancing new MixinPlatformAgentDefault for SecureJarResource(balm)
[30Nov2025 14:19:52.212] [main/DEBUG] [mixin/]: MixinPlatformAgentDefault accepted container SecureJarResource(balm)
[30Nov2025 14:19:52.212] [main/DEBUG] [mixin/]: Processing prepare() for PlatformAgent[MixinPlatformAgentDefault:SecureJarResource(balm)]
[30Nov2025 14:19:52.212] [main/DEBUG] [mixin/]: Registering mixin config: balm.mixins.json
[30Nov2025 14:19:52.214] [main/DEBUG] [mixin/]: Adding mixin platform agents for container SecureJarResource(carryon)
[30Nov2025 14:19:52.214] [main/DEBUG] [mixin/]: Instancing new MixinPlatformAgentMinecraftForge for SecureJarResource(carryon)
[30Nov2025 14:19:52.214] [main/DEBUG] [mixin/]: MixinPlatformAgentMinecraftForge rejected container SecureJarResource(carryon)
[30Nov2025 14:19:52.214] [main/DEBUG] [mixin/]: Instancing new MixinPlatformAgentDefault for SecureJarResource(carryon)
[30Nov2025 14:19:52.214] [main/DEBUG] [mixin/]: MixinPlatformAgentDefault accepted container SecureJarResource(carryon)
[30Nov2025 14:19:52.215] [main/DEBUG] [mixin/]: Processing prepare() for PlatformAgent[MixinPlatformAgentDefault:SecureJarResource(carryon)]
[30Nov2025 14:19:52.215] [main/DEBUG] [mixin/]: Registering mixin config: carryon.mixins.json
[30Nov2025 14:19:52.217] [main/DEBUG] [mixin/]: Registering mixin config: carryon.forge.mixins.json
[30Nov2025 14:19:52.218] [main/DEBUG] [mixin/]: Adding mixin platform agents for container SecureJarResource(betterfortresses)
[30Nov2025 14:19:52.218] [main/DEBUG] [mixin/]: Instancing new MixinPlatformAgentMinecraftForge for SecureJarResource(betterfortresses)
[30Nov2025 14:19:52.218] [main/DEBUG] [mixin/]: MixinPlatformAgentMinecraftForge rejected container SecureJarResource(betterfortresses)
[30Nov2025 14:19:52.218] [main/DEBUG] [mixin/]: Instancing new MixinPlatformAgentDefault for SecureJarResource(betterfortresses)
[30Nov2025 14:19:52.218] [main/DEBUG] [mixin/]: MixinPlatformAgentDefault accepted container SecureJarResource(betterfortresses)
[30Nov2025 14:19:52.218] [main/DEBUG] [mixin/]: Processing prepare() for PlatformAgent[MixinPlatformAgentDefault:SecureJarResource(betterfortresses)]
[30Nov2025 14:19:52.218] [main/DEBUG] [mixin/]: Registering mixin config: betterfortresses.mixins.json
[30Nov2025 14:19:52.219] [main/DEBUG] [mixin/]: Registering mixin config: betterfortresses_forge.mixins.json
[30Nov2025 14:19:52.221] [main/DEBUG] [mixin/]: Adding mixin platform agents for container SecureJarResource(cloth_config)
[30Nov2025 14:19:52.221] [main/DEBUG] [mixin/]: Instancing new MixinPlatformAgentMinecraftForge for SecureJarResource(cloth_config)
[30Nov2025 14:19:52.221] [main/DEBUG] [mixin/]: MixinPlatformAgentMinecraftForge rejected container SecureJarResource(cloth_config)
[30Nov2025 14:19:52.221] [main/DEBUG] [mixin/]: Instancing new MixinPlatformAgentDefault for SecureJarResource(cloth_config)
[30Nov2025 14:19:52.221] [main/DEBUG] [mixin/]: MixinPlatformAgentDefault accepted container SecureJarResource(cloth_config)
[30Nov2025 14:19:52.221] [main/DEBUG] [mixin/]: Processing prepare() for PlatformAgent[MixinPlatformAgentDefault:SecureJarResource(cloth_config)]
[30Nov2025 14:19:52.221] [main/DEBUG] [mixin/]: Adding mixin platform agents for container SecureJarResource(forge)
[30Nov2025 14:19:52.221] [main/DEBUG] [mixin/]: Instancing new MixinPlatformAgentMinecraftForge for SecureJarResource(forge)
[30Nov2025 14:19:52.221] [main/DEBUG] [mixin/]: MixinPlatformAgentMinecraftForge rejected container SecureJarResource(forge)
[30Nov2025 14:19:52.221] [main/DEBUG] [mixin/]: Instancing new MixinPlatformAgentDefault for SecureJarResource(forge)
[30Nov2025 14:19:52.221] [main/DEBUG] [mixin/]: MixinPlatformAgentDefault accepted container SecureJarResource(forge)
[30Nov2025 14:19:52.221] [main/DEBUG] [mixin/]: Processing prepare() for PlatformAgent[MixinPlatformAgentDefault:SecureJarResource(forge)]
[30Nov2025 14:19:52.221] [main/DEBUG] [mixin/]: Adding mixin platform agents for container SecureJarResource(ctov)
[30Nov2025 14:19:52.221] [main/DEBUG] [mixin/]: Instancing new MixinPlatformAgentMinecraftForge for SecureJarResource(ctov)
[30Nov2025 14:19:52.221] [main/DEBUG] [mixin/]: MixinPlatformAgentMinecraftForge rejected container SecureJarResource(ctov)
[30Nov2025 14:19:52.221] [main/DEBUG] [mixin/]: Instancing new MixinPlatformAgentDefault for SecureJarResource(ctov)
[30Nov2025 14:19:52.221] [main/DEBUG] [mixin/]: MixinPlatformAgentDefault accepted container SecureJarResource(ctov)
[30Nov2025 14:19:52.221] [main/DEBUG] [mixin/]: Processing prepare() for PlatformAgent[MixinPlatformAgentDefault:SecureJarResource(ctov)]
[30Nov2025 14:19:52.221] [main/DEBUG] [mixin/]: Adding mixin platform agents for container SecureJarResource(mcwpaths)
[30Nov2025 14:19:52.222] [main/DEBUG] [mixin/]: Instancing new MixinPlatformAgentMinecraftForge for SecureJarResource(mcwpaths)
[30Nov2025 14:19:52.222] [main/DEBUG] [mixin/]: MixinPlatformAgentMinecraftForge rejected container SecureJarResource(mcwpaths)
[30Nov2025 14:19:52.222] [main/DEBUG] [mixin/]: Instancing new MixinPlatformAgentDefault for SecureJarResource(mcwpaths)
[30Nov2025 14:19:52.222] [main/DEBUG] [mixin/]: MixinPlatformAgentDefault accepted container SecureJarResource(mcwpaths)
[30Nov2025 14:19:52.222] [main/DEBUG] [mixin/]: Processing prepare() for PlatformAgent[MixinPlatformAgentDefault:SecureJarResource(mcwpaths)]
[30Nov2025 14:19:52.222] [main/DEBUG] [mixin/]: Adding mixin platform agents for container SecureJarResource(dungeons_arise)
[30Nov2025 14:19:52.222] [main/DEBUG] [mixin/]: Instancing new MixinPlatformAgentMinecraftForge for SecureJarResource(dungeons_arise)
[30Nov2025 14:19:52.222] [main/DEBUG] [mixin/]: MixinPlatformAgentMinecraftForge rejected container SecureJarResource(dungeons_arise)
[30Nov2025 14:19:52.222] [main/DEBUG] [mixin/]: Instancing new MixinPlatformAgentDefault for SecureJarResource(dungeons_arise)
[30Nov2025 14:19:52.222] [main/DEBUG] [mixin/]: MixinPlatformAgentDefault accepted container SecureJarResource(dungeons_arise)
[30Nov2025 14:19:52.222] [main/DEBUG] [mixin/]: Processing prepare() for PlatformAgent[MixinPlatformAgentDefault:SecureJarResource(dungeons_arise)]
[30Nov2025 14:19:52.222] [main/DEBUG] [mixin/]: Adding mixin platform agents for container SecureJarResource(minecraft)
[30Nov2025 14:19:52.222] [main/DEBUG] [mixin/]: Instancing new MixinPlatformAgentMinecraftForge for SecureJarResource(minecraft)
[30Nov2025 14:19:52.222] [main/DEBUG] [mixin/]: MixinPlatformAgentMinecraftForge rejected container SecureJarResource(minecraft)
[30Nov2025 14:19:52.222] [main/DEBUG] [mixin/]: Instancing new MixinPlatformAgentDefault for SecureJarResource(minecraft)
[30Nov2025 14:19:52.222] [main/DEBUG] [mixin/]: MixinPlatformAgentDefault accepted container SecureJarResource(minecraft)
[30Nov2025 14:19:52.222] [main/DEBUG] [mixin/]: Processing prepare() for PlatformAgent[MixinPlatformAgentDefault:SecureJarResource(minecraft)]
[30Nov2025 14:19:52.222] [main/DEBUG] [mixin/]: Adding mixin platform agents for container SecureJarResource(mcwbridges)
[30Nov2025 14:19:52.222] [main/DEBUG] [mixin/]: Instancing new MixinPlatformAgentMinecraftForge for SecureJarResource(mcwbridges)
[30Nov2025 14:19:52.223] [main/DEBUG] [mixin/]: MixinPlatformAgentMinecraftForge rejected container SecureJarResource(mcwbridges)
[30Nov2025 14:19:52.223] [main/DEBUG] [mixin/]: Instancing new MixinPlatformAgentDefault for SecureJarResource(mcwbridges)
[30Nov2025 14:19:52.223] [main/DEBUG] [mixin/]: MixinPlatformAgentDefault accepted container SecureJarResource(mcwbridges)
[30Nov2025 14:19:52.223] [main/DEBUG] [mixin/]: Processing prepare() for PlatformAgent[MixinPlatformAgentDefault:SecureJarResource(mcwbridges)]
[30Nov2025 14:19:52.223] [main/DEBUG] [mixin/]: Adding mixin platform agents for container SecureJarResource(alexscaves)
[30Nov2025 14:19:52.223] [main/DEBUG] [mixin/]: Instancing new MixinPlatformAgentMinecraftForge for SecureJarResource(alexscaves)
[30Nov2025 14:19:52.223] [main/DEBUG] [mixin/]: MixinPlatformAgentMinecraftForge rejected container SecureJarResource(alexscaves)
[30Nov2025 14:19:52.223] [main/DEBUG] [mixin/]: Instancing new MixinPlatformAgentDefault for SecureJarResource(alexscaves)
[30Nov2025 14:19:52.223] [main/DEBUG] [mixin/]: MixinPlatformAgentDefault accepted container SecureJarResource(alexscaves)
[30Nov2025 14:19:52.223] [main/DEBUG] [mixin/]: Processing prepare() for PlatformAgent[MixinPlatformAgentDefault:SecureJarResource(alexscaves)]
[30Nov2025 14:19:52.223] [main/DEBUG] [mixin/]: Registering mixin config: citadel.mixins.json
[30Nov2025 14:19:52.223] [main/DEBUG] [mixin/]: Registering mixin config: alexscaves.mixins.json
[30Nov2025 14:19:52.260] [main/DEBUG] [mixin/]: Adding mixin platform agents for container SecureJarResource(trade_cycling)
[30Nov2025 14:19:52.260] [main/DEBUG] [mixin/]: Instancing new MixinPlatformAgentMinecraftForge for SecureJarResource(trade_cycling)
[30Nov2025 14:19:52.260] [main/DEBUG] [mixin/]: MixinPlatformAgentMinecraftForge rejected container SecureJarResource(trade_cycling)
[30Nov2025 14:19:52.260] [main/DEBUG] [mixin/]: Instancing new MixinPlatformAgentDefault for SecureJarResource(trade_cycling)
[30Nov2025 14:19:52.260] [main/DEBUG] [mixin/]: MixinPlatformAgentDefault accepted container SecureJarResource(trade_cycling)
[30Nov2025 14:19:52.260] [main/DEBUG] [mixin/]: Processing prepare() for PlatformAgent[MixinPlatformAgentDefault:SecureJarResource(trade_cycling)]
[30Nov2025 14:19:52.260] [main/DEBUG] [mixin/]: Adding mixin platform agents for container SecureJarResource(enchdesc)
[30Nov2025 14:19:52.260] [main/DEBUG] [mixin/]: Instancing new MixinPlatformAgentMinecraftForge for SecureJarResource(enchdesc)
[30Nov2025 14:19:52.260] [main/DEBUG] [mixin/]: MixinPlatformAgentMinecraftForge rejected container SecureJarResource(enchdesc)
[30Nov2025 14:19:52.261] [main/DEBUG] [mixin/]: Instancing new MixinPlatformAgentDefault for SecureJarResource(enchdesc)
[30Nov2025 14:19:52.261] [main/DEBUG] [mixin/]: MixinPlatformAgentDefault accepted container SecureJarResource(enchdesc)
[30Nov2025 14:19:52.261] [main/DEBUG] [mixin/]: Processing prepare() for PlatformAgent[MixinPlatformAgentDefault:SecureJarResource(enchdesc)]
[30Nov2025 14:19:52.261] [main/DEBUG] [mixin/]: Adding mixin platform agents for container SecureJarResource(terrablender)
[30Nov2025 14:19:52.261] [main/DEBUG] [mixin/]: Instancing new MixinPlatformAgentMinecraftForge for SecureJarResource(terrablender)
[30Nov2025 14:19:52.261] [main/DEBUG] [mixin/]: MixinPlatformAgentMinecraftForge rejected container SecureJarResource(terrablender)
[30Nov2025 14:19:52.261] [main/DEBUG] [mixin/]: Instancing new MixinPlatformAgentDefault for SecureJarResource(terrablender)
[30Nov2025 14:19:52.261] [main/DEBUG] [mixin/]: MixinPlatformAgentDefault accepted container SecureJarResource(terrablender)
[30Nov2025 14:19:52.261] [main/DEBUG] [mixin/]: Processing prepare() for PlatformAgent[MixinPlatformAgentDefault:SecureJarResource(terrablender)]
[30Nov2025 14:19:52.261] [main/DEBUG] [mixin/]: Registering mixin config: terrablender.mixins.json
[30Nov2025 14:19:52.262] [main/DEBUG] [mixin/]: Registering mixin config: terrablender_forge.mixins.json
[30Nov2025 14:19:52.264] [main/DEBUG] [mixin/]: Adding mixin platform agents for container SecureJarResource(mcwtrpdoors)
[30Nov2025 14:19:52.264] [main/DEBUG] [mixin/]: Instancing new MixinPlatformAgentMinecraftForge for SecureJarResource(mcwtrpdoors)
[30Nov2025 14:19:52.264] [main/DEBUG] [mixin/]: MixinPlatformAgentMinecraftForge rejected container SecureJarResource(mcwtrpdoors)
[30Nov2025 14:19:52.264] [main/DEBUG] [mixin/]: Instancing new MixinPlatformAgentDefault for SecureJarResource(mcwtrpdoors)
[30Nov2025 14:19:52.264] [main/DEBUG] [mixin/]: MixinPlatformAgentDefault accepted container SecureJarResource(mcwtrpdoors)
[30Nov2025 14:19:52.264] [main/DEBUG] [mixin/]: Processing prepare() for PlatformAgent[MixinPlatformAgentDefault:SecureJarResource(mcwtrpdoors)]
[30Nov2025 14:19:52.264] [main/DEBUG] [mixin/]: Adding mixin platform agents for container SecureJarResource(mcwfences)
[30Nov2025 14:19:52.264] [main/DEBUG] [mixin/]: Instancing new MixinPlatformAgentMinecraftForge for SecureJarResource(mcwfences)
[30Nov2025 14:19:52.264] [main/DEBUG] [mixin/]: MixinPlatformAgentMinecraftForge rejected container SecureJarResource(mcwfences)
[30Nov2025 14:19:52.264] [main/DEBUG] [mixin/]: Instancing new MixinPlatformAgentDefault for SecureJarResource(mcwfences)
[30Nov2025 14:19:52.264] [main/DEBUG] [mixin/]: MixinPlatformAgentDefault accepted container SecureJarResource(mcwfences)
[30Nov2025 14:19:52.264] [main/DEBUG] [mixin/]: Processing prepare() for PlatformAgent[MixinPlatformAgentDefault:SecureJarResource(mcwfences)]
[30Nov2025 14:19:52.264] [main/DEBUG] [mixin/]: Adding mixin platform agents for container SecureJarResource(yungsbridges)
[30Nov2025 14:19:52.264] [main/DEBUG] [mixin/]: Instancing new MixinPlatformAgentMinecraftForge for SecureJarResource(yungsbridges)
[30Nov2025 14:19:52.264] [main/DEBUG] [mixin/]: MixinPlatformAgentMinecraftForge rejected container SecureJarResource(yungsbridges)
[30Nov2025 14:19:52.264] [main/DEBUG] [mixin/]: Instancing new MixinPlatformAgentDefault for SecureJarResource(yungsbridges)
[30Nov2025 14:19:52.264] [main/DEBUG] [mixin/]: MixinPlatformAgentDefault accepted container SecureJarResource(yungsbridges)
[30Nov2025 14:19:52.264] [main/DEBUG] [mixin/]: Processing prepare() for PlatformAgent[MixinPlatformAgentDefault:SecureJarResource(yungsbridges)]
[30Nov2025 14:19:52.265] [main/DEBUG] [mixin/]: Registering mixin config: yungsbridges.mixins.json
[30Nov2025 14:19:52.266] [main/DEBUG] [mixin/]: Registering mixin config: yungsbridges_forge.mixins.json
[30Nov2025 14:19:52.267] [main/DEBUG] [mixin/]: Adding mixin platform agents for container SecureJarResource(born_in_chaos_v1)
[30Nov2025 14:19:52.267] [main/DEBUG] [mixin/]: Instancing new MixinPlatformAgentMinecraftForge for SecureJarResource(born_in_chaos_v1)
[30Nov2025 14:19:52.267] [main/DEBUG] [mixin/]: MixinPlatformAgentMinecraftForge rejected container SecureJarResource(born_in_chaos_v1)
[30Nov2025 14:19:52.267] [main/DEBUG] [mixin/]: Instancing new MixinPlatformAgentDefault for SecureJarResource(born_in_chaos_v1)
[30Nov2025 14:19:52.267] [main/DEBUG] [mixin/]: MixinPlatformAgentDefault accepted container SecureJarResource(born_in_chaos_v1)
[30Nov2025 14:19:52.267] [main/DEBUG] [mixin/]: Processing prepare() for PlatformAgent[MixinPlatformAgentDefault:SecureJarResource(born_in_chaos_v1)]
[30Nov2025 14:19:52.267] [main/DEBUG] [mixin/]: Adding mixin platform agents for container SecureJarResource(curios)
[30Nov2025 14:19:52.267] [main/DEBUG] [mixin/]: Instancing new MixinPlatformAgentMinecraftForge for SecureJarResource(curios)
[30Nov2025 14:19:52.267] [main/DEBUG] [mixin/]: MixinPlatformAgentMinecraftForge rejected container SecureJarResource(curios)
[30Nov2025 14:19:52.267] [main/DEBUG] [mixin/]: Instancing new MixinPlatformAgentDefault for SecureJarResource(curios)
[30Nov2025 14:19:52.267] [main/DEBUG] [mixin/]: MixinPlatformAgentDefault accepted container SecureJarResource(curios)
[30Nov2025 14:19:52.267] [main/DEBUG] [mixin/]: Processing prepare() for PlatformAgent[MixinPlatformAgentDefault:SecureJarResource(curios)]
[30Nov2025 14:19:52.267] [main/DEBUG] [mixin/]: Registering mixin config: curios.mixins.json
[30Nov2025 14:19:52.269] [main/DEBUG] [mixin/]: Adding mixin platform agents for container SecureJarResource(collective)
[30Nov2025 14:19:52.269] [main/DEBUG] [mixin/]: Instancing new MixinPlatformAgentMinecraftForge for SecureJarResource(collective)
[30Nov2025 14:19:52.269] [main/DEBUG] [mixin/]: MixinPlatformAgentMinecraftForge rejected container SecureJarResource(collective)
[30Nov2025 14:19:52.269] [main/DEBUG] [mixin/]: Instancing new MixinPlatformAgentDefault for SecureJarResource(collective)
[30Nov2025 14:19:52.269] [main/DEBUG] [mixin/]: MixinPlatformAgentDefault accepted container SecureJarResource(collective)
[30Nov2025 14:19:52.269] [main/DEBUG] [mixin/]: Processing prepare() for PlatformAgent[MixinPlatformAgentDefault:SecureJarResource(collective)]
[30Nov2025 14:19:52.269] [main/DEBUG] [mixin/]: Registering mixin config: collective_forge.mixins.json
[30Nov2025 14:19:52.270] [main/DEBUG] [mixin/]: Adding mixin platform agents for container SecureJarResource(yungsextras)
[30Nov2025 14:19:52.270] [main/DEBUG] [mixin/]: Instancing new MixinPlatformAgentMinecraftForge for SecureJarResource(yungsextras)
[30Nov2025 14:19:52.270] [main/DEBUG] [mixin/]: MixinPlatformAgentMinecraftForge rejected container SecureJarResource(yungsextras)
[30Nov2025 14:19:52.270] [main/DEBUG] [mixin/]: Instancing new MixinPlatformAgentDefault for SecureJarResource(yungsextras)
[30Nov2025 14:19:52.270] [main/DEBUG] [mixin/]: MixinPlatformAgentDefault accepted container SecureJarResource(yungsextras)
[30Nov2025 14:19:52.270] [main/DEBUG] [mixin/]: Processing prepare() for PlatformAgent[MixinPlatformAgentDefault:SecureJarResource(yungsextras)]
[30Nov2025 14:19:52.270] [main/DEBUG] [mixin/]: Registering mixin config: yungsextras.mixins.json
[30Nov2025 14:19:52.271] [main/DEBUG] [mixin/]: Registering mixin config: yungsextras_forge.mixins.json
[30Nov2025 14:19:52.273] [main/DEBUG] [mixin/]: Adding mixin platform agents for container SecureJarResource(betterstrongholds)
[30Nov2025 14:19:52.273] [main/DEBUG] [mixin/]: Instancing new MixinPlatformAgentMinecraftForge for SecureJarResource(betterstrongholds)
[30Nov2025 14:19:52.273] [main/DEBUG] [mixin/]: MixinPlatformAgentMinecraftForge rejected container SecureJarResource(betterstrongholds)
[30Nov2025 14:19:52.273] [main/DEBUG] [mixin/]: Instancing new MixinPlatformAgentDefault for SecureJarResource(betterstrongholds)
[30Nov2025 14:19:52.273] [main/DEBUG] [mixin/]: MixinPlatformAgentDefault accepted container SecureJarResource(betterstrongholds)
[30Nov2025 14:19:52.273] [main/DEBUG] [mixin/]: Processing prepare() for PlatformAgent[MixinPlatformAgentDefault:SecureJarResource(betterstrongholds)]
[30Nov2025 14:19:52.273] [main/DEBUG] [mixin/]: Registering mixin config: betterstrongholds.mixins.json
[30Nov2025 14:19:52.274] [main/DEBUG] [mixin/]: Registering mixin config: betterstrongholds_forge.mixins.json
[30Nov2025 14:19:52.276] [main/DEBUG] [mixin/]: Adding mixin platform agents for container SecureJarResource(tombstone)
[30Nov2025 14:19:52.276] [main/DEBUG] [mixin/]: Instancing new MixinPlatformAgentMinecraftForge for SecureJarResource(tombstone)
[30Nov2025 14:19:52.276] [main/DEBUG] [mixin/]: MixinPlatformAgentMinecraftForge rejected container SecureJarResource(tombstone)
[30Nov2025 14:19:52.276] [main/DEBUG] [mixin/]: Instancing new MixinPlatformAgentDefault for SecureJarResource(tombstone)
[30Nov2025 14:19:52.276] [main/DEBUG] [mixin/]: MixinPlatformAgentDefault accepted container SecureJarResource(tombstone)
[30Nov2025 14:19:52.276] [main/DEBUG] [mixin/]: Processing prepare() for PlatformAgent[MixinPlatformAgentDefault:SecureJarResource(tombstone)]
[30Nov2025 14:19:52.276] [main/DEBUG] [mixin/]: Registering mixin config: tombstone.mixins.json
[30Nov2025 14:19:52.277] [main/DEBUG] [mixin/]: Adding mixin platform agents for container SecureJarResource(mcwroofs)
[30Nov2025 14:19:52.278] [main/DEBUG] [mixin/]: Instancing new MixinPlatformAgentMinecraftForge for SecureJarResource(mcwroofs)
[30Nov2025 14:19:52.278] [main/DEBUG] [mixin/]: MixinPlatformAgentMinecraftForge rejected container SecureJarResource(mcwroofs)
[30Nov2025 14:19:52.278] [main/DEBUG] [mixin/]: Instancing new MixinPlatformAgentDefault for SecureJarResource(mcwroofs)
[30Nov2025 14:19:52.278] [main/DEBUG] [mixin/]: MixinPlatformAgentDefault accepted container SecureJarResource(mcwroofs)
[30Nov2025 14:19:52.278] [main/DEBUG] [mixin/]: Processing prepare() for PlatformAgent[MixinPlatformAgentDefault:SecureJarResource(mcwroofs)]
[30Nov2025 14:19:52.278] [main/DEBUG] [mixin/]: Adding mixin platform agents for container SecureJarResource(architectury)
[30Nov2025 14:19:52.278] [main/DEBUG] [mixin/]: Instancing new MixinPlatformAgentMinecraftForge for SecureJarResource(architectury)
[30Nov2025 14:19:52.278] [main/DEBUG] [mixin/]: MixinPlatformAgentMinecraftForge rejected container SecureJarResource(architectury)
[30Nov2025 14:19:52.278] [main/DEBUG] [mixin/]: Instancing new MixinPlatformAgentDefault for SecureJarResource(architectury)
[30Nov2025 14:19:52.278] [main/DEBUG] [mixin/]: MixinPlatformAgentDefault accepted container SecureJarResource(architectury)
[30Nov2025 14:19:52.278] [main/DEBUG] [mixin/]: Processing prepare() for PlatformAgent[MixinPlatformAgentDefault:SecureJarResource(architectury)]
[30Nov2025 14:19:52.278] [main/DEBUG] [mixin/]: Registering mixin config: architectury.mixins.json
[30Nov2025 14:19:52.279] [main/DEBUG] [mixin/]: Compatibility level JAVA_16 specified by architectury.mixins.json is higher than the maximum level supported by this version of mixin (JAVA_13).
[30Nov2025 14:19:52.280] [main/DEBUG] [mixin/]: Registering mixin config: architectury-common.mixins.json
[30Nov2025 14:19:52.281] [main/DEBUG] [mixin/]: Compatibility level JAVA_16 specified by architectury-common.mixins.json is higher than the maximum level supported by this version of mixin (JAVA_13).
[30Nov2025 14:19:52.281] [main/DEBUG] [mixin/]: Adding mixin platform agents for container SecureJarResource(mcwfurnitures)
[30Nov2025 14:19:52.281] [main/DEBUG] [mixin/]: Instancing new MixinPlatformAgentMinecraftForge for SecureJarResource(mcwfurnitures)
[30Nov2025 14:19:52.281] [main/DEBUG] [mixin/]: MixinPlatformAgentMinecraftForge rejected container SecureJarResource(mcwfurnitures)
[30Nov2025 14:19:52.281] [main/DEBUG] [mixin/]: Instancing new MixinPlatformAgentDefault for SecureJarResource(mcwfurnitures)
[30Nov2025 14:19:52.281] [main/DEBUG] [mixin/]: MixinPlatformAgentDefault accepted container SecureJarResource(mcwfurnitures)
[30Nov2025 14:19:52.281] [main/DEBUG] [mixin/]: Processing prepare() for PlatformAgent[MixinPlatformAgentDefault:SecureJarResource(mcwfurnitures)]
[30Nov2025 14:19:52.281] [main/DEBUG] [mixin/]: Adding mixin platform agents for container SecureJarResource(betterendisland)
[30Nov2025 14:19:52.282] [main/DEBUG] [mixin/]: Instancing new MixinPlatformAgentMinecraftForge for SecureJarResource(betterendisland)
[30Nov2025 14:19:52.282] [main/DEBUG] [mixin/]: MixinPlatformAgentMinecraftForge rejected container SecureJarResource(betterendisland)
[30Nov2025 14:19:52.282] [main/DEBUG] [mixin/]: Instancing new MixinPlatformAgentDefault for SecureJarResource(betterendisland)
[30Nov2025 14:19:52.282] [main/DEBUG] [mixin/]: MixinPlatformAgentDefault accepted container SecureJarResource(betterendisland)
[30Nov2025 14:19:52.282] [main/DEBUG] [mixin/]: Processing prepare() for PlatformAgent[MixinPlatformAgentDefault:SecureJarResource(betterendisland)]
[30Nov2025 14:19:52.282] [main/DEBUG] [mixin/]: Registering mixin config: betterendisland.mixins.json
[30Nov2025 14:19:52.283] [main/DEBUG] [mixin/]: Registering mixin config: betterendisland_forge.mixins.json
[30Nov2025 14:19:52.284] [main/DEBUG] [mixin/]: Adding mixin platform agents for container SecureJarResource(framework)
[30Nov2025 14:19:52.284] [main/DEBUG] [mixin/]: Instancing new MixinPlatformAgentMinecraftForge for SecureJarResource(framework)
[30Nov2025 14:19:52.284] [main/DEBUG] [mixin/]: MixinPlatformAgentMinecraftForge rejected container SecureJarResource(framework)
[30Nov2025 14:19:52.284] [main/DEBUG] [mixin/]: Instancing new MixinPlatformAgentDefault for SecureJarResource(framework)
[30Nov2025 14:19:52.284] [main/DEBUG] [mixin/]: MixinPlatformAgentDefault accepted container SecureJarResource(framework)
[30Nov2025 14:19:52.284] [main/DEBUG] [mixin/]: Processing prepare() for PlatformAgent[MixinPlatformAgentDefault:SecureJarResource(framework)]
[30Nov2025 14:19:52.285] [main/DEBUG] [mixin/]: Adding mixin platform agents for container SecureJarResource(fastleafdecay)
[30Nov2025 14:19:52.285] [main/DEBUG] [mixin/]: Instancing new MixinPlatformAgentMinecraftForge for SecureJarResource(fastleafdecay)
[30Nov2025 14:19:52.285] [main/DEBUG] [mixin/]: MixinPlatformAgentMinecraftForge rejected container SecureJarResource(fastleafdecay)
[30Nov2025 14:19:52.285] [main/DEBUG] [mixin/]: Instancing new MixinPlatformAgentDefault for SecureJarResource(fastleafdecay)
[30Nov2025 14:19:52.285] [main/DEBUG] [mixin/]: MixinPlatformAgentDefault accepted container SecureJarResource(fastleafdecay)
[30Nov2025 14:19:52.285] [main/DEBUG] [mixin/]: Processing prepare() for PlatformAgent[MixinPlatformAgentDefault:SecureJarResource(fastleafdecay)]
[30Nov2025 14:19:52.285] [main/DEBUG] [mixin/]: Adding mixin platform agents for container SecureJarResource(cosmeticarmorreworked)
[30Nov2025 14:19:52.285] [main/DEBUG] [mixin/]: Instancing new MixinPlatformAgentMinecraftForge for SecureJarResource(cosmeticarmorreworked)
[30Nov2025 14:19:52.285] [main/DEBUG] [mixin/]: MixinPlatformAgentMinecraftForge rejected container SecureJarResource(cosmeticarmorreworked)
[30Nov2025 14:19:52.285] [main/DEBUG] [mixin/]: Instancing new MixinPlatformAgentDefault for SecureJarResource(cosmeticarmorreworked)
[30Nov2025 14:19:52.285] [main/DEBUG] [mixin/]: MixinPlatformAgentDefault accepted container SecureJarResource(cosmeticarmorreworked)
[30Nov2025 14:19:52.285] [main/DEBUG] [mixin/]: Processing prepare() for PlatformAgent[MixinPlatformAgentDefault:SecureJarResource(cosmeticarmorreworked)]
[30Nov2025 14:19:52.285] [main/DEBUG] [mixin/]: Adding mixin platform agents for container SecureJarResource(expandability)
[30Nov2025 14:19:52.285] [main/DEBUG] [mixin/]: Instancing new MixinPlatformAgentMinecraftForge for SecureJarResource(expandability)
[30Nov2025 14:19:52.285] [main/DEBUG] [mixin/]: MixinPlatformAgentMinecraftForge rejected container SecureJarResource(expandability)
[30Nov2025 14:19:52.285] [main/DEBUG] [mixin/]: Instancing new MixinPlatformAgentDefault for SecureJarResource(expandability)
[30Nov2025 14:19:52.285] [main/DEBUG] [mixin/]: MixinPlatformAgentDefault accepted container SecureJarResource(expandability)
[30Nov2025 14:19:52.285] [main/DEBUG] [mixin/]: Processing prepare() for PlatformAgent[MixinPlatformAgentDefault:SecureJarResource(expandability)]
[30Nov2025 14:19:52.285] [main/DEBUG] [mixin/]: Registering mixin config: expandability.mixins.json
[30Nov2025 14:19:52.286] [main/DEBUG] [mixin/]: Registering mixin config: expandability-common.mixins.json
[30Nov2025 14:19:52.288] [main/DEBUG] [mixin/]: Adding mixin platform agents for container SecureJarResource(bettermineshafts)
[30Nov2025 14:19:52.288] [main/DEBUG] [mixin/]: Instancing new MixinPlatformAgentMinecraftForge for SecureJarResource(bettermineshafts)
[30Nov2025 14:19:52.288] [main/DEBUG] [mixin/]: MixinPlatformAgentMinecraftForge rejected container SecureJarResource(bettermineshafts)
[30Nov2025 14:19:52.288] [main/DEBUG] [mixin/]: Instancing new MixinPlatformAgentDefault for SecureJarResource(bettermineshafts)
[30Nov2025 14:19:52.288] [main/DEBUG] [mixin/]: MixinPlatformAgentDefault accepted container SecureJarResource(bettermineshafts)
[30Nov2025 14:19:52.288] [main/DEBUG] [mixin/]: Processing prepare() for PlatformAgent[MixinPlatformAgentDefault:SecureJarResource(bettermineshafts)]
[30Nov2025 14:19:52.288] [main/DEBUG] [mixin/]: Registering mixin config: bettermineshafts.mixins.json
[30Nov2025 14:19:52.289] [main/DEBUG] [mixin/]: Registering mixin config: bettermineshafts_forge.mixins.json
[30Nov2025 14:19:52.290] [main/DEBUG] [mixin/]: Adding mixin platform agents for container SecureJarResource(skinrestorer)
[30Nov2025 14:19:52.291] [main/DEBUG] [mixin/]: Instancing new MixinPlatformAgentMinecraftForge for SecureJarResource(skinrestorer)
[30Nov2025 14:19:52.291] [main/DEBUG] [mixin/]: MixinPlatformAgentMinecraftForge rejected container SecureJarResource(skinrestorer)
[30Nov2025 14:19:52.291] [main/DEBUG] [mixin/]: Instancing new MixinPlatformAgentDefault for SecureJarResource(skinrestorer)
[30Nov2025 14:19:52.291] [main/DEBUG] [mixin/]: MixinPlatformAgentDefault accepted container SecureJarResource(skinrestorer)
[30Nov2025 14:19:52.291] [main/DEBUG] [mixin/]: Processing prepare() for PlatformAgent[MixinPlatformAgentDefault:SecureJarResource(skinrestorer)]
[30Nov2025 14:19:52.291] [main/DEBUG] [mixin/]: Registering mixin config: skinrestorer.mixins.json
[30Nov2025 14:19:52.292] [main/DEBUG] [mixin/]: Adding mixin platform agents for container SecureJarResource(mcwlights)
[30Nov2025 14:19:52.292] [main/DEBUG] [mixin/]: Instancing new MixinPlatformAgentMinecraftForge for SecureJarResource(mcwlights)
[30Nov2025 14:19:52.292] [main/DEBUG] [mixin/]: MixinPlatformAgentMinecraftForge rejected container SecureJarResource(mcwlights)
[30Nov2025 14:19:52.292] [main/DEBUG] [mixin/]: Instancing new MixinPlatformAgentDefault for SecureJarResource(mcwlights)
[30Nov2025 14:19:52.292] [main/DEBUG] [mixin/]: MixinPlatformAgentDefault accepted container SecureJarResource(mcwlights)
[30Nov2025 14:19:52.292] [main/DEBUG] [mixin/]: Processing prepare() for PlatformAgent[MixinPlatformAgentDefault:SecureJarResource(mcwlights)]
[30Nov2025 14:19:52.292] [main/DEBUG] [mixin/]: Adding mixin platform agents for container SecureJarResource(betterjungletemples)
[30Nov2025 14:19:52.292] [main/DEBUG] [mixin/]: Instancing new MixinPlatformAgentMinecraftForge for SecureJarResource(betterjungletemples)
[30Nov2025 14:19:52.292] [main/DEBUG] [mixin/]: MixinPlatformAgentMinecraftForge rejected container SecureJarResource(betterjungletemples)
[30Nov2025 14:19:52.292] [main/DEBUG] [mixin/]: Instancing new MixinPlatformAgentDefault for SecureJarResource(betterjungletemples)
[30Nov2025 14:19:52.292] [main/DEBUG] [mixin/]: MixinPlatformAgentDefault accepted container SecureJarResource(betterjungletemples)
[30Nov2025 14:19:52.292] [main/DEBUG] [mixin/]: Processing prepare() for PlatformAgent[MixinPlatformAgentDefault:SecureJarResource(betterjungletemples)]
[30Nov2025 14:19:52.292] [main/DEBUG] [mixin/]: Registering mixin config: betterjungletemples.mixins.json
[30Nov2025 14:19:52.293] [main/DEBUG] [mixin/]: Registering mixin config: betterjungletemples_forge.mixins.json
[30Nov2025 14:19:52.295] [main/DEBUG] [mixin/]: Adding mixin platform agents for container SecureJarResource(mclib)
[30Nov2025 14:19:52.295] [main/DEBUG] [mixin/]: Instancing new MixinPlatformAgentMinecraftForge for SecureJarResource(mclib)
[30Nov2025 14:19:52.295] [main/DEBUG] [mixin/]: MixinPlatformAgentMinecraftForge rejected container SecureJarResource(mclib)
[30Nov2025 14:19:52.295] [main/DEBUG] [mixin/]: Instancing new MixinPlatformAgentDefault for SecureJarResource(mclib)
[30Nov2025 14:19:52.295] [main/DEBUG] [mixin/]: MixinPlatformAgentDefault accepted container SecureJarResource(mclib)
[30Nov2025 14:19:52.295] [main/DEBUG] [mixin/]: Processing prepare() for PlatformAgent[MixinPlatformAgentDefault:SecureJarResource(mclib)]
[30Nov2025 14:19:52.295] [main/DEBUG] [mixin/]: Adding mixin platform agents for container SecureJarResource(java.client.SNAPSHOT)
[30Nov2025 14:19:52.295] [main/DEBUG] [mixin/]: Instancing new MixinPlatformAgentMinecraftForge for SecureJarResource(java.client.SNAPSHOT)
[30Nov2025 14:19:52.295] [main/DEBUG] [mixin/]: MixinPlatformAgentMinecraftForge rejected container SecureJarResource(java.client.SNAPSHOT)
[30Nov2025 14:19:52.295] [main/DEBUG] [mixin/]: Instancing new MixinPlatformAgentDefault for SecureJarResource(java.client.SNAPSHOT)
[30Nov2025 14:19:52.295] [main/DEBUG] [mixin/]: MixinPlatformAgentDefault accepted container SecureJarResource(java.client.SNAPSHOT)
[30Nov2025 14:19:52.295] [main/DEBUG] [mixin/]: Processing prepare() for PlatformAgent[MixinPlatformAgentDefault:SecureJarResource(java.client.SNAPSHOT)]
[30Nov2025 14:19:52.295] [main/DEBUG] [mixin/]: Adding mixin platform agents for container SecureJarResource(MixinExtras)
[30Nov2025 14:19:52.295] [main/DEBUG] [mixin/]: Instancing new MixinPlatformAgentMinecraftForge for SecureJarResource(MixinExtras)
[30Nov2025 14:19:52.295] [main/DEBUG] [mixin/]: MixinPlatformAgentMinecraftForge rejected container SecureJarResource(MixinExtras)
[30Nov2025 14:19:52.295] [main/DEBUG] [mixin/]: Instancing new MixinPlatformAgentDefault for SecureJarResource(MixinExtras)
[30Nov2025 14:19:52.295] [main/DEBUG] [mixin/]: MixinPlatformAgentDefault accepted container SecureJarResource(MixinExtras)
[30Nov2025 14:19:52.295] [main/DEBUG] [mixin/]: Processing prepare() for PlatformAgent[MixinPlatformAgentDefault:SecureJarResource(MixinExtras)]
[30Nov2025 14:19:52.295] [main/DEBUG] [mixin/]: inject() running with 63 agents
[30Nov2025 14:19:52.295] [main/DEBUG] [mixin/]: Processing inject() for PlatformAgent[MixinPlatformAgentDefault:ModLauncher Root Container(ModLauncher:4f56a0a2)]
[30Nov2025 14:19:52.295] [main/DEBUG] [mixin/]: Processing inject() for PlatformAgent[MixinPlatformAgentDefault:SecureJarResource(betterdungeons)]
[30Nov2025 14:19:52.295] [main/DEBUG] [mixin/]: Processing inject() for PlatformAgent[MixinPlatformAgentDefault:SecureJarResource(kuma_api)]
[30Nov2025 14:19:52.295] [main/DEBUG] [mixin/]: Processing inject() for PlatformAgent[MixinPlatformAgentDefault:SecureJarResource(betterwitchhuts)]
[30Nov2025 14:19:52.295] [main/DEBUG] [mixin/]: Processing inject() for PlatformAgent[MixinPlatformAgentDefault:SecureJarResource(geckolib)]
[30Nov2025 14:19:52.295] [main/DEBUG] [mixin/]: Processing inject() for PlatformAgent[MixinPlatformAgentDefault:SecureJarResource(lithostitched)]
[30Nov2025 14:19:52.295] [main/DEBUG] [mixin/]: Processing inject() for PlatformAgent[MixinPlatformAgentDefault:SecureJarResource(betteroceanmonuments)]
[30Nov2025 14:19:52.295] [main/DEBUG] [mixin/]: Processing inject() for PlatformAgent[MixinPlatformAgentDefault:SecureJarResource(goblintraders)]
[30Nov2025 14:19:52.295] [main/DEBUG] [mixin/]: Processing inject() for PlatformAgent[MixinPlatformAgentDefault:SecureJarResource(mcwwindows)]
[30Nov2025 14:19:52.296] [main/DEBUG] [mixin/]: Processing inject() for PlatformAgent[MixinPlatformAgentDefault:SecureJarResource(sophisticatedcore)]
[30Nov2025 14:19:52.296] [main/DEBUG] [mixin/]: Processing inject() for PlatformAgent[MixinPlatformAgentDefault:SecureJarResource(waystones)]
[30Nov2025 14:19:52.296] [main/DEBUG] [mixin/]: Processing inject() for PlatformAgent[MixinPlatformAgentDefault:SecureJarResource(villagernames)]
[30Nov2025 14:19:52.296] [main/DEBUG] [mixin/]: Processing inject() for PlatformAgent[MixinPlatformAgentDefault:SecureJarResource(mcwpaintings)]
[30Nov2025 14:19:52.296] [main/DEBUG] [mixin/]: Processing inject() for PlatformAgent[MixinPlatformAgentDefault:SecureJarResource(clumps)]
[30Nov2025 14:19:52.296] [main/DEBUG] [mixin/]: Processing inject() for PlatformAgent[MixinPlatformAgentDefault:SecureJarResource(journeymap)]
[30Nov2025 14:19:52.296] [main/DEBUG] [mixin/]: Processing inject() for PlatformAgent[MixinPlatformAgentDefault:SecureJarResource(yungscavebiomes)]
[30Nov2025 14:19:52.296] [main/DEBUG] [mixin/]: Processing inject() for PlatformAgent[MixinPlatformAgentDefault:SecureJarResource(citadel)]
[30Nov2025 14:19:52.296] [main/DEBUG] [mixin/]: Processing inject() for PlatformAgent[MixinPlatformAgentDefault:SecureJarResource(artifacts)]
[30Nov2025 14:19:52.296] [main/DEBUG] [mixin/]: Processing inject() for PlatformAgent[MixinPlatformAgentDefault:SecureJarResource(yungsapi)]
[30Nov2025 14:19:52.296] [main/DEBUG] [mixin/]: Processing inject() for PlatformAgent[MixinPlatformAgentDefault:SecureJarResource(mcwstairs)]
[30Nov2025 14:19:52.296] [main/DEBUG] [mixin/]: Processing inject() for PlatformAgent[MixinPlatformAgentDefault:SecureJarResource(mixinextras)]
[30Nov2025 14:19:52.296] [main/DEBUG] [mixin/]: Processing inject() for PlatformAgent[MixinPlatformAgentDefault:SecureJarResource(bookshelf)]
[30Nov2025 14:19:52.296] [main/DEBUG] [mixin/]: Processing inject() for PlatformAgent[MixinPlatformAgentDefault:SecureJarResource(sophisticatedbackpacks)]
[30Nov2025 14:19:52.296] [main/DEBUG] [mixin/]: Processing inject() for PlatformAgent[MixinPlatformAgentDefault:SecureJarResource(betterdeserttemples)]
[30Nov2025 14:19:52.296] [main/DEBUG] [mixin/]: Processing inject() for PlatformAgent[MixinPlatformAgentDefault:SecureJarResource(mcwdoors)]
[30Nov2025 14:19:52.296] [main/DEBUG] [mixin/]: Processing inject() for PlatformAgent[MixinPlatformAgentDefault:SecureJarResource(balm)]
[30Nov2025 14:19:52.296] [main/DEBUG] [mixin/]: Processing inject() for PlatformAgent[MixinPlatformAgentDefault:SecureJarResource(carryon)]
[30Nov2025 14:19:52.296] [main/DEBUG] [mixin/]: Processing inject() for PlatformAgent[MixinPlatformAgentDefault:SecureJarResource(betterfortresses)]
[30Nov2025 14:19:52.296] [main/DEBUG] [mixin/]: Processing inject() for PlatformAgent[MixinPlatformAgentDefault:SecureJarResource(cloth_config)]
[30Nov2025 14:19:52.296] [main/DEBUG] [mixin/]: Processing inject() for PlatformAgent[MixinPlatformAgentDefault:SecureJarResource(forge)]
[30Nov2025 14:19:52.296] [main/DEBUG] [mixin/]: Processing inject() for PlatformAgent[MixinPlatformAgentDefault:SecureJarResource(ctov)]
[30Nov2025 14:19:52.296] [main/DEBUG] [mixin/]: Processing inject() for PlatformAgent[MixinPlatformAgentDefault:SecureJarResource(mcwpaths)]
[30Nov2025 14:19:52.296] [main/DEBUG] [mixin/]: Processing inject() for PlatformAgent[MixinPlatformAgentDefault:SecureJarResource(dungeons_arise)]
[30Nov2025 14:19:52.296] [main/DEBUG] [mixin/]: Processing inject() for PlatformAgent[MixinPlatformAgentDefault:SecureJarResource(minecraft)]
[30Nov2025 14:19:52.296] [main/DEBUG] [mixin/]: Processing inject() for PlatformAgent[MixinPlatformAgentDefault:SecureJarResource(mcwbridges)]
[30Nov2025 14:19:52.296] [main/DEBUG] [mixin/]: Processing inject() for PlatformAgent[MixinPlatformAgentDefault:SecureJarResource(alexscaves)]
[30Nov2025 14:19:52.296] [main/DEBUG] [mixin/]: Processing inject() for PlatformAgent[MixinPlatformAgentDefault:SecureJarResource(trade_cycling)]
[30Nov2025 14:19:52.296] [main/DEBUG] [mixin/]: Processing inject() for PlatformAgent[MixinPlatformAgentDefault:SecureJarResource(enchdesc)]
[30Nov2025 14:19:52.296] [main/DEBUG] [mixin/]: Processing inject() for PlatformAgent[MixinPlatformAgentDefault:SecureJarResource(terrablender)]
[30Nov2025 14:19:52.296] [main/DEBUG] [mixin/]: Processing inject() for PlatformAgent[MixinPlatformAgentDefault:SecureJarResource(mcwtrpdoors)]
[30Nov2025 14:19:52.297] [main/DEBUG] [mixin/]: Processing inject() for PlatformAgent[MixinPlatformAgentDefault:SecureJarResource(mcwfences)]
[30Nov2025 14:19:52.297] [main/DEBUG] [mixin/]: Processing inject() for PlatformAgent[MixinPlatformAgentDefault:SecureJarResource(yungsbridges)]
[30Nov2025 14:19:52.297] [main/DEBUG] [mixin/]: Processing inject() for PlatformAgent[MixinPlatformAgentDefault:SecureJarResource(born_in_chaos_v1)]
[30Nov2025 14:19:52.297] [main/DEBUG] [mixin/]: Processing inject() for PlatformAgent[MixinPlatformAgentDefault:SecureJarResource(curios)]
[30Nov2025 14:19:52.297] [main/DEBUG] [mixin/]: Processing inject() for PlatformAgent[MixinPlatformAgentDefault:SecureJarResource(collective)]
[30Nov2025 14:19:52.297] [main/DEBUG] [mixin/]: Processing inject() for PlatformAgent[MixinPlatformAgentDefault:SecureJarResource(yungsextras)]
[30Nov2025 14:19:52.297] [main/DEBUG] [mixin/]: Processing inject() for PlatformAgent[MixinPlatformAgentDefault:SecureJarResource(betterstrongholds)]
[30Nov2025 14:19:52.297] [main/DEBUG] [mixin/]: Processing inject() for PlatformAgent[MixinPlatformAgentDefault:SecureJarResource(tombstone)]
[30Nov2025 14:19:52.297] [main/DEBUG] [mixin/]: Processing inject() for PlatformAgent[MixinPlatformAgentDefault:SecureJarResource(mcwroofs)]
[30Nov2025 14:19:52.297] [main/DEBUG] [mixin/]: Processing inject() for PlatformAgent[MixinPlatformAgentDefault:SecureJarResource(architectury)]
[30Nov2025 14:19:52.297] [main/DEBUG] [mixin/]: Processing inject() for PlatformAgent[MixinPlatformAgentDefault:SecureJarResource(mcwfurnitures)]
[30Nov2025 14:19:52.297] [main/DEBUG] [mixin/]: Processing inject() for PlatformAgent[MixinPlatformAgentDefault:SecureJarResource(betterendisland)]
[30Nov2025 14:19:52.297] [main/DEBUG] [mixin/]: Processing inject() for PlatformAgent[MixinPlatformAgentDefault:SecureJarResource(framework)]
[30Nov2025 14:19:52.297] [main/DEBUG] [mixin/]: Processing inject() for PlatformAgent[MixinPlatformAgentDefault:SecureJarResource(fastleafdecay)]
[30Nov2025 14:19:52.297] [main/DEBUG] [mixin/]: Processing inject() for PlatformAgent[MixinPlatformAgentDefault:SecureJarResource(cosmeticarmorreworked)]
[30Nov2025 14:19:52.297] [main/DEBUG] [mixin/]: Processing inject() for PlatformAgent[MixinPlatformAgentDefault:SecureJarResource(expandability)]
[30Nov2025 14:19:52.297] [main/DEBUG] [mixin/]: Processing inject() for PlatformAgent[MixinPlatformAgentDefault:SecureJarResource(bettermineshafts)]
[30Nov2025 14:19:52.297] [main/DEBUG] [mixin/]: Processing inject() for PlatformAgent[MixinPlatformAgentDefault:SecureJarResource(skinrestorer)]
[30Nov2025 14:19:52.297] [main/DEBUG] [mixin/]: Processing inject() for PlatformAgent[MixinPlatformAgentDefault:SecureJarResource(mcwlights)]
[30Nov2025 14:19:52.297] [main/DEBUG] [mixin/]: Processing inject() for PlatformAgent[MixinPlatformAgentDefault:SecureJarResource(betterjungletemples)]
[30Nov2025 14:19:52.297] [main/DEBUG] [mixin/]: Processing inject() for PlatformAgent[MixinPlatformAgentDefault:SecureJarResource(mclib)]
[30Nov2025 14:19:52.297] [main/DEBUG] [mixin/]: Processing inject() for PlatformAgent[MixinPlatformAgentDefault:SecureJarResource(java.client.SNAPSHOT)]
[30Nov2025 14:19:52.297] [main/DEBUG] [mixin/]: Processing inject() for PlatformAgent[MixinPlatformAgentDefault:SecureJarResource(MixinExtras)]
[30Nov2025 14:19:52.325] [main/DEBUG] [mixin/]: Error cleaning class output directory: .mixin.out
[30Nov2025 14:19:52.327] [main/DEBUG] [mixin/]: Preparing mixins for MixinEnvironment[PREINIT]
[30Nov2025 14:19:52.333] [main/INFO] [mixin/]: Successfully loaded Mixin Connector [de.maxhenkel.tradecycling.MixinConnector]
[30Nov2025 14:19:52.335] [main/INFO] [cpw.mods.modlauncher.LaunchServiceHandler/MODLAUNCHER]: Launching target 'forgeserver' with arguments [nogui]
[30Nov2025 14:19:52.338] [main/DEBUG] [mixin/]: Preparing mixins for MixinEnvironment[DEFAULT]
[30Nov2025 14:19:52.338] [main/DEBUG] [mixin/]: Selecting config betterdungeons.mixins.json
[30Nov2025 14:19:52.341] [main/DEBUG] [mixin/]: Selecting config betterdungeons_forge.mixins.json
[30Nov2025 14:19:52.343] [main/DEBUG] [mixin/]: Selecting config kuma_api.mixins.json
[30Nov2025 14:19:52.344] [main/DEBUG] [mixin/]: Selecting config kuma_api.forge.mixins.json
[30Nov2025 14:19:52.345] [main/DEBUG] [mixin/]: Selecting config betterwitchhuts.mixins.json
[30Nov2025 14:19:52.346] [main/DEBUG] [mixin/]: Selecting config betterwitchhuts_forge.mixins.json
[30Nov2025 14:19:52.348] [main/DEBUG] [mixin/]: Selecting config geckolib.mixins.json
[30Nov2025 14:19:52.349] [main/DEBUG] [mixin/]: Selecting config lithostitched.mixins.json
[30Nov2025 14:19:52.350] [main/DEBUG] [mixin/]: Selecting config lithostitched.forge.mixins.json
[30Nov2025 14:19:52.352] [main/DEBUG] [mixin/]: Selecting config betteroceanmonuments.mixins.json
[30Nov2025 14:19:52.353] [main/DEBUG] [mixin/]: Selecting config betteroceanmonuments_forge.mixins.json
[30Nov2025 14:19:52.354] [main/DEBUG] [mixin/]: Selecting config goblintraders.common.mixins.json
[30Nov2025 14:19:52.356] [main/DEBUG] [mixin/]: Selecting config waystones.mixins.json
[30Nov2025 14:19:52.357] [main/DEBUG] [mixin/]: Selecting config villagernames_forge.mixins.json
[30Nov2025 14:19:52.360] [main/DEBUG] [mixin/]: Selecting config clumps.mixins.json
[30Nov2025 14:19:52.362] [main/DEBUG] [mixin/]: Selecting config journeymap.mixins.json
[30Nov2025 14:19:52.364] [main/DEBUG] [mixin/]: Selecting config yungscavebiomes.mixins.json
[30Nov2025 14:19:52.366] [main/DEBUG] [mixin/]: Selecting config yungscavebiomes_forge.mixins.json
[30Nov2025 14:19:52.368] [main/DEBUG] [mixin/]: Selecting config citadel.mixins.json
[30Nov2025 14:19:52.370] [main/DEBUG] [mixin/]: Selecting config mixins.artifacts.common.json
[30Nov2025 14:19:52.371] [main/DEBUG] [mixin/]: Selecting config mixins.artifacts.forge.json
[30Nov2025 14:19:52.373] [main/DEBUG] [mixin/]: Selecting config yungsapi.mixins.json
[30Nov2025 14:19:52.374] [main/DEBUG] [mixin/]: Selecting config yungsapi_forge.mixins.json
[30Nov2025 14:19:52.376] [main/DEBUG] [mixin/]: Selecting config mixinextras.init.mixins.json
[30Nov2025 14:19:52.403] [main/DEBUG] [MixinExtras|Service/]: com.llamalad7.mixinextras.service.MixinExtrasServiceImpl(version=0.3.5) is taking over from null
[30Nov2025 14:19:52.549] [main/DEBUG] [mixin/]: Registering new injector for @Inject with org.spongepowered.asm.mixin.injection.struct.CallbackInjectionInfo
[30Nov2025 14:19:52.550] [main/DEBUG] [mixin/]: Registering new injector for @ModifyArg with org.spongepowered.asm.mixin.injection.struct.ModifyArgInjectionInfo
[30Nov2025 14:19:52.551] [main/DEBUG] [mixin/]: Registering new injector for @ModifyArgs with org.spongepowered.asm.mixin.injection.struct.ModifyArgsInjectionInfo
[30Nov2025 14:19:52.553] [main/DEBUG] [mixin/]: Registering new injector for @Redirect with org.spongepowered.asm.mixin.injection.struct.RedirectInjectionInfo
[30Nov2025 14:19:52.554] [main/DEBUG] [mixin/]: Registering new injector for @ModifyVariable with org.spongepowered.asm.mixin.injection.struct.ModifyVariableInjectionInfo
[30Nov2025 14:19:52.555] [main/DEBUG] [mixin/]: Registering new injector for @ModifyConstant with org.spongepowered.asm.mixin.injection.struct.ModifyConstantInjectionInfo
[30Nov2025 14:19:52.567] [main/DEBUG] [mixin/]: Selecting config bookshelf.common.mixins.json
[30Nov2025 14:19:52.569] [main/DEBUG] [mixin/]: Selecting config bookshelf.forge.mixins.json
[30Nov2025 14:19:52.571] [main/DEBUG] [mixin/]: Selecting config betterdeserttemples.mixins.json
[30Nov2025 14:19:52.573] [main/DEBUG] [mixin/]: Selecting config betterdeserttemples_forge.mixins.json
[30Nov2025 14:19:52.574] [main/DEBUG] [mixin/]: Selecting config balm.mixins.json
[30Nov2025 14:19:52.576] [main/DEBUG] [mixin/]: Selecting config carryon.mixins.json
[30Nov2025 14:19:52.579] [main/DEBUG] [mixin/]: Selecting config carryon.forge.mixins.json
[30Nov2025 14:19:52.580] [main/DEBUG] [mixin/]: Selecting config betterfortresses.mixins.json
[30Nov2025 14:19:52.582] [main/DEBUG] [mixin/]: Selecting config betterfortresses_forge.mixins.json
[30Nov2025 14:19:52.583] [main/DEBUG] [mixin/]: Selecting config alexscaves.mixins.json
[30Nov2025 14:19:52.585] [main/DEBUG] [mixin/]: Selecting config terrablender.mixins.json
[30Nov2025 14:19:52.587] [main/DEBUG] [mixin/]: Selecting config terrablender_forge.mixins.json
[30Nov2025 14:19:52.589] [main/DEBUG] [mixin/]: Selecting config yungsbridges.mixins.json
[30Nov2025 14:19:52.591] [main/DEBUG] [mixin/]: Selecting config yungsbridges_forge.mixins.json
[30Nov2025 14:19:52.592] [main/DEBUG] [mixin/]: Selecting config curios.mixins.json
[30Nov2025 14:19:52.593] [main/DEBUG] [mixin/]: Selecting config collective_forge.mixins.json
[30Nov2025 14:19:52.594] [main/DEBUG] [mixin/]: Selecting config yungsextras.mixins.json
[30Nov2025 14:19:52.597] [main/WARN] [mixin/]: Reference map 'yungsextras.refmap.json' for yungsextras.mixins.json could not be read. If this is a development environment you can ignore this message
[30Nov2025 14:19:52.597] [main/DEBUG] [mixin/]: Selecting config yungsextras_forge.mixins.json
[30Nov2025 14:19:52.599] [main/WARN] [mixin/]: Reference map 'yungsextras.refmap.json' for yungsextras_forge.mixins.json could not be read. If this is a development environment you can ignore this message
[30Nov2025 14:19:52.599] [main/DEBUG] [mixin/]: Selecting config betterstrongholds.mixins.json
[30Nov2025 14:19:52.601] [main/DEBUG] [mixin/]: Selecting config betterstrongholds_forge.mixins.json
[30Nov2025 14:19:52.602] [main/DEBUG] [mixin/]: Selecting config tombstone.mixins.json
[30Nov2025 14:19:52.604] [main/DEBUG] [mixin/]: Selecting config architectury.mixins.json
[30Nov2025 14:19:52.606] [main/DEBUG] [mixin/]: Selecting config architectury-common.mixins.json
[30Nov2025 14:19:52.608] [main/DEBUG] [mixin/]: Selecting config betterendisland.mixins.json
[30Nov2025 14:19:52.609] [main/DEBUG] [mixin/]: Selecting config betterendisland_forge.mixins.json
[30Nov2025 14:19:52.610] [main/DEBUG] [mixin/]: Selecting config expandability.mixins.json
[30Nov2025 14:19:52.612] [main/DEBUG] [mixin/]: Selecting config expandability-common.mixins.json
[30Nov2025 14:19:52.615] [main/DEBUG] [mixin/]: Selecting config bettermineshafts.mixins.json
[30Nov2025 14:19:52.617] [main/DEBUG] [mixin/]: Selecting config bettermineshafts_forge.mixins.json
[30Nov2025 14:19:52.618] [main/DEBUG] [mixin/]: Selecting config skinrestorer.mixins.json
[30Nov2025 14:19:52.619] [main/DEBUG] [mixin/]: Selecting config betterjungletemples.mixins.json
[30Nov2025 14:19:52.620] [main/DEBUG] [mixin/]: Selecting config betterjungletemples_forge.mixins.json
[30Nov2025 14:19:52.622] [main/DEBUG] [mixin/]: Selecting config trade_cycling.mixins.json
[30Nov2025 14:19:52.623] [main/DEBUG] [mixin/]: Preparing betterdungeons.mixins.json (8)
[30Nov2025 14:19:52.682] [main/DEBUG] [net.minecraftforge.coremod.transformer.CoreModBaseTransformer/COREMOD]: Transforming net/minecraft/world/level/levelgen/structure/templatesystem/StructureTemplate
[30Nov2025 14:19:53.098] [main/DEBUG] [mixin/]: Preparing betterdungeons_forge.mixins.json (0)
[30Nov2025 14:19:53.099] [main/DEBUG] [mixin/]: Preparing kuma_api.mixins.json (1)
[30Nov2025 14:19:53.099] [main/DEBUG] [mixin/]: Preparing kuma_api.forge.mixins.json (0)
[30Nov2025 14:19:53.099] [main/DEBUG] [mixin/]: Preparing betterwitchhuts.mixins.json (5)
[30Nov2025 14:19:53.105] [main/DEBUG] [mixin/]: Preparing betterwitchhuts_forge.mixins.json (0)
[30Nov2025 14:19:53.105] [main/DEBUG] [mixin/]: Preparing geckolib.mixins.json (1)
[30Nov2025 14:19:53.105] [main/DEBUG] [mixin/]: Preparing lithostitched.mixins.json (18)
[30Nov2025 14:19:53.163] [main/DEBUG] [mixin/]: Preparing lithostitched.forge.mixins.json (2)
[30Nov2025 14:19:53.170] [main/DEBUG] [mixin/]: Preparing betteroceanmonuments.mixins.json (8)
[30Nov2025 14:19:53.241] [main/DEBUG] [mixin/]: Preparing betteroceanmonuments_forge.mixins.json (0)
[30Nov2025 14:19:53.241] [main/DEBUG] [mixin/]: Preparing goblintraders.common.mixins.json (5)
[30Nov2025 14:19:53.252] [main/DEBUG] [mixin/]: Preparing waystones.mixins.json (3)
[30Nov2025 14:19:53.255] [main/DEBUG] [mixin/]: Preparing villagernames_forge.mixins.json (1)
[30Nov2025 14:19:53.255] [main/DEBUG] [mixin/]: Preparing clumps.mixins.json (2)
[30Nov2025 14:19:53.259] [main/DEBUG] [mixin/]: Preparing journeymap.mixins.json (3)
[30Nov2025 14:19:53.260] [main/DEBUG] [mixin/]: Preparing yungscavebiomes.mixins.json (36)
[30Nov2025 14:19:53.363] [main/DEBUG] [mixin/]: Preparing yungscavebiomes_forge.mixins.json (1)
[30Nov2025 14:19:53.363] [main/DEBUG] [mixin/]: Preparing citadel.mixins.json (16)
[30Nov2025 14:19:53.439] [main/DEBUG] [mixin/]: Preparing mixins.artifacts.common.json (21)
[30Nov2025 14:19:53.481] [main/DEBUG] [net.minecraftforge.coremod.transformer.CoreModBaseTransformer/COREMOD]: Transforming net/minecraft/world/level/NaturalSpawner
[30Nov2025 14:19:53.603] [main/DEBUG] [net.minecraftforge.coremod.transformer.CoreModBaseTransformer/COREMOD]: Transforming net/minecraft/world/entity/npc/Villager
[30Nov2025 14:19:53.771] [main/DEBUG] [mixin/]: Preparing mixins.artifacts.forge.json (3)
[30Nov2025 14:19:53.774] [main/DEBUG] [mixin/]: Preparing yungsapi.mixins.json (11)
[30Nov2025 14:19:53.780] [main/DEBUG] [yungsapi/]: Loaded com.yungnickyoung.minecraft.yungsapi.services.ForgePlatformHelper@517704 for service interface com.yungnickyoung.minecraft.yungsapi.services.IPlatformHelper
[30Nov2025 14:19:53.782] [main/DEBUG] [yungsapi/]: Loaded com.yungnickyoung.minecraft.yungsapi.services.ForgeAutoRegisterHelper@2f9b21d6 for service interface com.yungnickyoung.minecraft.yungsapi.services.IAutoRegisterHelper
[30Nov2025 14:19:53.783] [main/DEBUG] [yungsapi/]: Loaded com.yungnickyoung.minecraft.yungsapi.services.ForgeBlockEntityTypeHelper@740a0d5e for service interface com.yungnickyoung.minecraft.yungsapi.services.IBlockEntityTypeHelper
[30Nov2025 14:19:53.784] [main/DEBUG] [yungsapi/]: Loaded com.yungnickyoung.minecraft.yungsapi.services.ForgeParticleTypeHelper@1e30db85 for service interface com.yungnickyoung.minecraft.yungsapi.services.IParticleTypeHelper
[30Nov2025 14:19:53.800] [main/DEBUG] [mixin/]: Preparing yungsapi_forge.mixins.json (1)
[30Nov2025 14:19:53.801] [main/DEBUG] [mixin/]: Preparing mixinextras.init.mixins.json (0)
[30Nov2025 14:19:53.801] [main/DEBUG] [mixin/]: Preparing bookshelf.common.mixins.json (23)
[30Nov2025 14:19:53.811] [main/DEBUG] [net.minecraftforge.coremod.transformer.CoreModBaseTransformer/COREMOD]: Transforming net/minecraft/world/effect/MobEffectInstance
[30Nov2025 14:19:53.832] [main/DEBUG] [mixin/]: Preparing bookshelf.forge.mixins.json (1)
[30Nov2025 14:19:53.833] [main/DEBUG] [mixin/]: Preparing betterdeserttemples.mixins.json (9)
[30Nov2025 14:19:53.838] [main/DEBUG] [mixin/]: Preparing betterdeserttemples_forge.mixins.json (0)
[30Nov2025 14:19:53.838] [main/DEBUG] [mixin/]: Preparing balm.mixins.json (16)
[30Nov2025 14:19:53.850] [main/DEBUG] [mixin/]: Preparing carryon.mixins.json (5)
[30Nov2025 14:19:53.862] [main/DEBUG] [mixin/]: Preparing carryon.forge.mixins.json (0)
[30Nov2025 14:19:53.862] [main/DEBUG] [mixin/]: Preparing betterfortresses.mixins.json (6)
[30Nov2025 14:19:53.864] [main/DEBUG] [mixin/]: Preparing betterfortresses_forge.mixins.json (0)
[30Nov2025 14:19:53.865] [main/DEBUG] [mixin/]: Preparing alexscaves.mixins.json (52)
[30Nov2025 14:19:53.974] [main/DEBUG] [net.minecraftforge.coremod.transformer.CoreModBaseTransformer/COREMOD]: Transforming net/minecraft/world/level/levelgen/structure/structures/SwampHutPiece
[30Nov2025 14:19:53.996] [main/DEBUG] [mixin/]: Preparing terrablender.mixins.json (7)
[30Nov2025 14:19:54.006] [main/DEBUG] [mixin/]: Preparing terrablender_forge.mixins.json (0)
[30Nov2025 14:19:54.006] [main/DEBUG] [mixin/]: Preparing yungsbridges.mixins.json (1)
[30Nov2025 14:19:54.009] [main/DEBUG] [mixin/]: Preparing yungsbridges_forge.mixins.json (0)
[30Nov2025 14:19:54.009] [main/DEBUG] [mixin/]: Preparing curios.mixins.json (13)
[30Nov2025 14:19:54.023] [main/DEBUG] [mixin/]: Preparing collective_forge.mixins.json (5)
[30Nov2025 14:19:54.027] [main/DEBUG] [mixin/]: Preparing yungsextras.mixins.json (0)
[30Nov2025 14:19:54.027] [main/DEBUG] [mixin/]: Preparing yungsextras_forge.mixins.json (0)
[30Nov2025 14:19:54.027] [main/DEBUG] [mixin/]: Preparing betterstrongholds.mixins.json (2)
[30Nov2025 14:19:54.028] [main/DEBUG] [mixin/]: Preparing betterstrongholds_forge.mixins.json (0)
[30Nov2025 14:19:54.028] [main/DEBUG] [mixin/]: Preparing tombstone.mixins.json (28)
[30Nov2025 14:19:54.044] [main/DEBUG] [net.minecraftforge.coremod.transformer.CoreModBaseTransformer/COREMOD]: Transforming net/minecraft/world/item/ItemStack
[30Nov2025 14:19:54.075] [main/DEBUG] [mixin/]: Preparing architectury.mixins.json (9)
[30Nov2025 14:19:54.083] [main/DEBUG] [mixin/]: Preparing architectury-common.mixins.json (10)
[30Nov2025 14:19:54.087] [main/DEBUG] [net.minecraftforge.coremod.transformer.CoreModBaseTransformer/COREMOD]: Transforming net/minecraft/world/item/BucketItem
[30Nov2025 14:19:54.094] [main/DEBUG] [net.minecraftforge.coremod.transformer.CoreModBaseTransformer/COREMOD]: Transforming net/minecraft/world/entity/EntityType
[30Nov2025 14:19:54.155] [main/DEBUG] [net.minecraftforge.coremod.transformer.CoreModBaseTransformer/COREMOD]: Transforming net/minecraft/world/level/block/LiquidBlock
[30Nov2025 14:19:54.160] [main/DEBUG] [mixin/]: Preparing betterendisland.mixins.json (9)
[30Nov2025 14:19:54.175] [main/DEBUG] [mixin/]: Preparing betterendisland_forge.mixins.json (0)
[30Nov2025 14:19:54.175] [main/DEBUG] [mixin/]: Preparing expandability.mixins.json (4)
[30Nov2025 14:19:54.176] [main/DEBUG] [mixin/]: Preparing expandability-common.mixins.json (9)
[30Nov2025 14:19:54.182] [main/DEBUG] [mixin/]: Preparing bettermineshafts.mixins.json (4)
[30Nov2025 14:19:54.183] [main/DEBUG] [mixin/]: Preparing bettermineshafts_forge.mixins.json (0)
[30Nov2025 14:19:54.183] [main/DEBUG] [mixin/]: Preparing betterjungletemples.mixins.json (8)
[30Nov2025 14:19:54.185] [main/DEBUG] [mixin/]: Preparing betterjungletemples_forge.mixins.json (0)
[30Nov2025 14:19:54.185] [main/DEBUG] [mixin/]: Preparing trade_cycling.mixins.json (3)
[30Nov2025 14:19:54.186] [main/DEBUG] [mixin/]: Preparing skinrestorer.mixins.json (6)
[30Nov2025 14:19:54.418] [main/DEBUG] [mixin/]: Prepared 288 mixins in 2.079 sec (7.2ms avg) (0ms load, 0ms transform, 0ms plugin)
[30Nov2025 14:19:54.428] [main/INFO] [MixinExtras|Service/]: Initializing MixinExtras via com.llamalad7.mixinextras.service.MixinExtrasServiceImpl(version=0.3.5).
[30Nov2025 14:19:54.430] [main/DEBUG] [mixin/]: Registering new injector for @SugarWrapper with com.llamalad7.mixinextras.sugar.impl.SugarWrapperInjectionInfo
[30Nov2025 14:19:54.430] [main/DEBUG] [mixin/]: Registering new injector for @FactoryRedirectWrapper with com.llamalad7.mixinextras.wrapper.factory.FactoryRedirectWrapperInjectionInfo
[30Nov2025 14:19:54.434] [main/DEBUG] [mixin/]: Mixing MinecraftServerMixin from citadel.mixins.json into net.minecraft.server.MinecraftServer
[30Nov2025 14:19:54.445] [main/DEBUG] [mixin/]: Mixing MinecraftServerMixin from balm.mixins.json into net.minecraft.server.MinecraftServer
[30Nov2025 14:19:54.445] [main/DEBUG] [mixin/]: Renaming synthetic method lambda$reloadResources$0(Ljava/lang/Void;)V to md5fd9de$lambda$reloadResources$0$0 in balm.mixins.json:MinecraftServerMixin
[30Nov2025 14:19:54.604] [main/DEBUG] [mixin/]: Mixing common.GameTestServerMixin from lithostitched.mixins.json into net.minecraft.gametest.framework.GameTestServer
[30Nov2025 14:19:54.611] [main/DEBUG] [mixin/]: Mixing server.DedicatedServerMixin from lithostitched.mixins.json into net.minecraft.server.dedicated.DedicatedServer
[30Nov2025 14:19:54.612] [main/DEBUG] [mixin/]: Mixing DedicatedServerMixin from tombstone.mixins.json into net.minecraft.server.dedicated.DedicatedServer
[30Nov2025 14:19:54.639] [main/DEBUG] [io.netty.util.internal.logging.InternalLoggerFactory/]: Using SLF4J as the default logging framework
[30Nov2025 14:19:54.641] [main/DEBUG] [io.netty.util.ResourceLeakDetector/]: -Dio.netty.leakDetection.level: simple
[30Nov2025 14:19:54.641] [main/DEBUG] [io.netty.util.ResourceLeakDetector/]: -Dio.netty.leakDetection.targetRecords: 4
[30Nov2025 14:19:55.014] [main/DEBUG] [oshi.util.FileUtil/]: No oshi.properties file found from ClassLoader cpw.mods.modlauncher.TransformingClassLoader@7ab1127c
[30Nov2025 14:19:55.014] [main/DEBUG] [oshi.util.FileUtil/]: No oshi.properties file found from ClassLoader jdk.internal.loader.ClassLoaders$AppClassLoader@76ed5528
[30Nov2025 14:19:55.080] [main/DEBUG] [oshi.util.FileUtil/]: Reading file /proc/self/auxv
[30Nov2025 14:19:55.081] [main/DEBUG] [oshi.util.FileUtil/]: Reading file /proc/self/auxv
[30Nov2025 14:19:55.086] [main/DEBUG] [oshi.util.FileUtil/]: Reading file /proc/stat
[30Nov2025 14:19:55.093] [main/DEBUG] [oshi.util.FileUtil/]: Reading file /sys/devices/system/cpu/cpu0/topology/core_id
[30Nov2025 14:19:55.093] [main/DEBUG] [oshi.util.FileUtil/]: Reading file /sys/devices/system/cpu/cpu0/topology/core_id
[30Nov2025 14:19:55.094] [main/DEBUG] [oshi.util.FileUtil/]: Reading file /sys/devices/system/cpu/cpu0/topology/physical_package_id
[30Nov2025 14:19:55.094] [main/DEBUG] [oshi.util.FileUtil/]: Reading file /sys/devices/system/cpu/cpu0/topology/physical_package_id
[30Nov2025 14:19:55.094] [main/DEBUG] [oshi.util.FileUtil/]: Reading file /sys/devices/system/cpu/cpu0/cpu_capacity
[30Nov2025 14:19:55.095] [main/DEBUG] [oshi.util.FileUtil/]: Reading file /sys/devices/system/cpu/cpu1/topology/core_id
[30Nov2025 14:19:55.095] [main/DEBUG] [oshi.util.FileUtil/]: Reading file /sys/devices/system/cpu/cpu1/topology/core_id
[30Nov2025 14:19:55.096] [main/DEBUG] [oshi.util.FileUtil/]: Reading file /sys/devices/system/cpu/cpu1/topology/physical_package_id
[30Nov2025 14:19:55.096] [main/DEBUG] [oshi.util.FileUtil/]: Reading file /sys/devices/system/cpu/cpu1/topology/physical_package_id
[30Nov2025 14:19:55.096] [main/DEBUG] [oshi.util.FileUtil/]: Reading file /sys/devices/system/cpu/cpu1/cpu_capacity
[30Nov2025 14:19:55.097] [main/DEBUG] [oshi.util.FileUtil/]: Reading file /sys/devices/system/cpu/cpu2/topology/core_id
[30Nov2025 14:19:55.098] [main/DEBUG] [oshi.util.FileUtil/]: Reading file /sys/devices/system/cpu/cpu2/topology/core_id
[30Nov2025 14:19:55.098] [main/DEBUG] [oshi.util.FileUtil/]: Reading file /sys/devices/system/cpu/cpu2/topology/physical_package_id
[30Nov2025 14:19:55.098] [main/DEBUG] [oshi.util.FileUtil/]: Reading file /sys/devices/system/cpu/cpu2/topology/physical_package_id
[30Nov2025 14:19:55.098] [main/DEBUG] [oshi.util.FileUtil/]: Reading file /sys/devices/system/cpu/cpu2/cpu_capacity
[30Nov2025 14:19:55.098] [main/DEBUG] [oshi.util.FileUtil/]: Reading file /sys/devices/system/cpu/cpu3/topology/core_id
[30Nov2025 14:19:55.098] [main/DEBUG] [oshi.util.FileUtil/]: Reading file /sys/devices/system/cpu/cpu3/topology/core_id
[30Nov2025 14:19:55.099] [main/DEBUG] [oshi.util.FileUtil/]: Reading file /sys/devices/system/cpu/cpu3/topology/physical_package_id
[30Nov2025 14:19:55.099] [main/DEBUG] [oshi.util.FileUtil/]: Reading file /sys/devices/system/cpu/cpu3/topology/physical_package_id
[30Nov2025 14:19:55.099] [main/DEBUG] [oshi.util.FileUtil/]: Reading file /sys/devices/system/cpu/cpu3/cpu_capacity
[30Nov2025 14:19:55.100] [main/DEBUG] [oshi.util.FileUtil/]: Reading file /proc/cpuinfo
[30Nov2025 14:19:55.110] [main/DEBUG] [oshi.util.FileUtil/]: Reading file /proc/self/auxv
[30Nov2025 14:19:55.112] [main/DEBUG] [oshi.util.FileUtil/]: No oshi.architecture.properties file found from ClassLoader cpw.mods.modlauncher.TransformingClassLoader@7ab1127c
[30Nov2025 14:19:55.113] [main/DEBUG] [oshi.util.FileUtil/]: No oshi.architecture.properties file found from ClassLoader jdk.internal.loader.ClassLoaders$AppClassLoader@76ed5528
[30Nov2025 14:19:55.129] [main/DEBUG] [oshi.util.FileUtil/]: Reading file /proc/meminfo
[30Nov2025 14:19:55.130] [main/DEBUG] [oshi.util.FileUtil/]: Reading file /proc/meminfo
[30Nov2025 14:19:55.132] [main/DEBUG] [mixin/]: Mixing SuppressLogMixin from yungsbridges.mixins.json into net.minecraft.Util
[30Nov2025 14:19:55.137] [main/DEBUG] [mixin/]: Mixing SuppressLogMixin from bettermineshafts.mixins.json into net.minecraft.Util
[30Nov2025 14:19:55.190] [main/DEBUG] [mixin/]: Mixing MixinBuiltInRegistries from terrablender.mixins.json into net.minecraft.core.registries.BuiltInRegistries
[30Nov2025 14:19:55.191] [main/DEBUG] [mixin/]: Renaming synthetic method lambda$registerSimple$0(Lnet/minecraft/core/registries/BuiltInRegistries$RegistryBootstrap;Lnet/minecraft/core/Registry;)Ljava/lang/Object; to md5fd9de$lambda$registerSimple$0$0 in terrablender.mixins.json:MixinBuiltInRegistries
[30Nov2025 14:19:55.208] [main/DEBUG] [mixin/]: Mixing common.MappedRegistryAccessor from lithostitched.mixins.json into net.minecraft.core.MappedRegistry
[30Nov2025 14:19:55.292] [main/DEBUG] [mixin/]: Mixing inject.MixinGameEvent from architectury-common.mixins.json into net.minecraft.world.level.gameevent.GameEvent
[30Nov2025 14:19:55.314] [main/DEBUG] [mixin/]: Mixing common.HolderReferenceAccessor from lithostitched.mixins.json into net.minecraft.core.Holder$Reference
[30Nov2025 14:19:55.339] [main/DEBUG] [mixin/]: Mixing frosted_caves.BlockMixin from yungscavebiomes.mixins.json into net.minecraft.world.level.block.Block
[30Nov2025 14:19:55.366] [main/DEBUG] [mixin/]: Mixing inject.MixinBlock from architectury-common.mixins.json into net.minecraft.world.level.block.Block
[30Nov2025 14:19:55.385] [main/DEBUG] [mixin/]: Mixing fluidcollision.BlockStateBaseMixin from expandability-common.mixins.json into net.minecraft.world.level.block.state.BlockBehaviour$BlockStateBase
[30Nov2025 14:19:55.416] [main/DEBUG] [mixin/]: Mixing frosted_caves.EntityMixin from yungscavebiomes.mixins.json into net.minecraft.world.entity.Entity
[30Nov2025 14:19:55.421] [main/DEBUG] [mixin/]: Mixing item.umbrella.EntityMixin from mixins.artifacts.common.json into net.minecraft.world.entity.Entity
[30Nov2025 14:19:55.424] [main/DEBUG] [mixin/]: Mixing item.wearable.aquadashers.EntityMixin from mixins.artifacts.common.json into net.minecraft.world.entity.Entity
[30Nov2025 14:19:55.443] [main/DEBUG] [mixin/]: Mixing accessors.entity.AccessorEntity from bookshelf.common.mixins.json into net.minecraft.world.entity.Entity
[30Nov2025 14:19:55.443] [main/DEBUG] [mixin/]: Mixing EntityMixin from balm.mixins.json into net.minecraft.world.entity.Entity
[30Nov2025 14:19:55.448] [main/DEBUG] [mixin/]: Mixing EntityMixin from carryon.mixins.json into net.minecraft.world.entity.Entity
[30Nov2025 14:19:55.462] [main/DEBUG] [mixin/]: Mixing EntityMixin from alexscaves.mixins.json into net.minecraft.world.entity.Entity
[30Nov2025 14:19:55.542] [main/DEBUG] [mixin/]: Mixing AccessorEntity from curios.mixins.json into net.minecraft.world.entity.Entity
[30Nov2025 14:19:55.543] [main/DEBUG] [mixin/]: Mixing EntityMixin from tombstone.mixins.json into net.minecraft.world.entity.Entity
[30Nov2025 14:19:55.551] [main/DEBUG] [mixin/]: Mixing swimming.EntityMixin from expandability.mixins.json into net.minecraft.world.entity.Entity
[30Nov2025 14:19:55.557] [main/DEBUG] [mixin/]: Mixing swimming.EntityMixin from expandability-common.mixins.json into net.minecraft.world.entity.Entity
[30Nov2025 14:19:55.730] [main/DEBUG] [mixin/]: Mixing frosted_caves.LivingEntityMixin from yungscavebiomes.mixins.json into net.minecraft.world.entity.LivingEntity
[30Nov2025 14:19:55.733] [main/DEBUG] [mixin/]: Mixing lost_caves.LivingEntityMixin from yungscavebiomes.mixins.json into net.minecraft.world.entity.LivingEntity
[30Nov2025 14:19:55.740] [main/DEBUG] [mixin/]: Mixing LivingEntityMixin from citadel.mixins.json into net.minecraft.world.entity.LivingEntity
[30Nov2025 14:19:55.744] [main/DEBUG] [mixin/]: Mixing accessors.LivingEntityAccessor from mixins.artifacts.common.json into net.minecraft.world.entity.LivingEntity
[30Nov2025 14:19:55.745] [main/DEBUG] [mixin/]: Mixing item.hurtsound.LivingEntityMixin from mixins.artifacts.common.json into net.minecraft.world.entity.LivingEntity
[30Nov2025 14:19:55.748] [main/DEBUG] [mixin/]: Mixing item.wearable.chorustotem.LivingEntityMixin from mixins.artifacts.common.json into net.minecraft.world.entity.LivingEntity
[30Nov2025 14:19:55.773] [main/DEBUG] [mixin/]: Mixing item.wearable.snowshoes.LivingEntityMixin from mixins.artifacts.forge.json into net.minecraft.world.entity.LivingEntity
[30Nov2025 14:19:55.776] [main/DEBUG] [mixin/]: Mixing accessors.entity.AccessorLivingEntity from bookshelf.common.mixins.json into net.minecraft.world.entity.LivingEntity
[30Nov2025 14:19:55.776] [main/DEBUG] [mixin/]: Mixing patches.entity.MixinLivingEntity from bookshelf.common.mixins.json into net.minecraft.world.entity.LivingEntity
[30Nov2025 14:19:55.779] [main/DEBUG] [mixin/]: Mixing PharaohKilledMixin from betterdeserttemples.mixins.json into net.minecraft.world.entity.LivingEntity
[30Nov2025 14:19:55.780] [main/DEBUG] [mixin/]: Renaming synthetic method lambda$betterdeserttemples_pharaohDie$0(Lnet/minecraft/server/level/ServerLevel;Lnet/minecraft/server/level/ServerPlayer;)V to md5fd9de$lambda$betterdeserttemples_pharaohDie$0$0 in betterdeserttemples.mixins.json:PharaohKilledMixin
[30Nov2025 14:19:55.810] [main/DEBUG] [mixin/]: Mixing LivingEntityMixin from alexscaves.mixins.json into net.minecraft.world.entity.LivingEntity
[30Nov2025 14:19:55.824] [main/DEBUG] [mixin/]: Mixing MixinLivingEntity from curios.mixins.json into net.minecraft.world.entity.LivingEntity
[30Nov2025 14:19:55.826] [main/DEBUG] [mixin/]: Mixing LivingEntityMixin from tombstone.mixins.json into net.minecraft.world.entity.LivingEntity
[30Nov2025 14:19:55.840] [main/DEBUG] [mixin/]: Mixing swimming.LivingEntityMixin from expandability.mixins.json into net.minecraft.world.entity.LivingEntity
[30Nov2025 14:19:55.843] [main/DEBUG] [mixin/]: Mixing swimming.LivingEntityMixin from expandability-common.mixins.json into net.minecraft.world.entity.LivingEntity
[30Nov2025 14:19:56.023] [main/DEBUG] [mixin/]: Mixing LevelMixin from citadel.mixins.json into net.minecraft.world.level.Level
[30Nov2025 14:19:56.047] [main/DEBUG] [mixin/]: Mixing ServerLevelMixin from betterendisland.mixins.json into net.minecraft.server.level.ServerLevel
[30Nov2025 14:19:56.065] [main/DEBUG] [mixin/]: Mixing accessor.ServerLevelAccessor from yungscavebiomes.mixins.json into net.minecraft.server.level.ServerLevel
[30Nov2025 14:19:56.065] [main/DEBUG] [mixin/]: Mixing lost_caves.ServerLevelMixin from yungscavebiomes.mixins.json into net.minecraft.server.level.ServerLevel
[30Nov2025 14:19:56.066] [main/DEBUG] [mixin/]: Renaming synthetic method lambda$yungscavebiomes_initSandstorm$1()Lcom/yungnickyoung/minecraft/yungscavebiomes/sandstorm/SandstormServerData; to md5fd9de$lambda$yungscavebiomes_initSandstorm$1$0 in yungscavebiomes.mixins.json:lost_caves.ServerLevelMixin
[30Nov2025 14:19:56.066] [main/DEBUG] [mixin/]: Renaming synthetic method lambda$yungscavebiomes_initSandstorm$0(Lnet/minecraft/nbt/CompoundTag;)Lcom/yungnickyoung/minecraft/yungscavebiomes/sandstorm/SandstormServerData; to md5fd9de$lambda$yungscavebiomes_initSandstorm$0$1 in yungscavebiomes.mixins.json:lost_caves.ServerLevelMixin
[30Nov2025 14:19:56.070] [main/DEBUG] [mixin/]: Mixing ServerLevelMixin from citadel.mixins.json into net.minecraft.server.level.ServerLevel
[30Nov2025 14:19:56.071] [main/DEBUG] [mixin/]: Mixing ServerLevelMixin from betterdeserttemples.mixins.json into net.minecraft.server.level.ServerLevel
[30Nov2025 14:19:56.073] [main/DEBUG] [mixin/]: Mixing EndergeticExpansionMixins from betterendisland.mixins.json into net.minecraft.server.level.ServerLevel
[30Nov2025 14:19:56.159] [main/DEBUG] [mixin/]: Mixing PlayerMixin from carryon.mixins.json into net.minecraft.world.entity.player.Player
[30Nov2025 14:19:56.163] [main/DEBUG] [mixin/]: Mixing PlayerMixin from alexscaves.mixins.json into net.minecraft.world.entity.player.Player
[30Nov2025 14:19:56.171] [main/DEBUG] [mixin/]: Mixing swimming.PlayerMixin from expandability-common.mixins.json into net.minecraft.world.entity.player.Player
[30Nov2025 14:19:56.231] [main/DEBUG] [mixin/]: Mixing inject.MixinFluid from architectury-common.mixins.json into net.minecraft.world.level.material.Fluid
[30Nov2025 14:19:56.235] [main/DEBUG] [mixin/]: Mixing accessors.item.AccessorItem from bookshelf.common.mixins.json into net.minecraft.world.item.Item
[30Nov2025 14:19:56.235] [main/DEBUG] [mixin/]: Mixing ItemMixin from tombstone.mixins.json into net.minecraft.world.item.Item
[30Nov2025 14:19:56.235] [main/DEBUG] [mixin/]: Renaming synthetic method lambda$methodIsFoil$1(Lnet/minecraft/world/item/ItemStack;Lovh/corail/tombstone/api/capability/ISoulConsumer;)Ljava/lang/Boolean; to md5fd9de$lambda$methodIsFoil$1$0 in tombstone.mixins.json:ItemMixin
[30Nov2025 14:19:56.235] [main/DEBUG] [mixin/]: Renaming synthetic method lambda$methodGetName$0(Lnet/minecraft/world/item/ItemStack;Lovh/corail/tombstone/api/capability/ISoulConsumer;)Ljava/lang/Boolean; to md5fd9de$lambda$methodGetName$0$1 in tombstone.mixins.json:ItemMixin
[30Nov2025 14:19:56.246] [main/DEBUG] [mixin/]: Mixing inject.MixinItem from architectury-common.mixins.json into net.minecraft.world.item.Item
[30Nov2025 14:19:56.265] [main/DEBUG] [net.minecraftforge.coremod.transformer.CoreModBaseTransformer/COREMOD]: Transforming net/minecraft/world/entity/EntityType
[30Nov2025 14:19:56.326] [main/DEBUG] [mixin/]: Mixing inject.MixinEntityType from architectury-common.mixins.json into net.minecraft.world.entity.EntityType
[30Nov2025 14:19:56.338] [main/DEBUG] [mixin/]: Mixing EnchantmentMixin from goblintraders.common.mixins.json into net.minecraft.world.item.enchantment.Enchantment
[30Nov2025 14:19:56.352] [main/DEBUG] [mixin/]: Mixing ChunkStatusMixin from alexscaves.mixins.json into net.minecraft.world.level.chunk.ChunkStatus
[30Nov2025 14:19:56.715] [main/DEBUG] [net.minecraftforge.coremod.transformer.CoreModBaseTransformer/COREMOD]: Transforming net/minecraft/world/level/block/LiquidBlock
[30Nov2025 14:19:56.716] [main/DEBUG] [mixin/]: Mixing inject.MixinLiquidBlock from architectury-common.mixins.json into net.minecraft.world.level.block.LiquidBlock
[30Nov2025 14:19:56.746] [main/DEBUG] [mixin/]: Mixing lost_caves.DeadBushBlockMixin from yungscavebiomes.mixins.json into net.minecraft.world.level.block.DeadBushBlock
[30Nov2025 14:19:56.771] [main/DEBUG] [net.minecraftforge.coremod.transformer.CoreModBaseTransformer/COREMOD]: Transforming net/minecraft/world/level/block/StairBlock
[30Nov2025 14:19:56.783] [main/DEBUG] [mixin/]: Mixing ChestBlockMixin from tombstone.mixins.json into net.minecraft.world.level.block.ChestBlock
[30Nov2025 14:19:56.806] [main/DEBUG] [mixin/]: Mixing CropBlockMixin from balm.mixins.json into net.minecraft.world.level.block.CropBlock
[30Nov2025 14:19:56.836] [main/DEBUG] [mixin/]: Mixing lost_caves.CactusBlockMixin from yungscavebiomes.mixins.json into net.minecraft.world.level.block.CactusBlock
[30Nov2025 14:19:56.864] [main/DEBUG] [mixin/]: Mixing StemBlockMixin from balm.mixins.json into net.minecraft.world.level.block.StemBlock
[30Nov2025 14:19:56.880] [main/DEBUG] [mixin/]: Mixing accessor.AbstractCauldronBlockAccessor from yungscavebiomes.mixins.json into net.minecraft.world.level.block.AbstractCauldronBlock
[30Nov2025 14:19:56.881] [main/DEBUG] [mixin/]: Mixing frosted_caves.AbstractCauldronBlockMixin from yungscavebiomes.mixins.json into net.minecraft.world.level.block.AbstractCauldronBlock
[30Nov2025 14:19:56.903] [main/DEBUG] [net.minecraftforge.coremod.transformer.CoreModBaseTransformer/COREMOD]: Transforming net/minecraft/world/level/block/FlowerPotBlock
[30Nov2025 14:19:56.958] [main/DEBUG] [mixin/]: Mixing swimming.BubbleColumnBlockMixin from expandability-common.mixins.json into net.minecraft.world.level.block.BubbleColumnBlock
[30Nov2025 14:19:56.996] [main/DEBUG] [mixin/]: Mixing MixinPowderSnowBlock from curios.mixins.json into net.minecraft.world.level.block.PowderSnowBlock
[30Nov2025 14:19:57.062] [main/DEBUG] [mixin/]: Mixing FlowingFluidMixin from alexscaves.mixins.json into net.minecraft.world.level.material.FlowingFluid
[30Nov2025 14:19:57.214] [main/DEBUG] [mixin/]: Mixing BlockEntityMixin from collective_forge.mixins.json into net.minecraft.world.level.block.entity.BlockEntity
[30Nov2025 14:19:57.240] [main/DEBUG] [mixin/]: Mixing accessor.BrushableBlockEntityAccessor from yungscavebiomes.mixins.json into net.minecraft.world.level.block.entity.BrushableBlockEntity
[30Nov2025 14:19:57.240] [main/DEBUG] [mixin/]: Mixing BrushableBlockEntityMixin from tombstone.mixins.json into net.minecraft.world.level.block.entity.BrushableBlockEntity
[30Nov2025 14:19:57.271] [main/DEBUG] [mixin/]: Mixing FallingBlockEntityMixin from alexscaves.mixins.json into net.minecraft.world.entity.item.FallingBlockEntity
[30Nov2025 14:19:57.277] [main/DEBUG] [mixin/]: Mixing MixinFallingBlockEntity from architectury.mixins.json into net.minecraft.world.entity.item.FallingBlockEntity
[30Nov2025 14:19:57.377] [main/DEBUG] [mixin/]: Mixing patches.block.entity.MixinBaseContainerBlockEntity from bookshelf.forge.mixins.json into net.minecraft.world.level.block.entity.BaseContainerBlockEntity
[30Nov2025 14:19:57.871] [main/DEBUG] [mixin/]: Mixing accessors.inventory.AccessorCraftingMenu from bookshelf.common.mixins.json into net.minecraft.world.inventory.CraftingMenu
[30Nov2025 14:19:57.883] [main/DEBUG] [mixin/]: Mixing accessors.block.entity.AccessorSignBlockEntity from bookshelf.common.mixins.json into net.minecraft.world.level.block.entity.SignBlockEntity
[30Nov2025 14:19:58.015] [main/DEBUG] [mixin/]: Mixing PersistentTridentMixin from betteroceanmonuments.mixins.json into net.minecraft.world.entity.projectile.AbstractArrow
[30Nov2025 14:19:58.019] [main/DEBUG] [mixin/]: Mixing accessor.AbstractArrowAccessor from yungscavebiomes.mixins.json into net.minecraft.world.entity.projectile.AbstractArrow
[30Nov2025 14:19:58.020] [main/DEBUG] [mixin/]: Mixing frosted_caves.AbstractArrowMixin from yungscavebiomes.mixins.json into net.minecraft.world.entity.projectile.AbstractArrow
[30Nov2025 14:19:58.032] [main/DEBUG] [mixin/]: Mixing AbstractArrowMixin from alexscaves.mixins.json into net.minecraft.world.entity.projectile.AbstractArrow
[30Nov2025 14:19:58.052] [main/DEBUG] [mixin/]: Mixing accessor.ProjectileAccessor from betteroceanmonuments.mixins.json into net.minecraft.world.entity.projectile.Projectile
[30Nov2025 14:19:58.067] [main/DEBUG] [mixin/]: Mixing debug.MobAccessor from yungscavebiomes.mixins.json into net.minecraft.world.entity.Mob
[30Nov2025 14:19:58.067] [main/DEBUG] [mixin/]: Mixing accessors.MobAccessor from mixins.artifacts.common.json into net.minecraft.world.entity.Mob
[30Nov2025 14:19:58.067] [main/DEBUG] [mixin/]: Mixing accessors.entity.AccessorMob from bookshelf.common.mixins.json into net.minecraft.world.entity.Mob
[30Nov2025 14:19:58.067] [main/DEBUG] [mixin/]: Mixing MobMixin from alexscaves.mixins.json into net.minecraft.world.entity.Mob
[30Nov2025 14:19:58.069] [main/DEBUG] [mixin/]: Mixing MobMixin from tombstone.mixins.json into net.minecraft.world.entity.Mob
[30Nov2025 14:19:58.069] [main/DEBUG] [mixin/]: Renaming synthetic method lambda$methodSetTarget$2(Lnet/minecraft/world/entity/LivingEntity;Ljava/util/UUID;)Ljava/lang/Boolean; to md5fd9de$lambda$methodSetTarget$2$0 in tombstone.mixins.json:MobMixin
[30Nov2025 14:19:58.069] [main/DEBUG] [mixin/]: Renaming synthetic method lambda$methodCanBeLeashed$1(Lnet/minecraft/world/entity/player/Player;Ljava/util/UUID;)Ljava/lang/Boolean; to md5fd9de$lambda$methodCanBeLeashed$1$1 in tombstone.mixins.json:MobMixin
[30Nov2025 14:19:58.070] [main/DEBUG] [mixin/]: Renaming synthetic method lambda$methodTick$0(Lnet/minecraft/world/entity/Mob;Lovh/corail/tombstone/api/capability/ISpellCaster;)V to md5fd9de$lambda$methodTick$0$2 in tombstone.mixins.json:MobMixin
[30Nov2025 14:19:58.087] [main/DEBUG] [mixin/]: Unexpected: Registered method getGoalSelector()Lnet/minecraft/world/entity/ai/goal/GoalSelector; in net.minecraft.world.entity.Mob was not merged
[30Nov2025 14:19:58.112] [main/DEBUG] [mixin/]: Mixing MonsterMixin from alexscaves.mixins.json into net.minecraft.world.entity.monster.Monster
[30Nov2025 14:19:58.116] [main/DEBUG] [mixin/]: Mixing MonsterMixin from tombstone.mixins.json into net.minecraft.world.entity.monster.Monster
[30Nov2025 14:19:58.186] [main/DEBUG] [net.minecraftforge.coremod.transformer.CoreModBaseTransformer/COREMOD]: Transforming net/minecraft/world/item/ItemStack
[30Nov2025 14:19:58.187] [main/DEBUG] [mixin/]: Mixing ItemStackMixin from tombstone.mixins.json into net.minecraft.world.item.ItemStack
[30Nov2025 14:19:58.252] [main/DEBUG] [mixin/]: Mixing SkullBlockEntityMixin from skinrestorer.mixins.json into net.minecraft.world.level.block.entity.SkullBlockEntity
[30Nov2025 14:19:58.270] [main/DEBUG] [mixin/]: Mixing RepairContainerMixin from goblintraders.common.mixins.json into net.minecraft.world.inventory.AnvilMenu
[30Nov2025 14:19:58.378] [main/DEBUG] [mixin/]: Mixing TheEndGatewayBlockEntityMixin from betterendisland.mixins.json into net.minecraft.world.level.block.entity.TheEndGatewayBlockEntity
[30Nov2025 14:19:58.591] [main/DEBUG] [mixin/]: Mixing SmithingMenuMixin from citadel.mixins.json into net.minecraft.world.inventory.SmithingMenu
[30Nov2025 14:19:58.703] [main/DEBUG] [mixin/]: Mixing patches.entity.MixinLightningBolt from bookshelf.common.mixins.json into net.minecraft.world.entity.LightningBolt
[30Nov2025 14:19:58.706] [main/DEBUG] [mixin/]: Mixing MixinLightningBolt from architectury-common.mixins.json into net.minecraft.world.entity.LightningBolt
[30Nov2025 14:19:58.775] [main/DEBUG] [net.minecraftforge.coremod.transformer.CoreModBaseTransformer/COREMOD]: Transforming net/minecraft/world/entity/animal/frog/Tadpole
[30Nov2025 14:19:58.807] [main/DEBUG] [net.minecraftforge.coremod.transformer.CoreModBaseTransformer/COREMOD]: Transforming net/minecraft/world/item/BucketItem
[30Nov2025 14:19:58.807] [main/DEBUG] [mixin/]: Mixing inject.MixinBucketItem from architectury-common.mixins.json into net.minecraft.world.item.BucketItem
[30Nov2025 14:19:58.813] [main/DEBUG] [mixin/]: Mixing BundleItemMixin from tombstone.mixins.json into net.minecraft.world.item.BundleItem
[30Nov2025 14:19:58.813] [main/DEBUG] [mixin/]: Renaming synthetic method lambda$getEnchantmentLevel$0(Lnet/minecraft/world/item/ItemStack;Lovh/corail/tombstone/api/capability/ISoulConsumer;)Ljava/lang/Boolean; to md5fd9de$lambda$getEnchantmentLevel$0$0 in tombstone.mixins.json:BundleItemMixin
[30Nov2025 14:19:58.816] [main/DEBUG] [mixin/]: Mixing item.wearable.anglershat.FishingRodItemMixin from mixins.artifacts.common.json into net.minecraft.world.item.FishingRodItem
[30Nov2025 14:19:58.821] [main/DEBUG] [mixin/]: Mixing BoneMealItemMixin from collective_forge.mixins.json into net.minecraft.world.item.BoneMealItem
[30Nov2025 14:19:58.826] [main/DEBUG] [mixin/]: Mixing MixinShearsItem from curios.mixins.json into net.minecraft.world.item.ShearsItem
[30Nov2025 14:19:58.828] [main/DEBUG] [mixin/]: Mixing PotionItemMixin from tombstone.mixins.json into net.minecraft.world.item.PotionItem
[30Nov2025 14:19:58.829] [main/DEBUG] [mixin/]: Renaming synthetic method lambda$methodFinishUsingItemReturn$1(Lnet/minecraft/world/entity/LivingEntity;Lovh/corail/tombstone/capability/ITBCapability;)V to md5fd9de$lambda$methodFinishUsingItemReturn$1$0 in tombstone.mixins.json:PotionItemMixin
[30Nov2025 14:19:58.829] [main/DEBUG] [mixin/]: Renaming synthetic method lambda$effectList$0(Lnet/minecraft/world/effect/MobEffectInstance;)Ljava/lang/Integer; to md5fd9de$lambda$effectList$0$1 in tombstone.mixins.json:PotionItemMixin
[30Nov2025 14:19:58.840] [main/DEBUG] [mixin/]: Mixing SpawnEggItemMixin from goblintraders.common.mixins.json into net.minecraft.world.item.SpawnEggItem
[30Nov2025 14:19:58.840] [main/DEBUG] [mixin/]: Renaming @Accessor method goblinTradersGetEggMap()Ljava/util/Map; to goblinTradersGetEggMap_$md$5fd9de$0 in goblintraders.common.mixins.json:SpawnEggItemMixin
[30Nov2025 14:19:58.853] [main/DEBUG] [mixin/]: Mixing frosted_caves.CrossbowItemMixin from yungscavebiomes.mixins.json into net.minecraft.world.item.CrossbowItem
[30Nov2025 14:19:58.854] [main/DEBUG] [mixin/]: Renaming synthetic method lambda$yungscavebiomes_supportIciclesInCrossbows2$2(Lnet/minecraft/world/item/ItemStack;)Z to md5fd9de$lambda$yungscavebiomes_supportIciclesInCrossbows2$2$0 in yungscavebiomes.mixins.json:frosted_caves.CrossbowItemMixin
[30Nov2025 14:19:58.854] [main/DEBUG] [mixin/]: Renaming synthetic method lambda$yungscavebiomes_supportIciclesInCrossbows$1(Lnet/minecraft/world/item/ItemStack;)Z to md5fd9de$lambda$yungscavebiomes_supportIciclesInCrossbows$1$1 in yungscavebiomes.mixins.json:frosted_caves.CrossbowItemMixin
[30Nov2025 14:19:58.854] [main/DEBUG] [mixin/]: Renaming synthetic method lambda$yungscavebiomes_shootIcicleProjectile$0(Lnet/minecraft/world/InteractionHand;Lnet/minecraft/world/entity/LivingEntity;)V to md5fd9de$lambda$yungscavebiomes_shootIcicleProjectile$0$2 in yungscavebiomes.mixins.json:frosted_caves.CrossbowItemMixin
[30Nov2025 14:19:58.870] [main/DEBUG] [mixin/]: Mixing lost_caves.BrushItemMixin from yungscavebiomes.mixins.json into net.minecraft.world.item.BrushItem
[30Nov2025 14:19:58.870] [main/DEBUG] [mixin/]: Renaming synthetic method lambda$yungscavebiomes_brushSuspiciousAncientSand$0(Lnet/minecraft/world/entity/EquipmentSlot;Lnet/minecraft/world/entity/LivingEntity;)V to md5fd9de$lambda$yungscavebiomes_brushSuspiciousAncientSand$0$0 in yungscavebiomes.mixins.json:lost_caves.BrushItemMixin
[30Nov2025 14:19:58.879] [main/DEBUG] [mixin/]: Mixing inject.MixinItemProperties from architectury-common.mixins.json into net.minecraft.world.item.Item$Properties
[30Nov2025 14:19:58.899] [main/DEBUG] [mixin/]: Mixing AbstractMinecartMixin from alexscaves.mixins.json into net.minecraft.world.entity.vehicle.AbstractMinecart
[30Nov2025 14:19:58.969] [main/DEBUG] [mixin/]: Mixing ServerPlayerMixin from betterendisland.mixins.json into net.minecraft.server.level.ServerPlayer
[30Nov2025 14:19:58.970] [main/DEBUG] [mixin/]: Mixing ServerPlayerEntityTickMixin from yungsapi.mixins.json into net.minecraft.server.level.ServerPlayer
[30Nov2025 14:19:58.971] [main/DEBUG] [mixin/]: Mixing ServerPlayerTickMixin from betterdeserttemples.mixins.json into net.minecraft.server.level.ServerPlayer
[30Nov2025 14:19:58.976] [main/DEBUG] [mixin/]: Mixing ServerPlayerMixin from tombstone.mixins.json into net.minecraft.server.level.ServerPlayer
[30Nov2025 14:19:58.977] [main/DEBUG] [mixin/]: Renaming synthetic method lambda$static$0()Ljava/lang/Boolean; to md5fd9de$lambda$static$0$0 in tombstone.mixins.json:ServerPlayerMixin
[30Nov2025 14:19:59.668] [main/DEBUG] [mixin/]: Mixing accessor.ArrowAccessor from yungscavebiomes.mixins.json into net.minecraft.world.entity.projectile.Arrow
[30Nov2025 14:19:59.675] [main/DEBUG] [mixin/]: Mixing ExperienceOrbAccess from clumps.mixins.json into net.minecraft.world.entity.ExperienceOrb
[30Nov2025 14:19:59.675] [main/DEBUG] [mixin/]: Mixing MixinExperienceOrb from clumps.mixins.json into net.minecraft.world.entity.ExperienceOrb
[30Nov2025 14:19:59.676] [main/DEBUG] [mixin/]: Renaming synthetic method lambda$clumps$resolve$7(Ljava/util/Map$Entry;)Ljava/lang/Integer; to md5fd9de$lambda$clumps$resolve$7$0 in clumps.mixins.json:MixinExperienceOrb
[30Nov2025 14:19:59.676] [main/DEBUG] [mixin/]: Renaming synthetic method lambda$addAdditionalSaveData$6(Lnet/minecraft/nbt/CompoundTag;Ljava/lang/Integer;Ljava/lang/Integer;)V to md5fd9de$lambda$addAdditionalSaveData$6$1 in clumps.mixins.json:MixinExperienceOrb
[30Nov2025 14:19:59.676] [main/DEBUG] [mixin/]: Renaming synthetic method lambda$tryMergeToExisting$5(Ljava/util/Map;)Ljava/util/stream/Stream; to md5fd9de$lambda$tryMergeToExisting$5$2 in clumps.mixins.json:MixinExperienceOrb
[30Nov2025 14:19:59.676] [main/DEBUG] [mixin/]: Renaming synthetic method lambda$tryMergeToExisting$4(IILnet/minecraft/world/entity/ExperienceOrb;)Z to md5fd9de$lambda$tryMergeToExisting$4$3 in clumps.mixins.json:MixinExperienceOrb
[30Nov2025 14:19:59.676] [main/DEBUG] [mixin/]: Renaming synthetic method lambda$merge$3(Ljava/util/Map;)Ljava/util/stream/Stream; to md5fd9de$lambda$merge$3$4 in clumps.mixins.json:MixinExperienceOrb
[30Nov2025 14:19:59.677] [main/DEBUG] [mixin/]: Renaming synthetic method lambda$clumps$repairPlayerItems$2(ILnet/minecraft/world/entity/player/Player;Lnet/minecraft/world/item/ItemStack;)Ljava/lang/Integer; to md5fd9de$lambda$clumps$repairPlayerItems$2$5 in clumps.mixins.json:MixinExperienceOrb
[30Nov2025 14:19:59.677] [main/DEBUG] [mixin/]: Renaming synthetic method lambda$clumps$repairPlayerItems$1(Lnet/minecraft/world/item/ItemStack;Ljava/lang/Integer;)Ljava/lang/Float; to md5fd9de$lambda$clumps$repairPlayerItems$1$6 in clumps.mixins.json:MixinExperienceOrb
[30Nov2025 14:19:59.677] [main/DEBUG] [mixin/]: Renaming synthetic method lambda$playerTouch$0(Lnet/minecraft/world/entity/player/Player;Ljava/util/concurrent/atomic/AtomicInteger;Ljava/lang/Integer;Ljava/lang/Integer;)V to md5fd9de$lambda$playerTouch$0$7 in clumps.mixins.json:MixinExperienceOrb
[30Nov2025 14:19:59.721] [main/DEBUG] [mixin/]: Mixing HurtByTargetGoalMixin from tombstone.mixins.json into net.minecraft.world.entity.ai.goal.target.HurtByTargetGoal
[30Nov2025 14:19:59.723] [main/DEBUG] [mixin/]: Mixing accessor.TargetGoalAccessor from tombstone.mixins.json into net.minecraft.world.entity.ai.goal.target.TargetGoal
[30Nov2025 14:19:59.751] [main/DEBUG] [net.minecraftforge.coremod.transformer.CoreModBaseTransformer/COREMOD]: Transforming net/minecraft/world/entity/monster/Spider
[30Nov2025 14:19:59.769] [main/DEBUG] [mixin/]: Mixing frosted_caves.SkeletonMixin from yungscavebiomes.mixins.json into net.minecraft.world.entity.monster.Skeleton
[30Nov2025 14:19:59.807] [main/DEBUG] [net.minecraftforge.coremod.transformer.CoreModBaseTransformer/COREMOD]: Transforming net/minecraft/world/entity/monster/Zombie
[30Nov2025 14:19:59.840] [main/DEBUG] [net.minecraftforge.coremod.transformer.CoreModBaseTransformer/COREMOD]: Transforming net/minecraft/world/entity/monster/ZombieVillager
[30Nov2025 14:19:59.865] [main/DEBUG] [mixin/]: Mixing ThrowableProjectileMixin from tombstone.mixins.json into net.minecraft.world.entity.projectile.ThrowableProjectile
[30Nov2025 14:19:59.886] [main/DEBUG] [net.minecraftforge.coremod.transformer.CoreModBaseTransformer/COREMOD]: Transforming net/minecraft/world/entity/monster/Evoker$EvokerSummonSpellGoal
[30Nov2025 14:19:59.907] [main/DEBUG] [mixin/]: Mixing FrogMixin from alexscaves.mixins.json into net.minecraft.world.entity.animal.frog.Frog
[30Nov2025 14:19:59.978] [main/DEBUG] [mixin/]: Mixing frosted_caves.ThrownPotionMixin from yungscavebiomes.mixins.json into net.minecraft.world.entity.projectile.ThrownPotion
[30Nov2025 14:20:00.001] [main/DEBUG] [net.minecraftforge.coremod.transformer.CoreModBaseTransformer/COREMOD]: Transforming net/minecraft/world/entity/animal/horse/SkeletonTrapGoal
[30Nov2025 14:20:00.018] [main/DEBUG] [net.minecraftforge.coremod.transformer.CoreModBaseTransformer/COREMOD]: Transforming net/minecraft/world/entity/monster/Strider
[30Nov2025 14:20:00.105] [main/DEBUG] [net.minecraftforge.coremod.transformer.CoreModBaseTransformer/COREMOD]: Transforming net/minecraft/world/entity/npc/Villager
[30Nov2025 14:20:00.175] [main/DEBUG] [mixin/]: Mixing item.wearable.villagerhat.VillagerMixin from mixins.artifacts.common.json into net.minecraft.world.entity.npc.Villager
[30Nov2025 14:20:00.176] [main/DEBUG] [mixin/]: Mixing accessor.VillagerAccessor from tombstone.mixins.json into net.minecraft.world.entity.npc.Villager
[30Nov2025 14:20:00.176] [main/DEBUG] [mixin/]: Mixing VillagerAccessor from trade_cycling.mixins.json into net.minecraft.world.entity.npc.Villager
[30Nov2025 14:20:00.185] [main/DEBUG] [mixin/]: Mixing MerchantMenuMixin from goblintraders.common.mixins.json into net.minecraft.world.inventory.MerchantMenu
[30Nov2025 14:20:00.185] [main/DEBUG] [mixin/]: Renaming synthetic method lambda$goblinTraders$isMatching$0(Ljava/util/Map;Ljava/util/Map$Entry;)Z to md5fd9de$lambda$goblinTraders$isMatching$0$0 in goblintraders.common.mixins.json:MerchantMenuMixin
[30Nov2025 14:20:00.187] [main/DEBUG] [mixin/]: Mixing MerchantMenuAccessor from trade_cycling.mixins.json into net.minecraft.world.inventory.MerchantMenu
[30Nov2025 14:20:00.222] [main/DEBUG] [mixin/]: Mixing inject.MixinFoodPropertiesBuilder from architectury-common.mixins.json into net.minecraft.world.food.FoodProperties$Builder
[30Nov2025 14:20:00.224] [main/DEBUG] [net.minecraftforge.coremod.transformer.CoreModBaseTransformer/COREMOD]: Transforming net/minecraft/world/effect/MobEffectInstance
[30Nov2025 14:20:00.225] [main/DEBUG] [mixin/]: Mixing accessors.effect.AccessorMobEffectInstance from bookshelf.common.mixins.json into net.minecraft.world.effect.MobEffectInstance
[30Nov2025 14:20:00.250] [main/DEBUG] [mixin/]: Mixing item.umbrella.server.ServerGamePacketListenerImplMixin from mixins.artifacts.common.json into net.minecraft.server.network.ServerGamePacketListenerImpl
[30Nov2025 14:20:00.250] [main/DEBUG] [mixin/]: Mixing swimming.server.ServerGamePacketListenerImplMixin from expandability-common.mixins.json into net.minecraft.server.network.ServerGamePacketListenerImpl
[30Nov2025 14:20:00.266] [main/DEBUG] [mixin/]: Mixing accessor.PotionBrewingAccessor from yungsapi.mixins.json into net.minecraft.world.item.alchemy.PotionBrewing
[30Nov2025 14:20:00.267] [main/DEBUG] [mixin/]: Renaming @Invoker method callAddMix(Lnet/minecraft/world/item/alchemy/Potion;Lnet/minecraft/world/item/Item;Lnet/minecraft/world/item/alchemy/Potion;)V to callAddMix_$md$5fd9de$0 in yungsapi.mixins.json:accessor.PotionBrewingAccessor
[30Nov2025 14:20:00.328] [main/DEBUG] [mixin/]: Mixing accessor.StructureProcessorAccessor from betterdungeons.mixins.json into net.minecraft.world.level.levelgen.structure.templatesystem.StructureProcessor
[30Nov2025 14:20:00.328] [main/DEBUG] [mixin/]: Mixing accessor.StructureProcessorAccessor from betterwitchhuts.mixins.json into net.minecraft.world.level.levelgen.structure.templatesystem.StructureProcessor
[30Nov2025 14:20:00.328] [main/DEBUG] [mixin/]: Mixing accessor.StructureProcessorAccessor from betteroceanmonuments.mixins.json into net.minecraft.world.level.levelgen.structure.templatesystem.StructureProcessor
[30Nov2025 14:20:00.328] [main/DEBUG] [mixin/]: Mixing accessor.StructureProcessorAccessor from betterdeserttemples.mixins.json into net.minecraft.world.level.levelgen.structure.templatesystem.StructureProcessor
[30Nov2025 14:20:00.328] [main/DEBUG] [mixin/]: Mixing accessor.StructureProcessorAccessor from betterjungletemples.mixins.json into net.minecraft.world.level.levelgen.structure.templatesystem.StructureProcessor
[30Nov2025 14:20:00.329] [main/DEBUG] [mixin/]: Unexpected: Registered method callGetType()Lnet/minecraft/world/level/levelgen/structure/templatesystem/StructureProcessorType; in net.minecraft.world.level.levelgen.structure.templatesystem.StructureProcessor was not merged
[30Nov2025 14:20:00.329] [main/DEBUG] [mixin/]: Unexpected: Registered method callGetType()Lnet/minecraft/world/level/levelgen/structure/templatesystem/StructureProcessorType; in net.minecraft.world.level.levelgen.structure.templatesystem.StructureProcessor was not merged
[30Nov2025 14:20:00.329] [main/DEBUG] [mixin/]: Unexpected: Registered method callGetType()Lnet/minecraft/world/level/levelgen/structure/templatesystem/StructureProcessorType; in net.minecraft.world.level.levelgen.structure.templatesystem.StructureProcessor was not merged
[30Nov2025 14:20:00.329] [main/DEBUG] [mixin/]: Unexpected: Registered method callGetType()Lnet/minecraft/world/level/levelgen/structure/templatesystem/StructureProcessorType; in net.minecraft.world.level.levelgen.structure.templatesystem.StructureProcessor was not merged
[30Nov2025 14:20:00.352] [main/DEBUG] [mixin/]: Mixing DisableVanillaWitchHutsMixin from betterwitchhuts.mixins.json into net.minecraft.world.level.chunk.ChunkGenerator
[30Nov2025 14:20:00.353] [main/DEBUG] [net.minecraftforge.coremod.transformer.CoreModBaseTransformer/COREMOD]: Transforming net/minecraft/world/level/levelgen/structure/Structure
[30Nov2025 14:20:00.357] [main/DEBUG] [mixin/]: Mixing DisableVanillaMonumentsMixin from betteroceanmonuments.mixins.json into net.minecraft.world.level.chunk.ChunkGenerator
[30Nov2025 14:20:00.358] [main/DEBUG] [mixin/]: Mixing ChunkGeneratorMixin from citadel.mixins.json into net.minecraft.world.level.chunk.ChunkGenerator
[30Nov2025 14:20:00.359] [main/DEBUG] [net.minecraftforge.coremod.transformer.CoreModBaseTransformer/COREMOD]: Transforming net/minecraft/world/level/biome/Biome
[30Nov2025 14:20:00.364] [main/DEBUG] [mixin/]: Mixing DisableVanillaPyramidsMixin from betterdeserttemples.mixins.json into net.minecraft.world.level.chunk.ChunkGenerator
[30Nov2025 14:20:00.364] [main/DEBUG] [mixin/]: Mixing DisableVanillaFortressesMixin from betterfortresses.mixins.json into net.minecraft.world.level.chunk.ChunkGenerator
[30Nov2025 14:20:00.365] [main/DEBUG] [mixin/]: Mixing DisableVanillaStrongholdsMixin from betterstrongholds.mixins.json into net.minecraft.world.level.chunk.ChunkGenerator
[30Nov2025 14:20:00.365] [main/DEBUG] [mixin/]: Mixing DisableVanillaMineshaftsMixin from bettermineshafts.mixins.json into net.minecraft.world.level.chunk.ChunkGenerator
[30Nov2025 14:20:00.366] [main/DEBUG] [mixin/]: Mixing DisableVanillaJungleTempleMixin from betterjungletemples.mixins.json into net.minecraft.world.level.chunk.ChunkGenerator
[30Nov2025 14:20:00.394] [main/DEBUG] [mixin/]: Mixing MixinInventory from curios.mixins.json into net.minecraft.world.entity.player.Inventory
[30Nov2025 14:20:00.394] [main/DEBUG] [mixin/]: Mixing InventoryMixin from carryon.mixins.json into net.minecraft.world.entity.player.Inventory
[30Nov2025 14:20:00.404] [main/DEBUG] [mixin/]: Mixing SlotAccessor from balm.mixins.json into net.minecraft.world.inventory.Slot
[30Nov2025 14:20:00.413] [main/DEBUG] [mixin/]: Mixing MerchantResultSlotMixin from goblintraders.common.mixins.json into net.minecraft.world.inventory.MerchantResultSlot
[30Nov2025 14:20:00.424] [main/DEBUG] [mixin/]: Mixing accessors.item.crafting.AccessorShapedRecipe from bookshelf.common.mixins.json into net.minecraft.world.item.crafting.ShapedRecipe
[30Nov2025 14:20:00.424] [main/DEBUG] [mixin/]: Renaming @Invoker method bookshelf$keyFromJson(Lcom/google/gson/JsonObject;)Ljava/util/Map; to bookshelf$keyFromJson_$md$5fd9de$0 in bookshelf.common.mixins.json:accessors.item.crafting.AccessorShapedRecipe
[30Nov2025 14:20:00.424] [main/DEBUG] [mixin/]: Renaming @Invoker method bookshelf$shrink([Ljava/lang/String;)[Ljava/lang/String; to bookshelf$shrink_$md$5fd9de$1 in bookshelf.common.mixins.json:accessors.item.crafting.AccessorShapedRecipe
[30Nov2025 14:20:00.424] [main/DEBUG] [mixin/]: Renaming @Invoker method bookshelf$patternFromJson(Lcom/google/gson/JsonArray;)[Ljava/lang/String; to bookshelf$patternFromJson_$md$5fd9de$2 in bookshelf.common.mixins.json:accessors.item.crafting.AccessorShapedRecipe
[30Nov2025 14:20:00.424] [main/DEBUG] [mixin/]: Renaming @Invoker method bookshelf$dissolvePattern([Ljava/lang/String;Ljava/util/Map;II)Lnet/minecraft/core/NonNullList; to bookshelf$dissolvePattern_$md$5fd9de$3 in bookshelf.common.mixins.json:accessors.item.crafting.AccessorShapedRecipe
[30Nov2025 14:20:00.425] [main/DEBUG] [mixin/]: Mixing accessor.ShapedRecipeAccessor from tombstone.mixins.json into net.minecraft.world.item.crafting.ShapedRecipe
[30Nov2025 14:20:00.499] [main/DEBUG] [mixin/]: Mixing EnchantRandomlyFunctionMixin from alexscaves.mixins.json into net.minecraft.world.level.storage.loot.functions.EnchantRandomlyFunction
[30Nov2025 14:20:00.499] [main/DEBUG] [mixin/]: Renaming synthetic method lambda$ac_enchantItem$0(ZLnet/minecraft/world/item/ItemStack;Lnet/minecraft/world/item/enchantment/Enchantment;)Z to md5fd9de$lambda$ac_enchantItem$0$0 in alexscaves.mixins.json:EnchantRandomlyFunctionMixin
[30Nov2025 14:20:00.514] [main/DEBUG] [mixin/]: Mixing MixinApplyBonusCount from curios.mixins.json into net.minecraft.world.level.storage.loot.functions.ApplyBonusCount
[30Nov2025 14:20:00.550] [main/DEBUG] [mixin/]: Mixing accessors.util.random.AccessorWeightedRandomList from bookshelf.common.mixins.json into net.minecraft.util.random.WeightedRandomList
[30Nov2025 14:20:00.613] [main/DEBUG] [mixin/]: Mixing NoVinesInTemplesMixin from betterjungletemples.mixins.json into net.minecraft.world.level.levelgen.feature.VinesFeature
[30Nov2025 14:20:00.618] [main/DEBUG] [mixin/]: Mixing MultifaceGrowthFeatureMixin from alexscaves.mixins.json into net.minecraft.world.level.levelgen.feature.MultifaceGrowthFeature
[30Nov2025 14:20:00.620] [main/DEBUG] [mixin/]: Mixing NoMagmaInStructuresMixin from betteroceanmonuments.mixins.json into net.minecraft.world.level.levelgen.feature.UnderwaterMagmaFeature
[30Nov2025 14:20:00.625] [main/DEBUG] [mixin/]: Mixing SpikeFeatureMixin from betterendisland.mixins.json into net.minecraft.world.level.levelgen.feature.SpikeFeature
[30Nov2025 14:20:00.628] [main/DEBUG] [mixin/]: Mixing EndGatewayFeatureMixin from betterendisland.mixins.json into net.minecraft.world.level.levelgen.feature.EndGatewayFeature
[30Nov2025 14:20:00.630] [main/DEBUG] [mixin/]: Mixing SeagrassFeatureMixin from alexscaves.mixins.json into net.minecraft.world.level.levelgen.feature.SeagrassFeature
[30Nov2025 14:20:00.632] [main/DEBUG] [mixin/]: Mixing KelpFeatureMixin from alexscaves.mixins.json into net.minecraft.world.level.levelgen.feature.KelpFeature
[30Nov2025 14:20:00.633] [main/DEBUG] [mixin/]: Mixing CoralFeatureMixin from alexscaves.mixins.json into net.minecraft.world.level.levelgen.feature.CoralFeature
[30Nov2025 14:20:00.639] [main/DEBUG] [mixin/]: Mixing NoBasaltColumnsInStructuresMixin from betterdungeons.mixins.json into net.minecraft.world.level.levelgen.feature.BasaltColumnsFeature
[30Nov2025 14:20:00.639] [main/DEBUG] [mixin/]: Mixing NoBasaltColumnsInStructuresMixin from betterfortresses.mixins.json into net.minecraft.world.level.levelgen.feature.BasaltColumnsFeature
[30Nov2025 14:20:00.643] [main/DEBUG] [mixin/]: Mixing NoDeltasInStructuresMixin from betterdungeons.mixins.json into net.minecraft.world.level.levelgen.feature.DeltaFeature
[30Nov2025 14:20:00.643] [main/DEBUG] [mixin/]: Mixing NoDeltasInStructuresMixin from betterfortresses.mixins.json into net.minecraft.world.level.levelgen.feature.DeltaFeature
[30Nov2025 14:20:00.660] [main/DEBUG] [mixin/]: Mixing common.PlacedFeatureAccessor from lithostitched.mixins.json into net.minecraft.world.level.levelgen.placement.PlacedFeature
[30Nov2025 14:20:00.672] [main/DEBUG] [mixin/]: Mixing common.StructureProcessorListAccessor from lithostitched.mixins.json into net.minecraft.world.level.levelgen.structure.templatesystem.StructureProcessorList
[30Nov2025 14:20:00.708] [main/DEBUG] [mixin/]: Mixing EndSpikeMixin from betterendisland.mixins.json into net.minecraft.world.level.levelgen.feature.SpikeFeature$EndSpike
[30Nov2025 14:20:00.748] [main/DEBUG] [mixin/]: Mixing common.StructureSetAccessor from lithostitched.mixins.json into net.minecraft.world.level.levelgen.structure.StructureSet
[30Nov2025 14:20:00.750] [main/DEBUG] [net.minecraftforge.coremod.transformer.CoreModBaseTransformer/COREMOD]: Transforming net/minecraft/world/level/levelgen/structure/Structure
[30Nov2025 14:20:00.783] [main/DEBUG] [net.minecraftforge.coremod.transformer.CoreModBaseTransformer/COREMOD]: Transforming net/minecraft/world/level/levelgen/structure/structures/OceanRuinPieces$OceanRuinPiece
[30Nov2025 14:20:00.796] [main/DEBUG] [net.minecraftforge.coremod.transformer.CoreModBaseTransformer/COREMOD]: Transforming net/minecraft/world/level/levelgen/structure/structures/SwampHutPiece
[30Nov2025 14:20:00.804] [main/DEBUG] [mixin/]: Mixing SwampHutPieceMixin from alexscaves.mixins.json into net.minecraft.world.level.levelgen.structure.structures.SwampHutPiece
[30Nov2025 14:20:00.807] [main/WARN] [mixin/]: Mixin alexscaves.mixins.json:SwampHutPieceMixin has multiple constructors, (Lnet/minecraft/world/level/levelgen/structure/pieces/StructurePieceType;IIIIIILnet/minecraft/core/Direction;)V was selected

[30Nov2025 14:20:00.811] [main/DEBUG] [net.minecraftforge.coremod.transformer.CoreModBaseTransformer/COREMOD]: Transforming net/minecraft/world/level/levelgen/structure/structures/OceanMonumentPieces$OceanMonumentPiece
[30Nov2025 14:20:00.838] [main/DEBUG] [net.minecraftforge.coremod.transformer.CoreModBaseTransformer/COREMOD]: Transforming net/minecraft/world/level/levelgen/structure/structures/WoodlandMansionPieces$WoodlandMansionPiece
[30Nov2025 14:20:00.853] [main/DEBUG] [mixin/]: Mixing common.ShipwreckPieceMixin from lithostitched.mixins.json into net.minecraft.world.level.levelgen.structure.structures.ShipwreckPieces$ShipwreckPiece
[30Nov2025 14:20:00.873] [main/DEBUG] [mixin/]: Mixing common.JigsawStructureMixin from lithostitched.mixins.json into net.minecraft.world.level.levelgen.structure.structures.JigsawStructure
[30Nov2025 14:20:00.875] [main/DEBUG] [mixin/]: Mixing JigsawStructureMixin from alexscaves.mixins.json into net.minecraft.world.level.levelgen.structure.structures.JigsawStructure
[30Nov2025 14:20:00.881] [main/DEBUG] [mixin/]: Mixing common.StructureTemplatePoolAccessor from lithostitched.mixins.json into net.minecraft.world.level.levelgen.structure.pools.StructureTemplatePool
[30Nov2025 14:20:00.881] [main/DEBUG] [mixin/]: Mixing common.StructureTemplatePoolMixin from lithostitched.mixins.json into net.minecraft.world.level.levelgen.structure.pools.StructureTemplatePool
[30Nov2025 14:20:00.882] [main/DEBUG] [mixin/]: Renaming synthetic method lambda$compileRawTemplates$0(Lcom/mojang/datafixers/util/Pair;)V to md5fd9de$lambda$compileRawTemplates$0$0 in lithostitched.mixins.json:common.StructureTemplatePoolMixin
[30Nov2025 14:20:00.882] [main/DEBUG] [mixin/]: Mixing StructureTemplatePoolAccessor from waystones.mixins.json into net.minecraft.world.level.levelgen.structure.pools.StructureTemplatePool
[30Nov2025 14:20:00.882] [main/DEBUG] [mixin/]: Mixing accessor.StructureTemplatePoolAccessor from yungsapi.mixins.json into net.minecraft.world.level.levelgen.structure.pools.StructureTemplatePool
[30Nov2025 14:20:00.883] [main/DEBUG] [mixin/]: Mixing IncreaseStructureWeightLimitMixinForge from yungsapi_forge.mixins.json into net.minecraft.world.level.levelgen.structure.pools.StructureTemplatePool
[30Nov2025 14:20:00.883] [main/DEBUG] [mixin/]: Mixing accessors.world.AccessorStructureTemplatePool from bookshelf.common.mixins.json into net.minecraft.world.level.levelgen.structure.pools.StructureTemplatePool
[30Nov2025 14:20:00.885] [main/DEBUG] [mixin/]: Unexpected: Registered method setRawTemplates(Ljava/util/List;)V in net.minecraft.world.level.levelgen.structure.pools.StructureTemplatePool was not merged
[30Nov2025 14:20:00.885] [main/DEBUG] [mixin/]: Unexpected: Registered method getRawTemplates()Ljava/util/List; in net.minecraft.world.level.levelgen.structure.pools.StructureTemplatePool was not merged
[30Nov2025 14:20:00.885] [main/DEBUG] [mixin/]: Unexpected: Registered method getRawTemplates()Ljava/util/List; in net.minecraft.world.level.levelgen.structure.pools.StructureTemplatePool was not merged
[30Nov2025 14:20:00.896] [main/DEBUG] [mixin/]: Mixing OceanMonumentStructureMixin from alexscaves.mixins.json into net.minecraft.world.level.levelgen.structure.structures.OceanMonumentStructure
[30Nov2025 14:20:00.904] [main/DEBUG] [mixin/]: Mixing ShipwreckStructureMixin from alexscaves.mixins.json into net.minecraft.world.level.levelgen.structure.structures.ShipwreckStructure
[30Nov2025 14:20:00.956] [main/DEBUG] [mixin/]: Mixing BiomeSourceMixin from alexscaves.mixins.json into net.minecraft.world.level.biome.BiomeSource
[30Nov2025 14:20:00.958] [main/DEBUG] [mixin/]: Mixing MixinBiomeSource from terrablender.mixins.json into net.minecraft.world.level.biome.BiomeSource
[30Nov2025 14:20:00.958] [main/DEBUG] [mixin/]: Renaming synthetic method lambda$appendDeferredBiomesList$0(Lcom/google/common/collect/ImmutableList;)Ljava/util/Set; to md5fd9de$lambda$appendDeferredBiomesList$0$0 in terrablender.mixins.json:MixinBiomeSource
[30Nov2025 14:20:00.965] [main/DEBUG] [net.minecraftforge.coremod.transformer.CoreModBaseTransformer/COREMOD]: Transforming net/minecraft/world/level/biome/Biome
[30Nov2025 14:20:01.001] [main/DEBUG] [mixin/]: Mixing MultiNoiseBiomeSourceMixin from alexscaves.mixins.json into net.minecraft.world.level.biome.MultiNoiseBiomeSource
[30Nov2025 14:20:01.004] [main/DEBUG] [mixin/]: Mixing MixinMultiNoiseBiomeSource from terrablender.mixins.json into net.minecraft.world.level.biome.MultiNoiseBiomeSource
[30Nov2025 14:20:01.007] [main/DEBUG] [mixin/]: Mixing MixinParameterList from terrablender.mixins.json into net.minecraft.world.level.biome.Climate$ParameterList
[30Nov2025 14:20:01.008] [main/DEBUG] [mixin/]: Renaming synthetic method lambda$initializeForTerraBlender$0(Lnet/minecraft/core/Registry;Lcom/google/common/collect/ImmutableList$Builder;Lcom/mojang/datafixers/util/Pair;)V to md5fd9de$lambda$initializeForTerraBlender$0$0 in terrablender.mixins.json:MixinParameterList
[30Nov2025 14:20:01.027] [main/DEBUG] [mixin/]: Mixing NoiseBasedChunkGenerator from yungscavebiomes.mixins.json into net.minecraft.world.level.levelgen.NoiseBasedChunkGenerator
[30Nov2025 14:20:01.028] [main/DEBUG] [mixin/]: Renaming synthetic method lambda$yungscavebiomes_captureBiomeRegistry$0(Lnet/minecraft/world/level/StructureManager;Lnet/minecraft/world/level/levelgen/blending/Blender;Lnet/minecraft/world/level/levelgen/RandomState;Lnet/minecraft/world/level/chunk/ChunkAccess;)Lnet/minecraft/world/level/levelgen/NoiseChunk; to md5fd9de$lambda$yungscavebiomes_captureBiomeRegistry$0$0 in yungscavebiomes.mixins.json:NoiseBasedChunkGenerator
[30Nov2025 14:20:01.035] [main/DEBUG] [mixin/]: Mixing NoiseGeneratorSettingsMixin from citadel.mixins.json into net.minecraft.world.level.levelgen.NoiseGeneratorSettings
[30Nov2025 14:20:01.037] [main/DEBUG] [mixin/]: Mixing common.NoiseGeneratorSettingsAccessor from lithostitched.mixins.json into net.minecraft.world.level.levelgen.NoiseGeneratorSettings
[30Nov2025 14:20:01.037] [main/DEBUG] [mixin/]: Mixing MixinNoiseGeneratorSettings from terrablender.mixins.json into net.minecraft.world.level.levelgen.NoiseGeneratorSettings
[30Nov2025 14:20:01.159] [main/DEBUG] [mixin/]: Mixing common.SinglePoolElementAccessor from lithostitched.mixins.json into net.minecraft.world.level.levelgen.structure.pools.SinglePoolElement
[30Nov2025 14:20:01.160] [main/DEBUG] [mixin/]: Mixing SinglePoolElementMixin from waystones.mixins.json into net.minecraft.world.level.levelgen.structure.pools.SinglePoolElement
[30Nov2025 14:20:01.160] [main/DEBUG] [mixin/]: Renaming synthetic method lambda$waystones$isWaystone$1(Lnet/minecraft/world/level/levelgen/structure/templatesystem/StructureTemplate;)V to md5fd9de$lambda$waystones$isWaystone$1$0 in waystones.mixins.json:SinglePoolElementMixin
[30Nov2025 14:20:01.160] [main/DEBUG] [mixin/]: Renaming synthetic method lambda$waystones$isWaystone$0(Lnet/minecraft/resources/ResourceLocation;)V to md5fd9de$lambda$waystones$isWaystone$0$1 in waystones.mixins.json:SinglePoolElementMixin
[30Nov2025 14:20:01.161] [main/DEBUG] [mixin/]: Mixing accessor.SinglePoolElementAccessor from yungsapi.mixins.json into net.minecraft.world.level.levelgen.structure.pools.SinglePoolElement
[30Nov2025 14:20:01.163] [main/DEBUG] [mixin/]: Unexpected: Registered method getTemplate()Lcom/mojang/datafixers/util/Either; in net.minecraft.world.level.levelgen.structure.pools.SinglePoolElement was not merged
[30Nov2025 14:20:01.168] [main/DEBUG] [mixin/]: Mixing accessor.ListPoolElementAccessor from yungsapi.mixins.json into net.minecraft.world.level.levelgen.structure.pools.ListPoolElement
[30Nov2025 14:20:01.169] [main/DEBUG] [mixin/]: Mixing accessor.FeaturePoolElementAccessor from yungsapi.mixins.json into net.minecraft.world.level.levelgen.structure.pools.FeaturePoolElement
[30Nov2025 14:20:01.279] [main/DEBUG] [net.minecraftforge.common.ForgeI18n/CORE]: Loading I18N data entries: 6430
[30Nov2025 14:20:01.295] [main/DEBUG] [net.minecraftforge.fml.ModWorkManager/LOADING]: Using 4 threads for parallel mod-loading
[30Nov2025 14:20:01.301] [main/DEBUG] [net.minecraftforge.fml.javafmlmod.FMLJavaModLanguageProvider/LOADING]: Loading FMLModContainer from classloader cpw.mods.modlauncher.TransformingClassLoader@7ab1127c - got cpw.mods.cl.ModuleClassLoader@6c37bd27
[30Nov2025 14:20:01.301] [main/DEBUG] [net.minecraftforge.fml.javafmlmod.FMLModContainer/LOADING]: Creating FMLModContainer instance for com.yungnickyoung.minecraft.betterdungeons.BetterDungeonsForge
[30Nov2025 14:20:01.305] [main/DEBUG] [net.minecraftforge.fml.javafmlmod.FMLJavaModLanguageProvider/LOADING]: Loading FMLModContainer from classloader cpw.mods.modlauncher.TransformingClassLoader@7ab1127c - got cpw.mods.cl.ModuleClassLoader@6c37bd27
[30Nov2025 14:20:01.305] [main/DEBUG] [net.minecraftforge.fml.javafmlmod.FMLModContainer/LOADING]: Creating FMLModContainer instance for net.blay09.mods.kuma.forge.ForgeKumaAPI
[30Nov2025 14:20:01.306] [main/DEBUG] [net.minecraftforge.fml.javafmlmod.FMLJavaModLanguageProvider/LOADING]: Loading FMLModContainer from classloader cpw.mods.modlauncher.TransformingClassLoader@7ab1127c - got cpw.mods.cl.ModuleClassLoader@6c37bd27
[30Nov2025 14:20:01.306] [main/DEBUG] [net.minecraftforge.fml.javafmlmod.FMLModContainer/LOADING]: Creating FMLModContainer instance for com.yungnickyoung.minecraft.betterwitchhuts.BetterWitchHutsForge
[30Nov2025 14:20:01.306] [main/DEBUG] [net.minecraftforge.fml.javafmlmod.FMLJavaModLanguageProvider/LOADING]: Loading FMLModContainer from classloader cpw.mods.modlauncher.TransformingClassLoader@7ab1127c - got cpw.mods.cl.ModuleClassLoader@6c37bd27
[30Nov2025 14:20:01.306] [main/DEBUG] [net.minecraftforge.fml.javafmlmod.FMLModContainer/LOADING]: Creating FMLModContainer instance for software.bernie.example.GeckoLibMod
[30Nov2025 14:20:01.307] [main/DEBUG] [net.minecraftforge.fml.javafmlmod.FMLJavaModLanguageProvider/LOADING]: Loading FMLModContainer from classloader cpw.mods.modlauncher.TransformingClassLoader@7ab1127c - got cpw.mods.cl.ModuleClassLoader@6c37bd27
[30Nov2025 14:20:01.307] [main/DEBUG] [net.minecraftforge.fml.javafmlmod.FMLModContainer/LOADING]: Creating FMLModContainer instance for dev.worldgen.lithostitched.LithostitchedForge
[30Nov2025 14:20:01.308] [main/DEBUG] [net.minecraftforge.fml.javafmlmod.FMLJavaModLanguageProvider/LOADING]: Loading FMLModContainer from classloader cpw.mods.modlauncher.TransformingClassLoader@7ab1127c - got cpw.mods.cl.ModuleClassLoader@6c37bd27
[30Nov2025 14:20:01.308] [main/DEBUG] [net.minecraftforge.fml.javafmlmod.FMLModContainer/LOADING]: Creating FMLModContainer instance for com.yungnickyoung.minecraft.betteroceanmonuments.BetterOceanMonumentsForge
[30Nov2025 14:20:01.308] [main/DEBUG] [net.minecraftforge.fml.javafmlmod.FMLJavaModLanguageProvider/LOADING]: Loading FMLModContainer from classloader cpw.mods.modlauncher.TransformingClassLoader@7ab1127c - got cpw.mods.cl.ModuleClassLoader@6c37bd27
[30Nov2025 14:20:01.308] [main/DEBUG] [net.minecraftforge.fml.javafmlmod.FMLModContainer/LOADING]: Creating FMLModContainer instance for com.mrcrayfish.goblintraders.GoblinTraders
[30Nov2025 14:20:01.309] [main/DEBUG] [net.minecraftforge.fml.javafmlmod.FMLJavaModLanguageProvider/LOADING]: Loading FMLModContainer from classloader cpw.mods.modlauncher.TransformingClassLoader@7ab1127c - got cpw.mods.cl.ModuleClassLoader@6c37bd27
[30Nov2025 14:20:01.309] [main/DEBUG] [net.minecraftforge.fml.javafmlmod.FMLModContainer/LOADING]: Creating FMLModContainer instance for com.mcwwindows.kikoz.MacawsWindows
[30Nov2025 14:20:01.309] [main/DEBUG] [net.minecraftforge.fml.javafmlmod.FMLJavaModLanguageProvider/LOADING]: Loading FMLModContainer from classloader cpw.mods.modlauncher.TransformingClassLoader@7ab1127c - got cpw.mods.cl.ModuleClassLoader@6c37bd27
[30Nov2025 14:20:01.309] [main/DEBUG] [net.minecraftforge.fml.javafmlmod.FMLModContainer/LOADING]: Creating FMLModContainer instance for net.p3pp3rf1y.sophisticatedcore.SophisticatedCore
[30Nov2025 14:20:01.310] [main/DEBUG] [net.minecraftforge.fml.javafmlmod.FMLJavaModLanguageProvider/LOADING]: Loading FMLModContainer from classloader cpw.mods.modlauncher.TransformingClassLoader@7ab1127c - got cpw.mods.cl.ModuleClassLoader@6c37bd27
[30Nov2025 14:20:01.310] [main/DEBUG] [net.minecraftforge.fml.javafmlmod.FMLModContainer/LOADING]: Creating FMLModContainer instance for net.blay09.mods.waystones.ForgeWaystones
[30Nov2025 14:20:01.310] [main/DEBUG] [net.minecraftforge.fml.javafmlmod.FMLJavaModLanguageProvider/LOADING]: Loading FMLModContainer from classloader cpw.mods.modlauncher.TransformingClassLoader@7ab1127c - got cpw.mods.cl.ModuleClassLoader@6c37bd27
[30Nov2025 14:20:01.310] [main/DEBUG] [net.minecraftforge.fml.javafmlmod.FMLModContainer/LOADING]: Creating FMLModContainer instance for com.natamus.villagernames.ModForge
[30Nov2025 14:20:01.311] [main/DEBUG] [net.minecraftforge.fml.javafmlmod.FMLJavaModLanguageProvider/LOADING]: Loading FMLModContainer from classloader cpw.mods.modlauncher.TransformingClassLoader@7ab1127c - got cpw.mods.cl.ModuleClassLoader@6c37bd27
[30Nov2025 14:20:01.311] [main/DEBUG] [net.minecraftforge.fml.javafmlmod.FMLModContainer/LOADING]: Creating FMLModContainer instance for com.mcwpaintings.kikoz.MacawsPaintings
[30Nov2025 14:20:01.312] [main/DEBUG] [net.minecraftforge.fml.javafmlmod.FMLJavaModLanguageProvider/LOADING]: Loading FMLModContainer from classloader cpw.mods.modlauncher.TransformingClassLoader@7ab1127c - got cpw.mods.cl.ModuleClassLoader@6c37bd27
[30Nov2025 14:20:01.312] [main/DEBUG] [net.minecraftforge.fml.javafmlmod.FMLModContainer/LOADING]: Creating FMLModContainer instance for com.blamejared.clumps.Clumps
[30Nov2025 14:20:01.312] [main/DEBUG] [net.minecraftforge.fml.javafmlmod.FMLJavaModLanguageProvider/LOADING]: Loading FMLModContainer from classloader cpw.mods.modlauncher.TransformingClassLoader@7ab1127c - got cpw.mods.cl.ModuleClassLoader@6c37bd27
[30Nov2025 14:20:01.312] [main/DEBUG] [net.minecraftforge.fml.javafmlmod.FMLModContainer/LOADING]: Creating FMLModContainer instance for journeymap.common.Journeymap
[30Nov2025 14:20:01.313] [main/DEBUG] [net.minecraftforge.fml.javafmlmod.FMLJavaModLanguageProvider/LOADING]: Loading FMLModContainer from classloader cpw.mods.modlauncher.TransformingClassLoader@7ab1127c - got cpw.mods.cl.ModuleClassLoader@6c37bd27
[30Nov2025 14:20:01.313] [main/DEBUG] [net.minecraftforge.fml.javafmlmod.FMLModContainer/LOADING]: Creating FMLModContainer instance for com.yungnickyoung.minecraft.yungscavebiomes.YungsCaveBiomesForge
[30Nov2025 14:20:01.314] [main/DEBUG] [net.minecraftforge.fml.javafmlmod.FMLJavaModLanguageProvider/LOADING]: Loading FMLModContainer from classloader cpw.mods.modlauncher.TransformingClassLoader@7ab1127c - got cpw.mods.cl.ModuleClassLoader@6c37bd27
[30Nov2025 14:20:01.314] [main/DEBUG] [net.minecraftforge.fml.javafmlmod.FMLModContainer/LOADING]: Creating FMLModContainer instance for com.github.alexthe666.citadel.Citadel
[30Nov2025 14:20:01.315] [main/DEBUG] [net.minecraftforge.fml.javafmlmod.FMLJavaModLanguageProvider/LOADING]: Loading FMLModContainer from classloader cpw.mods.modlauncher.TransformingClassLoader@7ab1127c - got cpw.mods.cl.ModuleClassLoader@6c37bd27
[30Nov2025 14:20:01.315] [main/DEBUG] [net.minecraftforge.fml.javafmlmod.FMLModContainer/LOADING]: Creating FMLModContainer instance for artifacts.forge.ArtifactsForge
[30Nov2025 14:20:01.316] [main/DEBUG] [net.minecraftforge.fml.javafmlmod.FMLJavaModLanguageProvider/LOADING]: Loading FMLModContainer from classloader cpw.mods.modlauncher.TransformingClassLoader@7ab1127c - got cpw.mods.cl.ModuleClassLoader@6c37bd27
[30Nov2025 14:20:01.316] [main/DEBUG] [net.minecraftforge.fml.javafmlmod.FMLModContainer/LOADING]: Creating FMLModContainer instance for com.yungnickyoung.minecraft.yungsapi.YungsApiForge
[30Nov2025 14:20:01.316] [main/DEBUG] [net.minecraftforge.fml.javafmlmod.FMLJavaModLanguageProvider/LOADING]: Loading FMLModContainer from classloader cpw.mods.modlauncher.TransformingClassLoader@7ab1127c - got cpw.mods.cl.ModuleClassLoader@6c37bd27
[30Nov2025 14:20:01.316] [main/DEBUG] [net.minecraftforge.fml.javafmlmod.FMLModContainer/LOADING]: Creating FMLModContainer instance for com.mcwstairs.kikoz.MacawsStairs
[30Nov2025 14:20:01.317] [main/DEBUG] [net.minecraftforge.fml.javafmlmod.FMLJavaModLanguageProvider/LOADING]: Loading FMLModContainer from classloader cpw.mods.modlauncher.TransformingClassLoader@7ab1127c - got cpw.mods.cl.ModuleClassLoader@6c37bd27
[30Nov2025 14:20:01.317] [main/DEBUG] [net.minecraftforge.fml.javafmlmod.FMLModContainer/LOADING]: Creating FMLModContainer instance for com.llamalad7.mixinextras.platform.forge.MixinExtrasMod
[30Nov2025 14:20:01.318] [main/DEBUG] [net.minecraftforge.fml.javafmlmod.FMLJavaModLanguageProvider/LOADING]: Loading FMLModContainer from classloader cpw.mods.modlauncher.TransformingClassLoader@7ab1127c - got cpw.mods.cl.ModuleClassLoader@6c37bd27
[30Nov2025 14:20:01.318] [main/DEBUG] [net.minecraftforge.fml.javafmlmod.FMLModContainer/LOADING]: Creating FMLModContainer instance for net.darkhax.bookshelf.BookshelfForge
[30Nov2025 14:20:01.318] [main/DEBUG] [net.minecraftforge.fml.javafmlmod.FMLJavaModLanguageProvider/LOADING]: Loading FMLModContainer from classloader cpw.mods.modlauncher.TransformingClassLoader@7ab1127c - got cpw.mods.cl.ModuleClassLoader@6c37bd27
[30Nov2025 14:20:01.318] [main/DEBUG] [net.minecraftforge.fml.javafmlmod.FMLModContainer/LOADING]: Creating FMLModContainer instance for net.p3pp3rf1y.sophisticatedbackpacks.SophisticatedBackpacks
[30Nov2025 14:20:01.319] [main/DEBUG] [net.minecraftforge.fml.javafmlmod.FMLJavaModLanguageProvider/LOADING]: Loading FMLModContainer from classloader cpw.mods.modlauncher.TransformingClassLoader@7ab1127c - got cpw.mods.cl.ModuleClassLoader@6c37bd27
[30Nov2025 14:20:01.319] [main/DEBUG] [net.minecraftforge.fml.javafmlmod.FMLModContainer/LOADING]: Creating FMLModContainer instance for com.yungnickyoung.minecraft.betterdeserttemples.BetterDesertTemplesForge
[30Nov2025 14:20:01.319] [main/DEBUG] [net.minecraftforge.fml.javafmlmod.FMLJavaModLanguageProvider/LOADING]: Loading FMLModContainer from classloader cpw.mods.modlauncher.TransformingClassLoader@7ab1127c - got cpw.mods.cl.ModuleClassLoader@6c37bd27
[30Nov2025 14:20:01.319] [main/DEBUG] [net.minecraftforge.fml.javafmlmod.FMLModContainer/LOADING]: Creating FMLModContainer instance for com.mcwdoors.kikoz.MacawsDoors
[30Nov2025 14:20:01.319] [main/DEBUG] [net.minecraftforge.fml.javafmlmod.FMLJavaModLanguageProvider/LOADING]: Loading FMLModContainer from classloader cpw.mods.modlauncher.TransformingClassLoader@7ab1127c - got cpw.mods.cl.ModuleClassLoader@6c37bd27
[30Nov2025 14:20:01.320] [main/DEBUG] [net.minecraftforge.fml.javafmlmod.FMLModContainer/LOADING]: Creating FMLModContainer instance for net.blay09.mods.balm.forge.ForgeBalm
[30Nov2025 14:20:01.320] [main/DEBUG] [net.minecraftforge.fml.javafmlmod.FMLJavaModLanguageProvider/LOADING]: Loading FMLModContainer from classloader cpw.mods.modlauncher.TransformingClassLoader@7ab1127c - got cpw.mods.cl.ModuleClassLoader@6c37bd27
[30Nov2025 14:20:01.320] [main/DEBUG] [net.minecraftforge.fml.javafmlmod.FMLModContainer/LOADING]: Creating FMLModContainer instance for tschipp.carryon.CarryOnForge
[30Nov2025 14:20:01.320] [main/DEBUG] [net.minecraftforge.fml.javafmlmod.FMLJavaModLanguageProvider/LOADING]: Loading FMLModContainer from classloader cpw.mods.modlauncher.TransformingClassLoader@7ab1127c - got cpw.mods.cl.ModuleClassLoader@6c37bd27
[30Nov2025 14:20:01.320] [main/DEBUG] [net.minecraftforge.fml.javafmlmod.FMLModContainer/LOADING]: Creating FMLModContainer instance for com.yungnickyoung.minecraft.betterfortresses.BetterFortressesForge
[30Nov2025 14:20:01.321] [main/DEBUG] [net.minecraftforge.fml.javafmlmod.FMLJavaModLanguageProvider/LOADING]: Loading FMLModContainer from classloader cpw.mods.modlauncher.TransformingClassLoader@7ab1127c - got cpw.mods.cl.ModuleClassLoader@6c37bd27
[30Nov2025 14:20:01.321] [main/DEBUG] [net.minecraftforge.fml.javafmlmod.FMLModContainer/LOADING]: Creating FMLModContainer instance for me.shedaniel.clothconfig.ClothConfigForge
[30Nov2025 14:20:01.321] [main/DEBUG] [net.minecraftforge.fml.javafmlmod.FMLJavaModLanguageProvider/LOADING]: Loading FMLModContainer from classloader cpw.mods.modlauncher.TransformingClassLoader@7ab1127c - got cpw.mods.cl.ModuleClassLoader@6c37bd27
[30Nov2025 14:20:01.321] [main/DEBUG] [net.minecraftforge.fml.javafmlmod.FMLModContainer/LOADING]: Creating FMLModContainer instance for net.minecraftforge.common.ForgeMod
[30Nov2025 14:20:01.323] [main/DEBUG] [net.minecraftforge.fml.javafmlmod.FMLJavaModLanguageProvider/LOADING]: Loading FMLModContainer from classloader cpw.mods.modlauncher.TransformingClassLoader@7ab1127c - got cpw.mods.cl.ModuleClassLoader@6c37bd27
[30Nov2025 14:20:01.323] [main/DEBUG] [net.minecraftforge.fml.javafmlmod.FMLModContainer/LOADING]: Creating FMLModContainer instance for net.ctov.forge.ctovForge
[30Nov2025 14:20:01.324] [main/DEBUG] [net.minecraftforge.fml.javafmlmod.FMLJavaModLanguageProvider/LOADING]: Loading FMLModContainer from classloader cpw.mods.modlauncher.TransformingClassLoader@7ab1127c - got cpw.mods.cl.ModuleClassLoader@6c37bd27
[30Nov2025 14:20:01.324] [main/DEBUG] [net.minecraftforge.fml.javafmlmod.FMLModContainer/LOADING]: Creating FMLModContainer instance for com.mcwpaths.kikoz.MacawsPaths
[30Nov2025 14:20:01.324] [main/DEBUG] [net.minecraftforge.fml.javafmlmod.FMLJavaModLanguageProvider/LOADING]: Loading FMLModContainer from classloader cpw.mods.modlauncher.TransformingClassLoader@7ab1127c - got cpw.mods.cl.ModuleClassLoader@6c37bd27
[30Nov2025 14:20:01.324] [main/DEBUG] [net.minecraftforge.fml.javafmlmod.FMLModContainer/LOADING]: Creating FMLModContainer instance for net.aurelj.dungeons_arise.DungeonsAriseMain
[30Nov2025 14:20:01.325] [main/DEBUG] [net.minecraftforge.fml.javafmlmod.FMLJavaModLanguageProvider/LOADING]: Loading FMLModContainer from classloader cpw.mods.modlauncher.TransformingClassLoader@7ab1127c - got cpw.mods.cl.ModuleClassLoader@6c37bd27
[30Nov2025 14:20:01.325] [main/DEBUG] [net.minecraftforge.fml.javafmlmod.FMLModContainer/LOADING]: Creating FMLModContainer instance for com.mcwbridges.kikoz.MacawsBridges
[30Nov2025 14:20:01.325] [main/DEBUG] [net.minecraftforge.fml.javafmlmod.FMLJavaModLanguageProvider/LOADING]: Loading FMLModContainer from classloader cpw.mods.modlauncher.TransformingClassLoader@7ab1127c - got cpw.mods.cl.ModuleClassLoader@6c37bd27
[30Nov2025 14:20:01.326] [main/DEBUG] [net.minecraftforge.fml.javafmlmod.FMLModContainer/LOADING]: Creating FMLModContainer instance for com.github.alexmodguy.alexscaves.AlexsCaves
[30Nov2025 14:20:01.327] [main/DEBUG] [net.minecraftforge.fml.javafmlmod.FMLJavaModLanguageProvider/LOADING]: Loading FMLModContainer from classloader cpw.mods.modlauncher.TransformingClassLoader@7ab1127c - got cpw.mods.cl.ModuleClassLoader@6c37bd27
[30Nov2025 14:20:01.327] [main/DEBUG] [net.minecraftforge.fml.javafmlmod.FMLModContainer/LOADING]: Creating FMLModContainer instance for de.maxhenkel.tradecycling.ForgeTradeCyclingMod
[30Nov2025 14:20:01.328] [main/DEBUG] [net.minecraftforge.fml.javafmlmod.FMLJavaModLanguageProvider/LOADING]: Loading FMLModContainer from classloader cpw.mods.modlauncher.TransformingClassLoader@7ab1127c - got cpw.mods.cl.ModuleClassLoader@6c37bd27
[30Nov2025 14:20:01.328] [main/DEBUG] [net.minecraftforge.fml.javafmlmod.FMLModContainer/LOADING]: Creating FMLModContainer instance for net.darkhax.enchdesc.EnchDescForge
[30Nov2025 14:20:01.328] [main/DEBUG] [net.minecraftforge.fml.javafmlmod.FMLJavaModLanguageProvider/LOADING]: Loading FMLModContainer from classloader cpw.mods.modlauncher.TransformingClassLoader@7ab1127c - got cpw.mods.cl.ModuleClassLoader@6c37bd27
[30Nov2025 14:20:01.328] [main/DEBUG] [net.minecraftforge.fml.javafmlmod.FMLModContainer/LOADING]: Creating FMLModContainer instance for terrablender.core.TerraBlenderForge
[30Nov2025 14:20:01.328] [main/DEBUG] [net.minecraftforge.fml.javafmlmod.FMLJavaModLanguageProvider/LOADING]: Loading FMLModContainer from classloader cpw.mods.modlauncher.TransformingClassLoader@7ab1127c - got cpw.mods.cl.ModuleClassLoader@6c37bd27
[30Nov2025 14:20:01.329] [main/DEBUG] [net.minecraftforge.fml.javafmlmod.FMLModContainer/LOADING]: Creating FMLModContainer instance for com.mcwtrpdoors.kikoz.MacawsTrapdoors
[30Nov2025 14:20:01.329] [main/DEBUG] [net.minecraftforge.fml.javafmlmod.FMLJavaModLanguageProvider/LOADING]: Loading FMLModContainer from classloader cpw.mods.modlauncher.TransformingClassLoader@7ab1127c - got cpw.mods.cl.ModuleClassLoader@6c37bd27
[30Nov2025 14:20:01.329] [main/DEBUG] [net.minecraftforge.fml.javafmlmod.FMLModContainer/LOADING]: Creating FMLModContainer instance for com.mcwfences.kikoz.MacawsFences
[30Nov2025 14:20:01.329] [main/DEBUG] [net.minecraftforge.fml.javafmlmod.FMLJavaModLanguageProvider/LOADING]: Loading FMLModContainer from classloader cpw.mods.modlauncher.TransformingClassLoader@7ab1127c - got cpw.mods.cl.ModuleClassLoader@6c37bd27
[30Nov2025 14:20:01.329] [main/DEBUG] [net.minecraftforge.fml.javafmlmod.FMLModContainer/LOADING]: Creating FMLModContainer instance for com.yungnickyoung.minecraft.yungsbridges.YungsBridgesForge
[30Nov2025 14:20:01.330] [main/DEBUG] [net.minecraftforge.fml.javafmlmod.FMLJavaModLanguageProvider/LOADING]: Loading FMLModContainer from classloader cpw.mods.modlauncher.TransformingClassLoader@7ab1127c - got cpw.mods.cl.ModuleClassLoader@6c37bd27
[30Nov2025 14:20:01.330] [main/DEBUG] [net.minecraftforge.fml.javafmlmod.FMLModContainer/LOADING]: Creating FMLModContainer instance for net.mcreator.borninchaosv.BornInChaosV1Mod
[30Nov2025 14:20:01.330] [main/DEBUG] [net.minecraftforge.fml.javafmlmod.FMLJavaModLanguageProvider/LOADING]: Loading FMLModContainer from classloader cpw.mods.modlauncher.TransformingClassLoader@7ab1127c - got cpw.mods.cl.ModuleClassLoader@6c37bd27
[30Nov2025 14:20:01.331] [main/DEBUG] [net.minecraftforge.fml.javafmlmod.FMLModContainer/LOADING]: Creating FMLModContainer instance for top.theillusivec4.curios.Curios
[30Nov2025 14:20:01.331] [main/DEBUG] [net.minecraftforge.fml.javafmlmod.FMLJavaModLanguageProvider/LOADING]: Loading FMLModContainer from classloader cpw.mods.modlauncher.TransformingClassLoader@7ab1127c - got cpw.mods.cl.ModuleClassLoader@6c37bd27
[30Nov2025 14:20:01.331] [main/DEBUG] [net.minecraftforge.fml.javafmlmod.FMLModContainer/LOADING]: Creating FMLModContainer instance for com.natamus.collective.CollectiveForge
[30Nov2025 14:20:01.332] [main/DEBUG] [net.minecraftforge.fml.javafmlmod.FMLJavaModLanguageProvider/LOADING]: Loading FMLModContainer from classloader cpw.mods.modlauncher.TransformingClassLoader@7ab1127c - got cpw.mods.cl.ModuleClassLoader@6c37bd27
[30Nov2025 14:20:01.332] [main/DEBUG] [net.minecraftforge.fml.javafmlmod.FMLModContainer/LOADING]: Creating FMLModContainer instance for com.yungnickyoung.minecraft.yungsextras.YungsExtrasForge
[30Nov2025 14:20:01.332] [main/DEBUG] [net.minecraftforge.fml.javafmlmod.FMLJavaModLanguageProvider/LOADING]: Loading FMLModContainer from classloader cpw.mods.modlauncher.TransformingClassLoader@7ab1127c - got cpw.mods.cl.ModuleClassLoader@6c37bd27
[30Nov2025 14:20:01.332] [main/DEBUG] [net.minecraftforge.fml.javafmlmod.FMLModContainer/LOADING]: Creating FMLModContainer instance for com.yungnickyoung.minecraft.betterstrongholds.BetterStrongholdsForge
[30Nov2025 14:20:01.332] [main/DEBUG] [net.minecraftforge.fml.javafmlmod.FMLJavaModLanguageProvider/LOADING]: Loading FMLModContainer from classloader cpw.mods.modlauncher.TransformingClassLoader@7ab1127c - got cpw.mods.cl.ModuleClassLoader@6c37bd27
[30Nov2025 14:20:01.332] [main/DEBUG] [net.minecraftforge.fml.javafmlmod.FMLModContainer/LOADING]: Creating FMLModContainer instance for ovh.corail.tombstone.ModTombstone
[30Nov2025 14:20:01.333] [main/DEBUG] [net.minecraftforge.fml.javafmlmod.FMLJavaModLanguageProvider/LOADING]: Loading FMLModContainer from classloader cpw.mods.modlauncher.TransformingClassLoader@7ab1127c - got cpw.mods.cl.ModuleClassLoader@6c37bd27
[30Nov2025 14:20:01.333] [main/DEBUG] [net.minecraftforge.fml.javafmlmod.FMLModContainer/LOADING]: Creating FMLModContainer instance for com.mcwroofs.kikoz.MacawsRoofs
[30Nov2025 14:20:01.333] [main/DEBUG] [net.minecraftforge.fml.javafmlmod.FMLJavaModLanguageProvider/LOADING]: Loading FMLModContainer from classloader cpw.mods.modlauncher.TransformingClassLoader@7ab1127c - got cpw.mods.cl.ModuleClassLoader@6c37bd27
[30Nov2025 14:20:01.333] [main/DEBUG] [net.minecraftforge.fml.javafmlmod.FMLModContainer/LOADING]: Creating FMLModContainer instance for dev.architectury.forge.ArchitecturyForge
[30Nov2025 14:20:01.334] [main/DEBUG] [net.minecraftforge.fml.javafmlmod.FMLJavaModLanguageProvider/LOADING]: Loading FMLModContainer from classloader cpw.mods.modlauncher.TransformingClassLoader@7ab1127c - got cpw.mods.cl.ModuleClassLoader@6c37bd27
[30Nov2025 14:20:01.334] [main/DEBUG] [net.minecraftforge.fml.javafmlmod.FMLModContainer/LOADING]: Creating FMLModContainer instance for com.mcwfurnitures.kikoz.MacawsFurnitures
[30Nov2025 14:20:01.334] [main/DEBUG] [net.minecraftforge.fml.javafmlmod.FMLJavaModLanguageProvider/LOADING]: Loading FMLModContainer from classloader cpw.mods.modlauncher.TransformingClassLoader@7ab1127c - got cpw.mods.cl.ModuleClassLoader@6c37bd27
[30Nov2025 14:20:01.334] [main/DEBUG] [net.minecraftforge.fml.javafmlmod.FMLModContainer/LOADING]: Creating FMLModContainer instance for com.yungnickyoung.minecraft.betterendisland.BetterEndIslandForge
[30Nov2025 14:20:01.335] [main/DEBUG] [net.minecraftforge.fml.javafmlmod.FMLJavaModLanguageProvider/LOADING]: Loading FMLModContainer from classloader cpw.mods.modlauncher.TransformingClassLoader@7ab1127c - got cpw.mods.cl.ModuleClassLoader@6c37bd27
[30Nov2025 14:20:01.335] [main/DEBUG] [net.minecraftforge.fml.javafmlmod.FMLModContainer/LOADING]: Creating FMLModContainer instance for com.mrcrayfish.framework.FrameworkForge
[30Nov2025 14:20:01.335] [main/DEBUG] [net.minecraftforge.fml.javafmlmod.FMLJavaModLanguageProvider/LOADING]: Loading FMLModContainer from classloader cpw.mods.modlauncher.TransformingClassLoader@7ab1127c - got cpw.mods.cl.ModuleClassLoader@6c37bd27
[30Nov2025 14:20:01.335] [main/DEBUG] [net.minecraftforge.fml.javafmlmod.FMLModContainer/LOADING]: Creating FMLModContainer instance for net.olafski.fastleafdecay.FastLeafDecay
[30Nov2025 14:20:01.336] [main/DEBUG] [net.minecraftforge.fml.javafmlmod.FMLJavaModLanguageProvider/LOADING]: Loading FMLModContainer from classloader cpw.mods.modlauncher.TransformingClassLoader@7ab1127c - got cpw.mods.cl.ModuleClassLoader@6c37bd27
[30Nov2025 14:20:01.336] [main/DEBUG] [net.minecraftforge.fml.javafmlmod.FMLModContainer/LOADING]: Creating FMLModContainer instance for lain.mods.cos.init.forge.ForgeCosmeticArmorReworked
[30Nov2025 14:20:01.336] [main/DEBUG] [net.minecraftforge.fml.javafmlmod.FMLJavaModLanguageProvider/LOADING]: Loading FMLModContainer from classloader cpw.mods.modlauncher.TransformingClassLoader@7ab1127c - got cpw.mods.cl.ModuleClassLoader@6c37bd27
[30Nov2025 14:20:01.337] [main/DEBUG] [net.minecraftforge.fml.javafmlmod.FMLModContainer/LOADING]: Creating FMLModContainer instance for be.florens.expandability.forge.ExpandAbilityForge
[30Nov2025 14:20:01.337] [main/DEBUG] [net.minecraftforge.fml.javafmlmod.FMLJavaModLanguageProvider/LOADING]: Loading FMLModContainer from classloader cpw.mods.modlauncher.TransformingClassLoader@7ab1127c - got cpw.mods.cl.ModuleClassLoader@6c37bd27
[30Nov2025 14:20:01.337] [main/DEBUG] [net.minecraftforge.fml.javafmlmod.FMLModContainer/LOADING]: Creating FMLModContainer instance for com.yungnickyoung.minecraft.bettermineshafts.BetterMineshaftsForge
[30Nov2025 14:20:01.337] [main/DEBUG] [net.minecraftforge.fml.javafmlmod.FMLJavaModLanguageProvider/LOADING]: Loading FMLModContainer from classloader cpw.mods.modlauncher.TransformingClassLoader@7ab1127c - got cpw.mods.cl.ModuleClassLoader@6c37bd27
[30Nov2025 14:20:01.337] [main/DEBUG] [net.minecraftforge.fml.javafmlmod.FMLModContainer/LOADING]: Creating FMLModContainer instance for net.lionarius.skinrestorer.forge.SkinRestorerForge
[30Nov2025 14:20:01.338] [main/DEBUG] [net.minecraftforge.fml.javafmlmod.FMLJavaModLanguageProvider/LOADING]: Loading FMLModContainer from classloader cpw.mods.modlauncher.TransformingClassLoader@7ab1127c - got cpw.mods.cl.ModuleClassLoader@6c37bd27
[30Nov2025 14:20:01.338] [main/DEBUG] [net.minecraftforge.fml.javafmlmod.FMLModContainer/LOADING]: Creating FMLModContainer instance for com.mcwlights.kikoz.MacawsLights
[30Nov2025 14:20:01.338] [main/DEBUG] [net.minecraftforge.fml.javafmlmod.FMLJavaModLanguageProvider/LOADING]: Loading FMLModContainer from classloader cpw.mods.modlauncher.TransformingClassLoader@7ab1127c - got cpw.mods.cl.ModuleClassLoader@6c37bd27
[30Nov2025 14:20:01.338] [main/DEBUG] [net.minecraftforge.fml.javafmlmod.FMLModContainer/LOADING]: Creating FMLModContainer instance for com.yungnickyoung.minecraft.betterjungletemples.BetterJungleTemplesForge
[30Nov2025 14:20:01.349] [modloading-worker-0/DEBUG] [net.minecraftforge.fml.javafmlmod.AutomaticEventSubscriber/LOADING]: Attempting to inject @EventBusSubscriber classes into the eventbus for kuma_api
[30Nov2025 14:20:01.355] [modloading-worker-0/DEBUG] [betterdungeons/]: Loaded com.yungnickyoung.minecraft.betterdungeons.services.ForgePlatformHelper@5317c913 for service interface com.yungnickyoung.minecraft.betterdungeons.services.IPlatformHelper
[30Nov2025 14:20:01.354] [modloading-worker-0/DEBUG] [betterwitchhuts/]: Loaded com.yungnickyoung.minecraft.betterwitchhuts.services.ForgePlatformHelper@2da9cdc1 for service interface com.yungnickyoung.minecraft.betterwitchhuts.services.IPlatformHelper
[30Nov2025 14:20:01.356] [modloading-worker-0/DEBUG] [betterdungeons/]: Loaded com.yungnickyoung.minecraft.betterdungeons.services.ForgeModulesLoader@12d27ce5 for service interface com.yungnickyoung.minecraft.betterdungeons.services.IModulesLoader
[30Nov2025 14:20:01.356] [modloading-worker-0/DEBUG] [betterwitchhuts/]: Loaded com.yungnickyoung.minecraft.betterwitchhuts.services.ForgeModulesLoader@392a52b for service interface com.yungnickyoung.minecraft.betterwitchhuts.services.IModulesLoader
[30Nov2025 14:20:01.380] [modloading-worker-0/DEBUG] [net.minecraftforge.fml.config.ConfigTracker/CONFIG]: Config file betterwitchhuts-forge-1_20.toml for betterwitchhuts tracking
[30Nov2025 14:20:01.381] [modloading-worker-0/DEBUG] [net.minecraftforge.fml.config.ConfigTracker/CONFIG]: Config file betterdungeons-forge-1_20.toml for betterdungeons tracking
[30Nov2025 14:20:01.384] [modloading-worker-0/DEBUG] [mixin/]: Mixing MixinLevelEvent from architectury.mixins.json into net.minecraftforge.event.level.LevelEvent
[30Nov2025 14:20:01.402] [modloading-worker-0/DEBUG] [net.minecraftforge.fml.javafmlmod.AutomaticEventSubscriber/LOADING]: Attempting to inject @EventBusSubscriber classes into the eventbus for betterwitchhuts
[30Nov2025 14:20:01.404] [modloading-worker-0/DEBUG] [betteroceanmonuments/]: Loaded com.yungnickyoung.minecraft.betteroceanmonuments.services.ForgePlatformHelper@32a057ba for service interface com.yungnickyoung.minecraft.betteroceanmonuments.services.IPlatformHelper
[30Nov2025 14:20:01.404] [modloading-worker-0/DEBUG] [net.minecraftforge.fml.javafmlmod.AutomaticEventSubscriber/LOADING]: Attempting to inject @EventBusSubscriber classes into the eventbus for betterdungeons
[30Nov2025 14:20:01.408] [modloading-worker-0/DEBUG] [betteroceanmonuments/]: Loaded com.yungnickyoung.minecraft.betteroceanmonuments.services.ForgeModulesLoader@41edf94b for service interface com.yungnickyoung.minecraft.betteroceanmonuments.services.IModulesLoader
[30Nov2025 14:20:01.409] [modloading-worker-0/DEBUG] [net.minecraftforge.fml.config.ConfigTracker/CONFIG]: Config file betteroceanmonuments-forge-1_20.toml for betteroceanmonuments tracking
[30Nov2025 14:20:01.410] [modloading-worker-0/DEBUG] [net.minecraftforge.fml.javafmlmod.AutomaticEventSubscriber/LOADING]: Attempting to inject @EventBusSubscriber classes into the eventbus for betteroceanmonuments
[30Nov2025 14:20:01.417] [modloading-worker-0/DEBUG] [mixin/]: Mixing ReloadableServerResourcesMixin from balm.mixins.json into net.minecraft.server.ReloadableServerResources
[30Nov2025 14:20:01.417] [modloading-worker-0/DEBUG] [mixin/]: Renaming synthetic method lambda$loadResources$0(Lnet/minecraft/server/ReloadableServerResources;)V to md5fd9de$lambda$loadResources$0$0 in balm.mixins.json:ReloadableServerResourcesMixin
[30Nov2025 14:20:01.420] [modloading-worker-0/DEBUG] [net.minecraftforge.fml.javafmlmod.AutomaticEventSubscriber/LOADING]: Attempting to inject @EventBusSubscriber classes into the eventbus for goblintraders
[30Nov2025 14:20:01.431] [modloading-worker-0/DEBUG] [net.minecraftforge.fml.javafmlmod.AutomaticEventSubscriber/LOADING]: Attempting to inject @EventBusSubscriber classes into the eventbus for geckolib
[30Nov2025 14:20:01.434] [modloading-worker-0/DEBUG] [net.minecraftforge.fml.javafmlmod.AutomaticEventSubscriber/LOADING]: Auto-subscribing software.bernie.example.GeckoLibMod to FORGE
[30Nov2025 14:20:01.435] [modloading-worker-0/DEBUG] [net.minecraftforge.fml.javafmlmod.AutomaticEventSubscriber/LOADING]: Auto-subscribing software.bernie.example.CommonListener to MOD
[30Nov2025 14:20:01.434] [modloading-worker-0/DEBUG] [net.minecraftforge.fml.config.ConfigTracker/CONFIG]: Config file sophisticatedcore-common.toml for sophisticatedcore tracking
[30Nov2025 14:20:01.437] [modloading-worker-0/DEBUG] [net.minecraftforge.fml.config.ConfigTracker/CONFIG]: Config file sophisticatedcore-client.toml for sophisticatedcore tracking
[30Nov2025 14:20:01.499] [modloading-worker-0/DEBUG] [mixin/]: Mixing PlayerListMixin from balm.mixins.json into net.minecraft.server.players.PlayerList
[30Nov2025 14:20:01.500] [modloading-worker-0/DEBUG] [mixin/]: Mixing PlayerListMixin from skinrestorer.mixins.json into net.minecraft.server.players.PlayerList
[30Nov2025 14:20:01.500] [modloading-worker-0/DEBUG] [mixin/]: Renaming synthetic method lambda$placeNewPlayer$0(Ljava/util/UUID;)V to md5fd9de$lambda$placeNewPlayer$0$0 in skinrestorer.mixins.json:PlayerListMixin
[30Nov2025 14:20:01.519] [modloading-worker-0/DEBUG] [mixin/]: Mixing accessors.world.AccessorRecipeManager from bookshelf.common.mixins.json into net.minecraft.world.item.crafting.RecipeManager
[30Nov2025 14:20:01.525] [modloading-worker-0/DEBUG] [mixin/]: Mixing patches.packs.resources.MixinSimpleJsonResourceReloadListener from bookshelf.common.mixins.json into net.minecraft.server.packs.resources.SimpleJsonResourceReloadListener
[30Nov2025 14:20:01.526] [modloading-worker-0/DEBUG] [mixin/]: Renaming synthetic method lambda$prepare$0(Ljava/util/Map$Entry;)Z to md5fd9de$lambda$prepare$0$0 in bookshelf.common.mixins.json:patches.packs.resources.MixinSimpleJsonResourceReloadListener
[30Nov2025 14:20:01.545] [modloading-worker-0/DEBUG] [mixin/]: Mixing accessors.inventory.AccessorInventoryMenu from bookshelf.common.mixins.json into net.minecraft.world.inventory.InventoryMenu
[30Nov2025 14:20:01.562] [modloading-worker-0/DEBUG] [mixin/]: Mixing accessors.item.AccessorItemCooldowns from bookshelf.common.mixins.json into net.minecraft.world.item.ItemCooldowns
[30Nov2025 14:20:01.588] [modloading-worker-0/DEBUG] [net.minecraftforge.fml.javafmlmod.AutomaticEventSubscriber/LOADING]: Attempting to inject @EventBusSubscriber classes into the eventbus for sophisticatedcore
[30Nov2025 14:20:01.602] [modloading-worker-0/DEBUG] [net.minecraftforge.fml.javafmlmod.AutomaticEventSubscriber/LOADING]: Attempting to inject @EventBusSubscriber classes into the eventbus for lithostitched
[30Nov2025 14:20:01.630] [modloading-worker-0/DEBUG] [net.minecraftforge.fml.javafmlmod.AutomaticEventSubscriber/LOADING]: Attempting to inject @EventBusSubscriber classes into the eventbus for mcwpaintings
[30Nov2025 14:20:01.633] [modloading-worker-0/DEBUG] [net.minecraftforge.fml.javafmlmod.AutomaticEventSubscriber/LOADING]: Auto-subscribing com.mcwpaintings.kikoz.MacawsPaintings to MOD
[30Nov2025 14:20:01.634] [modloading-worker-0/DEBUG] [net.minecraftforge.fml.javafmlmod.AutomaticEventSubscriber/LOADING]: Attempting to inject @EventBusSubscriber classes into the eventbus for clumps
[30Nov2025 14:20:01.635] [modloading-worker-0/DEBUG] [net.minecraftforge.fml.javafmlmod.AutomaticEventSubscriber/LOADING]: Attempting to inject @EventBusSubscriber classes into the eventbus for mcwwindows
[30Nov2025 14:20:01.635] [modloading-worker-0/DEBUG] [net.minecraftforge.fml.javafmlmod.AutomaticEventSubscriber/LOADING]: Auto-subscribing com.mcwwindows.kikoz.MacawsWindows to MOD
[30Nov2025 14:20:01.640] [modloading-worker-0/DEBUG] [net.minecraftforge.fml.config.ConfigTracker/CONFIG]: Config file journeymap-server.toml for journeymap tracking
[30Nov2025 14:20:01.641] [modloading-worker-0/DEBUG] [yungscavebiomes/]: Loaded com.yungnickyoung.minecraft.yungscavebiomes.services.ForgePlatformHelper@5f467673 for service interface com.yungnickyoung.minecraft.yungscavebiomes.services.IPlatformHelper
[30Nov2025 14:20:01.641] [modloading-worker-0/DEBUG] [yungscavebiomes/]: Loaded com.yungnickyoung.minecraft.yungscavebiomes.services.ForgeModulesLoader@2dfdf5a7 for service interface com.yungnickyoung.minecraft.yungscavebiomes.services.IModulesLoader
[30Nov2025 14:20:01.641] [modloading-worker-0/DEBUG] [net.minecraftforge.fml.javafmlmod.AutomaticEventSubscriber/LOADING]: Attempting to inject @EventBusSubscriber classes into the eventbus for journeymap
[30Nov2025 14:20:01.643] [modloading-worker-0/DEBUG] [net.minecraftforge.fml.javafmlmod.AutomaticEventSubscriber/LOADING]: Auto-subscribing journeymap.common.config.forge.ForgeConfig to MOD
[30Nov2025 14:20:01.646] [modloading-worker-0/DEBUG] [net.minecraftforge.fml.javafmlmod.AutomaticEventSubscriber/LOADING]: Auto-subscribing journeymap.common.Journeymap to FORGE
[30Nov2025 14:20:01.655] [modloading-worker-0/DEBUG] [net.minecraftforge.fml.config.ConfigTracker/CONFIG]: Config file YungsCaveBiomes-forge-1_20_1.toml for yungscavebiomes tracking
[30Nov2025 14:20:01.667] [modloading-worker-0/INFO] [Collective/]: [Collective] JSON file 'entity_names.json' generation requested by mod 'villagernames'.
[30Nov2025 14:20:01.670] [modloading-worker-0/DEBUG] [net.minecraftforge.fml.javafmlmod.AutomaticEventSubscriber/LOADING]: Attempting to inject @EventBusSubscriber classes into the eventbus for yungscavebiomes
[30Nov2025 14:20:01.674] [modloading-worker-0/DEBUG] [net.minecraftforge.fml.config.ConfigTracker/CONFIG]: Config file waystones-common.toml for waystones tracking
[30Nov2025 14:20:01.677] [modloading-worker-0/DEBUG] [net.minecraftforge.fml.javafmlmod.AutomaticEventSubscriber/LOADING]: Attempting to inject @EventBusSubscriber classes into the eventbus for villagernames
[30Nov2025 14:20:01.681] [modloading-worker-0/DEBUG] [net.minecraftforge.fml.config.ConfigTracker/CONFIG]: Config file citadel-common.toml for citadel tracking
[30Nov2025 14:20:01.694] [modloading-worker-0/DEBUG] [net.minecraftforge.fml.javafmlmod.AutomaticEventSubscriber/LOADING]: Attempting to inject @EventBusSubscriber classes into the eventbus for citadel
[30Nov2025 14:20:01.694] [modloading-worker-0/DEBUG] [net.minecraftforge.fml.javafmlmod.AutomaticEventSubscriber/LOADING]: Auto-subscribing com.github.alexthe666.citadel.ServerProxy to MOD
[30Nov2025 14:20:01.991] [modloading-worker-0/INFO] [dev.architectury.networking.forge.NetworkManagerImpl/]: Registering C2S receiver with id architectury:sync_ids
[30Nov2025 14:20:01.999] [modloading-worker-0/DEBUG] [net.minecraftforge.fml.javafmlmod.AutomaticEventSubscriber/LOADING]: Attempting to inject @EventBusSubscriber classes into the eventbus for waystones
[30Nov2025 14:20:01.999] [modloading-worker-0/INFO] [dev.architectury.networking.forge.NetworkManagerImpl/]: Registering C2S receiver with id artifacts:networking_channel/42a7ad70b1cc371599a0eff744096b8a
[30Nov2025 14:20:02.003] [modloading-worker-0/DEBUG] [net.minecraftforge.fml.javafmlmod.AutomaticEventSubscriber/LOADING]: Attempting to inject @EventBusSubscriber classes into the eventbus for mixinextras
[30Nov2025 14:20:02.012] [modloading-worker-0/INFO] [dev.architectury.networking.forge.NetworkManagerImpl/]: Registering C2S receiver with id artifacts:networking_channel/74a5e841822a3a87854ae896a33430d6
[30Nov2025 14:20:02.016] [modloading-worker-0/INFO] [dev.architectury.networking.forge.NetworkManagerImpl/]: Registering C2S receiver with id artifacts:networking_channel/eb3d1e2748533430848cadf0f37c7e9c
[30Nov2025 14:20:02.023] [modloading-worker-0/DEBUG] [Bookshelf/]: Loaded net.darkhax.bookshelf.impl.util.PlatformHelperForge@ebd92c5 for service interface net.darkhax.bookshelf.api.util.IPlatformHelper.
[30Nov2025 14:20:02.021] [modloading-worker-0/INFO] [dev.architectury.networking.forge.NetworkManagerImpl/]: Registering C2S receiver with id artifacts:networking_channel/91c8520f19f93b3e8b6a727568e194ab
[30Nov2025 14:20:02.029] [modloading-worker-0/INFO] [dev.architectury.networking.forge.NetworkManagerImpl/]: Registering C2S receiver with id artifacts:networking_channel/8c2784d778293fd482ed84b8aa5fedb9
[30Nov2025 14:20:02.030] [modloading-worker-0/DEBUG] [Bookshelf/]: Loaded net.darkhax.bookshelf.impl.event.EventHelperForge@47ad2724 for service interface net.darkhax.bookshelf.api.event.IEventHelper.
[30Nov2025 14:20:02.031] [modloading-worker-0/DEBUG] [net.minecraftforge.fml.javafmlmod.AutomaticEventSubscriber/LOADING]: Attempting to inject @EventBusSubscriber classes into the eventbus for mcwstairs
[30Nov2025 14:20:02.031] [modloading-worker-0/DEBUG] [net.minecraftforge.fml.javafmlmod.AutomaticEventSubscriber/LOADING]: Auto-subscribing com.mcwstairs.kikoz.MacawsStairs to MOD
[30Nov2025 14:20:02.030] [modloading-worker-0/INFO] [dev.architectury.networking.forge.NetworkManagerImpl/]: Registering C2S receiver with id artifacts:networking_channel/ea038224ea783d40b2863f52239e2604
[30Nov2025 14:20:02.035] [modloading-worker-0/INFO] [dev.architectury.networking.forge.NetworkManagerImpl/]: Registering C2S receiver with id artifacts:networking_channel/97ad64b7ecaf33209991c4f031501a58
[30Nov2025 14:20:02.037] [modloading-worker-0/DEBUG] [Bookshelf/]: Loaded net.darkhax.bookshelf.impl.registry.ContentLoaderForge@69cb6844 for service interface net.darkhax.bookshelf.api.registry.IContentLoader.
[30Nov2025 14:20:02.041] [modloading-worker-0/DEBUG] [Bookshelf/]: Loaded net.darkhax.bookshelf.impl.data.TagHelperForge@1e68f0f8 for service interface net.darkhax.bookshelf.api.data.ITagHelper.
[30Nov2025 14:20:02.043] [modloading-worker-0/DEBUG] [betterfortresses/]: Loaded com.yungnickyoung.minecraft.betterfortresses.services.ForgePlatformHelper@678c64cf for service interface com.yungnickyoung.minecraft.betterfortresses.services.IPlatformHelper
[30Nov2025 14:20:02.043] [modloading-worker-0/DEBUG] [betterfortresses/]: Loaded com.yungnickyoung.minecraft.betterfortresses.services.ForgeModulesLoader@2c68564c for service interface com.yungnickyoung.minecraft.betterfortresses.services.IModulesLoader
[30Nov2025 14:20:02.044] [modloading-worker-0/DEBUG] [betterfortresses/]: Loaded com.yungnickyoung.minecraft.betterfortresses.services.ForgeProcessorProvider@30794cbe for service interface com.yungnickyoung.minecraft.betterfortresses.services.IProcessorProvider
[30Nov2025 14:20:02.049] [modloading-worker-0/DEBUG] [Bookshelf/]: Loaded net.darkhax.bookshelf.impl.util.InventoryHelperForge@3d0b3fd2 for service interface net.darkhax.bookshelf.api.util.IInventoryHelper.
[30Nov2025 14:20:02.051] [modloading-worker-0/DEBUG] [Bookshelf/]: Loaded net.darkhax.bookshelf.impl.util.ConstructHelperForge@2b9c6ba7 for service interface net.darkhax.bookshelf.api.util.IConstructHelper.
[30Nov2025 14:20:02.092] [modloading-worker-0/INFO] [Bookshelf/]: Fixing MC-151457. Crafting remainder for minecraft:pufferfish_bucket is now minecraft:bucket.
[30Nov2025 14:20:02.092] [modloading-worker-0/INFO] [Bookshelf/]: Fixing MC-151457. Crafting remainder for minecraft:salmon_bucket is now minecraft:bucket.
[30Nov2025 14:20:02.092] [modloading-worker-0/INFO] [Bookshelf/]: Fixing MC-151457. Crafting remainder for minecraft:cod_bucket is now minecraft:bucket.
[30Nov2025 14:20:02.092] [modloading-worker-0/INFO] [Bookshelf/]: Fixing MC-151457. Crafting remainder for minecraft:tropical_fish_bucket is now minecraft:bucket.
[30Nov2025 14:20:02.093] [modloading-worker-0/INFO] [Bookshelf/]: Fixing MC-151457. Crafting remainder for minecraft:axolotl_bucket is now minecraft:bucket.
[30Nov2025 14:20:02.093] [modloading-worker-0/INFO] [Bookshelf/]: Fixing MC-151457. Crafting remainder for minecraft:powder_snow_bucket is now minecraft:bucket.
[30Nov2025 14:20:02.093] [modloading-worker-0/INFO] [Bookshelf/]: Fixing MC-151457. Crafting remainder for minecraft:tadpole_bucket is now minecraft:bucket.
[30Nov2025 14:20:02.095] [modloading-worker-0/DEBUG] [mixin/]: Mixing item.wearable.WearableArtifactItemMixin from mixins.artifacts.forge.json into artifacts.item.wearable.WearableArtifactItem
[30Nov2025 14:20:02.119] [modloading-worker-0/DEBUG] [net.minecraftforge.fml.javafmlmod.AutomaticEventSubscriber/LOADING]: Attempting to inject @EventBusSubscriber classes into the eventbus for bookshelf
[30Nov2025 14:20:02.119] [modloading-worker-0/DEBUG] [net.minecraftforge.fml.javafmlmod.AutomaticEventSubscriber/LOADING]: Auto-subscribing net.darkhax.bookshelf.impl.gametest.BookshelfForgeGameTests to MOD
[30Nov2025 14:20:02.122] [modloading-worker-0/DEBUG] [mixin/]: Mixing item.umbrella.UmbrellaItemMixin from mixins.artifacts.forge.json into artifacts.item.UmbrellaItem
[30Nov2025 14:20:02.126] [modloading-worker-0/DEBUG] [betterdeserttemples/]: Loaded com.yungnickyoung.minecraft.betterdeserttemples.services.ForgePlatformHelper@7ea60f0d for service interface com.yungnickyoung.minecraft.betterdeserttemples.services.IPlatformHelper
[30Nov2025 14:20:02.129] [modloading-worker-0/DEBUG] [betterdeserttemples/]: Loaded com.yungnickyoung.minecraft.betterdeserttemples.services.ForgeModulesLoader@75ac87f0 for service interface com.yungnickyoung.minecraft.betterdeserttemples.services.IModulesLoader
[30Nov2025 14:20:02.130] [modloading-worker-0/DEBUG] [betterdeserttemples/]: Loaded com.yungnickyoung.minecraft.betterdeserttemples.services.ForgeProcessorProvider@2d1ca05c for service interface com.yungnickyoung.minecraft.betterdeserttemples.services.IProcessorProvider
[30Nov2025 14:20:02.152] [modloading-worker-0/DEBUG] [net.minecraftforge.fml.config.ConfigTracker/CONFIG]: Config file betterdeserttemples-forge-1_20.toml for betterdeserttemples tracking
[30Nov2025 14:20:02.155] [modloading-worker-0/DEBUG] [net.minecraftforge.fml.javafmlmod.AutomaticEventSubscriber/LOADING]: Attempting to inject @EventBusSubscriber classes into the eventbus for betterdeserttemples
[30Nov2025 14:20:02.163] [modloading-worker-0/DEBUG] [net.minecraftforge.fml.config.ConfigTracker/CONFIG]: Config file sophisticatedbackpacks-server.toml for sophisticatedbackpacks tracking
[30Nov2025 14:20:02.163] [modloading-worker-0/DEBUG] [net.minecraftforge.fml.config.ConfigTracker/CONFIG]: Config file sophisticatedbackpacks-common.toml for sophisticatedbackpacks tracking
[30Nov2025 14:20:02.260] [modloading-worker-0/DEBUG] [net.minecraftforge.fml.javafmlmod.AutomaticEventSubscriber/LOADING]: Attempting to inject @EventBusSubscriber classes into the eventbus for artifacts
[30Nov2025 14:20:02.303] [modloading-worker-0/DEBUG] [net.minecraftforge.fml.javafmlmod.AutomaticEventSubscriber/LOADING]: Attempting to inject @EventBusSubscriber classes into the eventbus for balm
[30Nov2025 14:20:02.312] [modloading-worker-0/DEBUG] [net.minecraftforge.fml.javafmlmod.AutomaticEventSubscriber/LOADING]: Attempting to inject @EventBusSubscriber classes into the eventbus for mcwdoors
[30Nov2025 14:20:02.312] [modloading-worker-0/DEBUG] [net.minecraftforge.fml.javafmlmod.AutomaticEventSubscriber/LOADING]: Auto-subscribing com.mcwdoors.kikoz.MacawsDoors to MOD
[30Nov2025 14:20:02.318] [modloading-worker-0/DEBUG] [net.minecraftforge.fml.config.ConfigTracker/CONFIG]: Config file betterfortresses-forge-1_20.toml for betterfortresses tracking
[30Nov2025 14:20:02.321] [modloading-worker-0/DEBUG] [net.minecraftforge.fml.javafmlmod.AutomaticEventSubscriber/LOADING]: Attempting to inject @EventBusSubscriber classes into the eventbus for betterfortresses
[30Nov2025 14:20:02.322] [modloading-worker-0/DEBUG] [net.minecraftforge.fml.javafmlmod.AutomaticEventSubscriber/LOADING]: Attempting to inject @EventBusSubscriber classes into the eventbus for cloth_config
[30Nov2025 14:20:02.338] [modloading-worker-0/DEBUG] [net.minecraftforge.versions.forge.ForgeVersion/CORE]: Forge Version package package net.minecraftforge.versions.forge, Forge, version 47.3 from cpw.mods.modlauncher.TransformingClassLoader@7ab1127c
[30Nov2025 14:20:02.340] [modloading-worker-0/DEBUG] [net.minecraftforge.versions.forge.ForgeVersion/CORE]: Found Forge version 47.3.7
[30Nov2025 14:20:02.340] [modloading-worker-0/DEBUG] [net.minecraftforge.versions.forge.ForgeVersion/CORE]: Found Forge spec 47.3
[30Nov2025 14:20:02.340] [modloading-worker-0/DEBUG] [net.minecraftforge.versions.forge.ForgeVersion/CORE]: Found Forge group net.minecraftforge
[30Nov2025 14:20:02.340] [modloading-worker-0/DEBUG] [net.minecraftforge.versions.mcp.MCPVersion/CORE]: MCP Version package package net.minecraftforge.versions.mcp, Minecraft, version 1.20.1 from cpw.mods.modlauncher.TransformingClassLoader@7ab1127c
[30Nov2025 14:20:02.340] [modloading-worker-0/DEBUG] [net.minecraftforge.versions.mcp.MCPVersion/CORE]: Found MC version information 1.20.1
[30Nov2025 14:20:02.342] [modloading-worker-0/DEBUG] [net.minecraftforge.versions.mcp.MCPVersion/CORE]: Found MCP version information 20230612.114412
[30Nov2025 14:20:02.342] [modloading-worker-0/INFO] [net.minecraftforge.common.ForgeMod/FORGEMOD]: Forge mod loading, version 47.3.7, for MC 1.20.1 with MCP 20230612.114412
[30Nov2025 14:20:02.342] [modloading-worker-0/INFO] [net.minecraftforge.common.MinecraftForge/FORGE]: MinecraftForge v47.3.7 Initialized
[30Nov2025 14:20:02.347] [modloading-worker-0/DEBUG] [Carry On/]: Loaded tschipp.carryon.platform.ForgePlatformHelper@264fd6a0 for service interface tschipp.carryon.platform.services.IPlatformHelper
[30Nov2025 14:20:02.348] [modloading-worker-0/DEBUG] [Carry On/]: Loaded tschipp.carryon.platform.ForgeGamestagesHelper@3f63937 for service interface tschipp.carryon.platform.services.IGamestagePlatformHelper
[30Nov2025 14:20:02.353] [modloading-worker-0/DEBUG] [net.minecraftforge.fml.javafmlmod.AutomaticEventSubscriber/LOADING]: Attempting to inject @EventBusSubscriber classes into the eventbus for sophisticatedbackpacks
[30Nov2025 14:20:02.355] [modloading-worker-0/DEBUG] [net.minecraftforge.fml.config.ConfigTracker/CONFIG]: Config file carryon-client.toml for carryon tracking
[30Nov2025 14:20:02.356] [modloading-worker-0/DEBUG] [net.minecraftforge.fml.javafmlmod.AutomaticEventSubscriber/LOADING]: Attempting to inject @EventBusSubscriber classes into the eventbus for ctov
[30Nov2025 14:20:02.356] [modloading-worker-0/DEBUG] [net.minecraftforge.fml.config.ConfigTracker/CONFIG]: Config file carryon-common.toml for carryon tracking
[30Nov2025 14:20:02.358] [modloading-worker-0/DEBUG] [net.minecraftforge.fml.javafmlmod.AutomaticEventSubscriber/LOADING]: Attempting to inject @EventBusSubscriber classes into the eventbus for carryon
[30Nov2025 14:20:02.359] [modloading-worker-0/DEBUG] [net.minecraftforge.fml.javafmlmod.AutomaticEventSubscriber/LOADING]: Auto-subscribing tschipp.carryon.CarryOnForge to MOD
[30Nov2025 14:20:02.359] [modloading-worker-0/DEBUG] [net.minecraftforge.fml.javafmlmod.AutomaticEventSubscriber/LOADING]: Auto-subscribing tschipp.carryon.events.CommonEvents to FORGE
[30Nov2025 14:20:02.370] [modloading-worker-0/DEBUG] [net.minecraftforge.fml.javafmlmod.AutomaticEventSubscriber/LOADING]: Auto-subscribing tschipp.carryon.events.ModBusEvents to MOD
[30Nov2025 14:20:02.373] [modloading-worker-0/DEBUG] [net.minecraftforge.fml.javafmlmod.AutomaticEventSubscriber/LOADING]: Attempting to inject @EventBusSubscriber classes into the eventbus for dungeons_arise
[30Nov2025 14:20:02.469] [modloading-worker-0/DEBUG] [net.minecraftforge.fml.javafmlmod.AutomaticEventSubscriber/LOADING]: Attempting to inject @EventBusSubscriber classes into the eventbus for yungsapi
[30Nov2025 14:20:02.476] [modloading-worker-0/DEBUG] [io.netty.util.internal.PlatformDependent0/]: -Dio.netty.noUnsafe: false
[30Nov2025 14:20:02.476] [modloading-worker-0/DEBUG] [io.netty.util.internal.PlatformDependent0/]: Java version: 17
[30Nov2025 14:20:02.477] [modloading-worker-0/DEBUG] [io.netty.util.internal.PlatformDependent0/]: sun.misc.Unsafe.theUnsafe: available
[30Nov2025 14:20:02.478] [modloading-worker-0/DEBUG] [io.netty.util.internal.PlatformDependent0/]: sun.misc.Unsafe.copyMemory: available
[30Nov2025 14:20:02.479] [modloading-worker-0/DEBUG] [io.netty.util.internal.PlatformDependent0/]: sun.misc.Unsafe.storeFence: available
[30Nov2025 14:20:02.479] [modloading-worker-0/DEBUG] [io.netty.util.internal.PlatformDependent0/]: java.nio.Buffer.address: available
[30Nov2025 14:20:02.478] [modloading-worker-0/DEBUG] [net.minecraftforge.fml.config.ConfigTracker/CONFIG]: Config file alexscaves-general.toml for alexscaves tracking
[30Nov2025 14:20:02.479] [modloading-worker-0/DEBUG] [net.minecraftforge.fml.config.ConfigTracker/CONFIG]: Config file alexscaves-client.toml for alexscaves tracking
[30Nov2025 14:20:02.479] [modloading-worker-0/DEBUG] [io.netty.util.internal.PlatformDependent0/]: direct buffer constructor: unavailable
java.lang.UnsupportedOperationException: Reflective setAccessible(true) disabled
	at io.netty.util.internal.ReflectionUtil.trySetAccessible(ReflectionUtil.java:31) ~[netty-common-4.1.82.Final.jar%2382!/:4.1.82.Final]
	at io.netty.util.internal.PlatformDependent0$5.run(PlatformDependent0.java:288) ~[netty-common-4.1.82.Final.jar%2382!/:4.1.82.Final]
	at java.security.AccessController.doPrivileged(AccessController.java:318) ~[?:?]
	at io.netty.util.internal.PlatformDependent0.<clinit>(PlatformDependent0.java:282) ~[netty-common-4.1.82.Final.jar%2382!/:4.1.82.Final]
	at io.netty.util.internal.PlatformDependent.isAndroid(PlatformDependent.java:333) ~[netty-common-4.1.82.Final.jar%2382!/:4.1.82.Final]
	at io.netty.util.internal.PlatformDependent.<clinit>(PlatformDependent.java:88) ~[netty-common-4.1.82.Final.jar%2382!/:4.1.82.Final]
	at io.netty.util.ConstantPool.<init>(ConstantPool.java:34) ~[netty-common-4.1.82.Final.jar%2382!/:4.1.82.Final]
	at io.netty.util.AttributeKey$1.<init>(AttributeKey.java:27) ~[netty-common-4.1.82.Final.jar%2382!/:4.1.82.Final]
	at io.netty.util.AttributeKey.<clinit>(AttributeKey.java:27) ~[netty-common-4.1.82.Final.jar%2382!/:4.1.82.Final]
	at net.minecraftforge.network.NetworkConstants.<clinit>(NetworkConstants.java:34) ~[forge-1.20.1-47.3.7-universal.jar%23214!/:?]
	at net.minecraftforge.common.ForgeMod.<init>(ForgeMod.java:429) ~[forge-1.20.1-47.3.7-universal.jar%23214!/:?]
	at jdk.internal.reflect.NativeConstructorAccessorImpl.newInstance0(Native Method) ~[?:?]
	at jdk.internal.reflect.NativeConstructorAccessorImpl.newInstance(NativeConstructorAccessorImpl.java:77) ~[?:?]
	at jdk.internal.reflect.DelegatingConstructorAccessorImpl.newInstance(DelegatingConstructorAccessorImpl.java:45) ~[?:?]
	at java.lang.reflect.Constructor.newInstanceWithCaller(Constructor.java:500) ~[?:?]
	at java.lang.reflect.Constructor.newInstance(Constructor.java:481) ~[?:?]
	at net.minecraftforge.fml.javafmlmod.FMLModContainer.constructMod(FMLModContainer.java:70) ~[javafmllanguage-1.20.1-47.3.7.jar%23211!/:?]
	at net.minecraftforge.fml.ModContainer.lambda$buildTransitionHandler$4(ModContainer.java:124) ~[fmlcore-1.20.1-47.3.7.jar%23210!/:?]
	at java.util.concurrent.CompletableFuture$AsyncRun.run(CompletableFuture.java:1804) ~[?:?]
	at java.util.concurrent.CompletableFuture$AsyncRun.exec(CompletableFuture.java:1796) ~[?:?]
	at java.util.concurrent.ForkJoinTask.doExec(ForkJoinTask.java:373) ~[?:?]
	at java.util.concurrent.ForkJoinPool$WorkQueue.topLevelExec(ForkJoinPool.java:1182) ~[?:?]
	at java.util.concurrent.ForkJoinPool.scan(ForkJoinPool.java:1655) ~[?:?]
	at java.util.concurrent.ForkJoinPool.runWorker(ForkJoinPool.java:1622) ~[?:?]
	at java.util.concurrent.ForkJoinWorkerThread.run(ForkJoinWorkerThread.java:165) ~[?:?]
[30Nov2025 14:20:02.482] [modloading-worker-0/DEBUG] [io.netty.util.internal.PlatformDependent0/]: java.nio.Bits.unaligned: available, true
[30Nov2025 14:20:02.483] [modloading-worker-0/DEBUG] [io.netty.util.internal.PlatformDependent0/]: jdk.internal.misc.Unsafe.allocateUninitializedArray(int): unavailable
java.lang.IllegalAccessException: class io.netty.util.internal.PlatformDependent0$7 (in module io.netty.common) cannot access class jdk.internal.misc.Unsafe (in module java.base) because module java.base does not export jdk.internal.misc to module io.netty.common
	at jdk.internal.reflect.Reflection.newIllegalAccessException(Reflection.java:392) ~[?:?]
	at java.lang.reflect.AccessibleObject.checkAccess(AccessibleObject.java:674) ~[?:?]
	at java.lang.reflect.Method.invoke(Method.java:561) ~[?:?]
	at io.netty.util.internal.PlatformDependent0$7.run(PlatformDependent0.java:410) ~[netty-common-4.1.82.Final.jar%2382!/:4.1.82.Final]
	at java.security.AccessController.doPrivileged(AccessController.java:318) ~[?:?]
	at io.netty.util.internal.PlatformDependent0.<clinit>(PlatformDependent0.java:401) ~[netty-common-4.1.82.Final.jar%2382!/:4.1.82.Final]
	at io.netty.util.internal.PlatformDependent.isAndroid(PlatformDependent.java:333) ~[netty-common-4.1.82.Final.jar%2382!/:4.1.82.Final]
	at io.netty.util.internal.PlatformDependent.<clinit>(PlatformDependent.java:88) ~[netty-common-4.1.82.Final.jar%2382!/:4.1.82.Final]
	at io.netty.util.ConstantPool.<init>(ConstantPool.java:34) ~[netty-common-4.1.82.Final.jar%2382!/:4.1.82.Final]
	at io.netty.util.AttributeKey$1.<init>(AttributeKey.java:27) ~[netty-common-4.1.82.Final.jar%2382!/:4.1.82.Final]
	at io.netty.util.AttributeKey.<clinit>(AttributeKey.java:27) ~[netty-common-4.1.82.Final.jar%2382!/:4.1.82.Final]
	at net.minecraftforge.network.NetworkConstants.<clinit>(NetworkConstants.java:34) ~[forge-1.20.1-47.3.7-universal.jar%23214!/:?]
	at net.minecraftforge.common.ForgeMod.<init>(ForgeMod.java:429) ~[forge-1.20.1-47.3.7-universal.jar%23214!/:?]
	at jdk.internal.reflect.NativeConstructorAccessorImpl.newInstance0(Native Method) ~[?:?]
	at jdk.internal.reflect.NativeConstructorAccessorImpl.newInstance(NativeConstructorAccessorImpl.java:77) ~[?:?]
	at jdk.internal.reflect.DelegatingConstructorAccessorImpl.newInstance(DelegatingConstructorAccessorImpl.java:45) ~[?:?]
	at java.lang.reflect.Constructor.newInstanceWithCaller(Constructor.java:500) ~[?:?]
	at java.lang.reflect.Constructor.newInstance(Constructor.java:481) ~[?:?]
	at net.minecraftforge.fml.javafmlmod.FMLModContainer.constructMod(FMLModContainer.java:70) ~[javafmllanguage-1.20.1-47.3.7.jar%23211!/:?]
	at net.minecraftforge.fml.ModContainer.lambda$buildTransitionHandler$4(ModContainer.java:124) ~[fmlcore-1.20.1-47.3.7.jar%23210!/:?]
	at java.util.concurrent.CompletableFuture$AsyncRun.run(CompletableFuture.java:1804) ~[?:?]
	at java.util.concurrent.CompletableFuture$AsyncRun.exec(CompletableFuture.java:1796) ~[?:?]
	at java.util.concurrent.ForkJoinTask.doExec(ForkJoinTask.java:373) ~[?:?]
	at java.util.concurrent.ForkJoinPool$WorkQueue.topLevelExec(ForkJoinPool.java:1182) ~[?:?]
	at java.util.concurrent.ForkJoinPool.scan(ForkJoinPool.java:1655) ~[?:?]
	at java.util.concurrent.ForkJoinPool.runWorker(ForkJoinPool.java:1622) ~[?:?]
	at java.util.concurrent.ForkJoinWorkerThread.run(ForkJoinWorkerThread.java:165) ~[?:?]
[30Nov2025 14:20:02.488] [modloading-worker-0/DEBUG] [io.netty.util.internal.PlatformDependent0/]: java.nio.DirectByteBuffer.<init>(long, int): unavailable
[30Nov2025 14:20:02.488] [modloading-worker-0/DEBUG] [io.netty.util.internal.PlatformDependent/]: sun.misc.Unsafe: available
[30Nov2025 14:20:02.489] [modloading-worker-0/DEBUG] [io.netty.util.internal.PlatformDependent/]: maxDirectMemory: 12884901888 bytes (maybe)
[30Nov2025 14:20:02.489] [modloading-worker-0/DEBUG] [io.netty.util.internal.PlatformDependent/]: -Dio.netty.tmpdir: /tmp (java.io.tmpdir)
[30Nov2025 14:20:02.489] [modloading-worker-0/DEBUG] [io.netty.util.internal.PlatformDependent/]: -Dio.netty.bitMode: 64 (sun.arch.data.model)
[30Nov2025 14:20:02.489] [modloading-worker-0/DEBUG] [io.netty.util.internal.PlatformDependent/]: -Dio.netty.maxDirectMemory: -1 bytes
[30Nov2025 14:20:02.489] [modloading-worker-0/DEBUG] [io.netty.util.internal.PlatformDependent/]: -Dio.netty.uninitializedArrayAllocationThreshold: -1
[30Nov2025 14:20:02.490] [modloading-worker-0/DEBUG] [io.netty.util.internal.CleanerJava9/]: java.nio.ByteBuffer.cleaner(): available
[30Nov2025 14:20:02.491] [modloading-worker-0/DEBUG] [io.netty.util.internal.PlatformDependent/]: -Dio.netty.noPreferDirect: false
[30Nov2025 14:20:02.497] [modloading-worker-0/DEBUG] [net.minecraftforge.fml.javafmlmod.AutomaticEventSubscriber/LOADING]: Attempting to inject @EventBusSubscriber classes into the eventbus for mcwbridges
[30Nov2025 14:20:02.497] [modloading-worker-0/DEBUG] [net.minecraftforge.fml.javafmlmod.AutomaticEventSubscriber/LOADING]: Auto-subscribing com.mcwbridges.kikoz.MacawsBridges to MOD
[30Nov2025 14:20:02.498] [modloading-worker-0/DEBUG] [net.minecraftforge.fml.javafmlmod.AutomaticEventSubscriber/LOADING]: Attempting to inject @EventBusSubscriber classes into the eventbus for trade_cycling
[30Nov2025 14:20:02.506] [modloading-worker-0/DEBUG] [net.minecraftforge.fml.javafmlmod.AutomaticEventSubscriber/LOADING]: Attempting to inject @EventBusSubscriber classes into the eventbus for enchdesc
[30Nov2025 14:20:02.517] [modloading-worker-0/DEBUG] [net.minecraftforge.fml.javafmlmod.AutomaticEventSubscriber/LOADING]: Attempting to inject @EventBusSubscriber classes into the eventbus for terrablender
[30Nov2025 14:20:02.517] [modloading-worker-0/DEBUG] [net.minecraftforge.fml.javafmlmod.AutomaticEventSubscriber/LOADING]: Auto-subscribing terrablender.handler.InitializationHandler to FORGE
[30Nov2025 14:20:02.548] [modloading-worker-0/DEBUG] [net.minecraftforge.common.ForgeMod/FORGEMOD]: Loading Network data for FML net version: FML3
[30Nov2025 14:20:02.563] [modloading-worker-0/DEBUG] [net.minecraftforge.fml.config.ConfigTracker/CONFIG]: Config file forge-client.toml for forge tracking
[30Nov2025 14:20:02.563] [modloading-worker-0/DEBUG] [net.minecraftforge.fml.config.ConfigTracker/CONFIG]: Config file forge-server.toml for forge tracking
[30Nov2025 14:20:02.563] [modloading-worker-0/DEBUG] [net.minecraftforge.fml.ModLoadingContext/]: Attempted to register an empty config for type COMMON on mod forge
[30Nov2025 14:20:02.574] [modloading-worker-0/DEBUG] [net.minecraftforge.fml.javafmlmod.AutomaticEventSubscriber/LOADING]: Attempting to inject @EventBusSubscriber classes into the eventbus for mcwpaths
[30Nov2025 14:20:02.576] [modloading-worker-0/DEBUG] [net.minecraftforge.fml.javafmlmod.AutomaticEventSubscriber/LOADING]: Auto-subscribing com.mcwpaths.kikoz.MacawsPaths to MOD
[30Nov2025 14:20:02.582] [modloading-worker-0/DEBUG] [net.minecraftforge.fml.javafmlmod.AutomaticEventSubscriber/LOADING]: Attempting to inject @EventBusSubscriber classes into the eventbus for forge
[30Nov2025 14:20:02.583] [modloading-worker-0/DEBUG] [net.minecraftforge.fml.javafmlmod.AutomaticEventSubscriber/LOADING]: Auto-subscribing net.minecraftforge.common.ForgeSpawnEggItem$CommonHandler to MOD
[30Nov2025 14:20:02.588] [modloading-worker-0/DEBUG] [yungsbridges/]: Loaded com.yungnickyoung.minecraft.yungsbridges.services.ForgePlatformHelper@7e6d217e for service interface com.yungnickyoung.minecraft.yungsbridges.services.IPlatformHelper
[30Nov2025 14:20:02.588] [modloading-worker-0/DEBUG] [yungsbridges/]: Loaded com.yungnickyoung.minecraft.yungsbridges.services.ForgeModulesLoader@27867e28 for service interface com.yungnickyoung.minecraft.yungsbridges.services.IModulesLoader
[30Nov2025 14:20:02.589] [modloading-worker-0/DEBUG] [net.minecraftforge.fml.javafmlmod.AutomaticEventSubscriber/LOADING]: Attempting to inject @EventBusSubscriber classes into the eventbus for yungsbridges
[30Nov2025 14:20:02.657] [modloading-worker-0/DEBUG] [net.minecraftforge.fml.javafmlmod.AutomaticEventSubscriber/LOADING]: Attempting to inject @EventBusSubscriber classes into the eventbus for mcwtrpdoors
[30Nov2025 14:20:02.657] [modloading-worker-0/DEBUG] [net.minecraftforge.fml.javafmlmod.AutomaticEventSubscriber/LOADING]: Auto-subscribing com.mcwtrpdoors.kikoz.MacawsTrapdoors to MOD
[30Nov2025 14:20:02.672] [modloading-worker-0/DEBUG] [net.minecraftforge.fml.config.ConfigTracker/CONFIG]: Config file curios-client.toml for curios tracking
[30Nov2025 14:20:02.680] [modloading-worker-0/DEBUG] [net.minecraftforge.fml.config.ConfigTracker/CONFIG]: Config file curios-common.toml for curios tracking
[30Nov2025 14:20:02.680] [modloading-worker-0/DEBUG] [net.minecraftforge.fml.config.ConfigTracker/CONFIG]: Config file curios-server.toml for curios tracking
[30Nov2025 14:20:02.680] [modloading-worker-0/DEBUG] [net.minecraftforge.fml.javafmlmod.AutomaticEventSubscriber/LOADING]: Attempting to inject @EventBusSubscriber classes into the eventbus for curios
[30Nov2025 14:20:02.685] [modloading-worker-0/INFO] [Collective/]: Loading Collective version 8.13.
[30Nov2025 14:20:02.690] [modloading-worker-0/DEBUG] [mixin/]: Mixing item.wearable.charmofsinking.EnchantmentHelperMixin from mixins.artifacts.common.json into net.minecraft.world.item.enchantment.EnchantmentHelper
[30Nov2025 14:20:02.691] [modloading-worker-0/DEBUG] [mixin/]: Mixing item.wearable.pendant.EnchantmentHelperMixin from mixins.artifacts.common.json into net.minecraft.world.item.enchantment.EnchantmentHelper
[30Nov2025 14:20:02.696] [modloading-worker-0/DEBUG] [net.minecraftforge.fml.javafmlmod.AutomaticEventSubscriber/LOADING]: Attempting to inject @EventBusSubscriber classes into the eventbus for mcwfences
[30Nov2025 14:20:02.696] [modloading-worker-0/DEBUG] [net.minecraftforge.fml.javafmlmod.AutomaticEventSubscriber/LOADING]: Auto-subscribing com.mcwfences.kikoz.MacawsFences to MOD
[30Nov2025 14:20:02.698] [modloading-worker-0/DEBUG] [yungsextras/]: Loaded com.yungnickyoung.minecraft.yungsextras.services.ForgePlatformHelper@1a9ec341 for service interface com.yungnickyoung.minecraft.yungsextras.services.IPlatformHelper
[30Nov2025 14:20:02.702] [modloading-worker-0/DEBUG] [yungsextras/]: Loaded com.yungnickyoung.minecraft.yungsextras.services.ForgeModulesLoader@5b3991e2 for service interface com.yungnickyoung.minecraft.yungsextras.services.IModulesLoader
[30Nov2025 14:20:02.702] [modloading-worker-0/DEBUG] [net.minecraftforge.fml.javafmlmod.AutomaticEventSubscriber/LOADING]: Attempting to inject @EventBusSubscriber classes into the eventbus for yungsextras
[30Nov2025 14:20:02.705] [modloading-worker-0/DEBUG] [betterstrongholds/]: Loaded com.yungnickyoung.minecraft.betterstrongholds.services.ForgePlatformHelper@1d41c2ef for service interface com.yungnickyoung.minecraft.betterstrongholds.services.IPlatformHelper
[30Nov2025 14:20:02.708] [modloading-worker-0/DEBUG] [betterstrongholds/]: Loaded com.yungnickyoung.minecraft.betterstrongholds.services.ForgeModulesLoader@4b3b7335 for service interface com.yungnickyoung.minecraft.betterstrongholds.services.IModulesLoader
[30Nov2025 14:20:02.709] [modloading-worker-0/DEBUG] [betterstrongholds/]: Loaded com.yungnickyoung.minecraft.betterstrongholds.services.ForgeProcessorProvider@7eceecbf for service interface com.yungnickyoung.minecraft.betterstrongholds.services.IProcessorProvider
[30Nov2025 14:20:02.752] [modloading-worker-0/DEBUG] [net.minecraftforge.fml.config.ConfigTracker/CONFIG]: Config file betterstrongholds-forge-1_20.toml for betterstrongholds tracking
[30Nov2025 14:20:02.758] [modloading-worker-0/DEBUG] [net.minecraftforge.fml.javafmlmod.AutomaticEventSubscriber/LOADING]: Attempting to inject @EventBusSubscriber classes into the eventbus for collective
[30Nov2025 14:20:02.758] [modloading-worker-0/DEBUG] [net.minecraftforge.fml.javafmlmod.AutomaticEventSubscriber/LOADING]: Auto-subscribing com.natamus.collective.forge.events.RegisterCollectiveForgeEvents to FORGE
[30Nov2025 14:20:02.760] [modloading-worker-0/DEBUG] [net.minecraftforge.fml.javafmlmod.AutomaticEventSubscriber/LOADING]: Attempting to inject @EventBusSubscriber classes into the eventbus for betterstrongholds
[30Nov2025 14:20:02.815] [modloading-worker-0/DEBUG] [net.minecraftforge.fml.config.ConfigTracker/CONFIG]: Config file tombstone-client.toml for tombstone tracking
[30Nov2025 14:20:02.815] [modloading-worker-0/DEBUG] [net.minecraftforge.fml.config.ConfigTracker/CONFIG]: Config file tombstone-common.toml for tombstone tracking
[30Nov2025 14:20:02.827] [modloading-worker-0/DEBUG] [net.minecraftforge.fml.config.ConfigTracker/CONFIG]: Config file tombstone-server.toml for tombstone tracking
[30Nov2025 14:20:02.834] [modloading-worker-0/DEBUG] [net.minecraftforge.fml.javafmlmod.AutomaticEventSubscriber/LOADING]: Attempting to inject @EventBusSubscriber classes into the eventbus for tombstone
[30Nov2025 14:20:02.835] [modloading-worker-0/DEBUG] [net.minecraftforge.fml.javafmlmod.AutomaticEventSubscriber/LOADING]: Auto-subscribing ovh.corail.tombstone.registry.Registration to MOD
[30Nov2025 14:20:02.837] [modloading-worker-0/DEBUG] [net.minecraftforge.fml.javafmlmod.AutomaticEventSubscriber/LOADING]: Auto-subscribing ovh.corail.tombstone.perk.PerkRegistry to MOD
[30Nov2025 14:20:02.841] [modloading-worker-0/DEBUG] [net.minecraftforge.fml.javafmlmod.AutomaticEventSubscriber/LOADING]: Auto-subscribing ovh.corail.tombstone.helper.PlacedBlocksTracker$PlacedBlocksEvents to FORGE
[30Nov2025 14:20:02.847] [modloading-worker-0/DEBUG] [net.minecraftforge.fml.javafmlmod.AutomaticEventSubscriber/LOADING]: Auto-subscribing ovh.corail.tombstone.helper.LootHelper to FORGE
[30Nov2025 14:20:02.900] [modloading-worker-0/DEBUG] [mixin/]: Mixing LootTableMixin from balm.mixins.json into net.minecraft.world.level.storage.loot.LootTable
[30Nov2025 14:20:02.916] [modloading-worker-0/DEBUG] [net.minecraftforge.fml.javafmlmod.AutomaticEventSubscriber/LOADING]: Auto-subscribing ovh.corail.tombstone.event.EventHandler to FORGE
[30Nov2025 14:20:02.989] [modloading-worker-0/DEBUG] [net.minecraftforge.fml.javafmlmod.AutomaticEventSubscriber/LOADING]: Auto-subscribing ovh.corail.tombstone.config.ConfigTombstone$ConfigEvent to MOD
[30Nov2025 14:20:03.034] [modloading-worker-0/DEBUG] [net.minecraftforge.fml.javafmlmod.AutomaticEventSubscriber/LOADING]: Attempting to inject @EventBusSubscriber classes into the eventbus for architectury
[30Nov2025 14:20:03.036] [modloading-worker-0/DEBUG] [net.minecraftforge.fml.javafmlmod.AutomaticEventSubscriber/LOADING]: Auto-subscribing dev.architectury.registry.level.entity.trade.forge.TradeRegistryImpl to FORGE
[30Nov2025 14:20:03.041] [modloading-worker-0/DEBUG] [net.minecraftforge.fml.javafmlmod.AutomaticEventSubscriber/LOADING]: Auto-subscribing dev.architectury.registry.forge.ReloadListenerRegistryImpl to FORGE
[30Nov2025 14:20:03.042] [modloading-worker-0/DEBUG] [net.minecraftforge.fml.javafmlmod.AutomaticEventSubscriber/LOADING]: Auto-subscribing dev.architectury.networking.forge.NetworkManagerImpl to FORGE
[30Nov2025 14:20:03.213] [modloading-worker-0/DEBUG] [net.minecraftforge.fml.javafmlmod.AutomaticEventSubscriber/LOADING]: Attempting to inject @EventBusSubscriber classes into the eventbus for mcwroofs
[30Nov2025 14:20:03.213] [modloading-worker-0/DEBUG] [net.minecraftforge.fml.javafmlmod.AutomaticEventSubscriber/LOADING]: Auto-subscribing com.mcwroofs.kikoz.MacawsRoofs to MOD
[30Nov2025 14:20:03.216] [modloading-worker-0/DEBUG] [betterendisland/]: Loaded com.yungnickyoung.minecraft.betterendisland.services.ForgePlatformHelper@4510b7f5 for service interface com.yungnickyoung.minecraft.betterendisland.services.IPlatformHelper
[30Nov2025 14:20:03.216] [modloading-worker-0/DEBUG] [betterendisland/]: Loaded com.yungnickyoung.minecraft.betterendisland.services.ForgeModulesLoader@5c721c37 for service interface com.yungnickyoung.minecraft.betterendisland.services.IModulesLoader
[30Nov2025 14:20:03.217] [modloading-worker-0/DEBUG] [net.minecraftforge.fml.config.ConfigTracker/CONFIG]: Config file betterendisland-forge-1_20.toml for betterendisland tracking
[30Nov2025 14:20:03.220] [modloading-worker-0/DEBUG] [net.minecraftforge.fml.javafmlmod.AutomaticEventSubscriber/LOADING]: Attempting to inject @EventBusSubscriber classes into the eventbus for betterendisland
[30Nov2025 14:20:03.234] [modloading-worker-0/DEBUG] [Framework/]: Loaded com.mrcrayfish.framework.platform.ForgePlatformHelper@399322a9 for service interface com.mrcrayfish.framework.platform.services.IPlatformHelper
[30Nov2025 14:20:03.237] [modloading-worker-0/DEBUG] [net.minecraftforge.fml.javafmlmod.AutomaticEventSubscriber/LOADING]: Attempting to inject @EventBusSubscriber classes into the eventbus for alexscaves
[30Nov2025 14:20:03.237] [modloading-worker-0/DEBUG] [net.minecraftforge.fml.javafmlmod.AutomaticEventSubscriber/LOADING]: Auto-subscribing com.github.alexmodguy.alexscaves.server.entity.ACEntityRegistry to MOD
[30Nov2025 14:20:03.238] [modloading-worker-0/DEBUG] [Framework/]: Loaded com.mrcrayfish.framework.platform.ForgeNetworkHelper@4a4dc09e for service interface com.mrcrayfish.framework.platform.services.INetworkHelper
[30Nov2025 14:20:03.241] [modloading-worker-0/DEBUG] [Framework/]: Loaded com.mrcrayfish.framework.platform.ForgeRegistrationHelper@2a386ec5 for service interface com.mrcrayfish.framework.platform.services.IRegistrationHelper
[30Nov2025 14:20:03.241] [modloading-worker-0/DEBUG] [Framework/]: Loaded com.mrcrayfish.framework.platform.ForgeEntityHelper@1bace297 for service interface com.mrcrayfish.framework.platform.services.IEntityHelper
[30Nov2025 14:20:03.242] [modloading-worker-0/DEBUG] [Framework/]: Loaded com.mrcrayfish.framework.platform.ForgeItemHelper@6ef69286 for service interface com.mrcrayfish.framework.platform.services.IItemHelper
[30Nov2025 14:20:03.243] [modloading-worker-0/DEBUG] [Framework/]: Loaded com.mrcrayfish.framework.platform.ForgeConfigHelper@6b4206fa for service interface com.mrcrayfish.framework.platform.services.IConfigHelper
[30Nov2025 14:20:03.247] [modloading-worker-0/DEBUG] [net.minecraftforge.fml.config.ConfigTracker/CONFIG]: Config file fastleafdecay-server.toml for fastleafdecay tracking
[30Nov2025 14:20:03.252] [modloading-worker-0/DEBUG] [net.minecraftforge.fml.javafmlmod.AutomaticEventSubscriber/LOADING]: Attempting to inject @EventBusSubscriber classes into the eventbus for fastleafdecay
[30Nov2025 14:20:03.252] [modloading-worker-0/DEBUG] [net.minecraftforge.fml.javafmlmod.AutomaticEventSubscriber/LOADING]: Auto-subscribing net.olafski.fastleafdecay.FldConfiguration to MOD
[30Nov2025 14:20:03.254] [modloading-worker-0/DEBUG] [net.minecraftforge.fml.config.ConfigTracker/CONFIG]: Config file cosmeticarmorreworked-client.toml for cosmeticarmorreworked tracking
[30Nov2025 14:20:03.255] [modloading-worker-0/DEBUG] [net.minecraftforge.fml.config.ConfigTracker/CONFIG]: Config file cosmeticarmorreworked-common.toml for cosmeticarmorreworked tracking
[30Nov2025 14:20:03.255] [modloading-worker-0/DEBUG] [net.minecraftforge.fml.javafmlmod.AutomaticEventSubscriber/LOADING]: Attempting to inject @EventBusSubscriber classes into the eventbus for cosmeticarmorreworked
[30Nov2025 14:20:03.256] [modloading-worker-0/INFO] [be.florens.expandability.ExpandAbility/]: ExpandAbility here, who dis?
[30Nov2025 14:20:03.256] [modloading-worker-0/DEBUG] [net.minecraftforge.fml.javafmlmod.AutomaticEventSubscriber/LOADING]: Attempting to inject @EventBusSubscriber classes into the eventbus for expandability
[30Nov2025 14:20:03.265] [modloading-worker-0/DEBUG] [bettermineshafts/]: Loaded com.yungnickyoung.minecraft.bettermineshafts.services.ForgePlatformHelper@63e28054 for service interface com.yungnickyoung.minecraft.bettermineshafts.services.IPlatformHelper
[30Nov2025 14:20:03.270] [modloading-worker-0/DEBUG] [bettermineshafts/]: Loaded com.yungnickyoung.minecraft.bettermineshafts.services.ForgeModulesLoader@32c5ac5a for service interface com.yungnickyoung.minecraft.bettermineshafts.services.IModulesLoader
[30Nov2025 14:20:03.273] [modloading-worker-0/DEBUG] [net.minecraftforge.fml.config.ConfigTracker/CONFIG]: Config file bettermineshafts-forge-1_20.toml for bettermineshafts tracking
[30Nov2025 14:20:03.274] [modloading-worker-0/DEBUG] [net.minecraftforge.fml.javafmlmod.AutomaticEventSubscriber/LOADING]: Attempting to inject @EventBusSubscriber classes into the eventbus for bettermineshafts
[30Nov2025 14:20:03.289] [modloading-worker-0/DEBUG] [SkinRestorer/]: Loaded net.lionarius.skinrestorer.forge.platform.ForgePlatformHelper@7e762632 for service interface net.lionarius.skinrestorer.platform.services.PlatformHelper
[30Nov2025 14:20:03.291] [modloading-worker-0/DEBUG] [SkinRestorer/]: Loaded net.lionarius.skinrestorer.forge.platform.ForgeCompatibilityHelper@23fbeb3 for service interface net.lionarius.skinrestorer.platform.services.CompatibilityHelper
[30Nov2025 14:20:03.401] [modloading-worker-0/DEBUG] [net.minecraftforge.fml.javafmlmod.AutomaticEventSubscriber/LOADING]: Attempting to inject @EventBusSubscriber classes into the eventbus for mcwfurnitures
[30Nov2025 14:20:03.401] [modloading-worker-0/DEBUG] [net.minecraftforge.fml.javafmlmod.AutomaticEventSubscriber/LOADING]: Auto-subscribing com.mcwfurnitures.kikoz.init.EntityInit to MOD
[30Nov2025 14:20:03.402] [modloading-worker-0/DEBUG] [net.minecraftforge.fml.javafmlmod.AutomaticEventSubscriber/LOADING]: Auto-subscribing com.mcwfurnitures.kikoz.MacawsFurnitures to MOD
[30Nov2025 14:20:03.430] [modloading-worker-0/DEBUG] [Framework/]: Started watching config: /workspaces/foy2/servidor_minecraft/config/goblintraders-entities.toml
[30Nov2025 14:20:03.501] [modloading-worker-0/DEBUG] [net.minecraftforge.fml.javafmlmod.AutomaticEventSubscriber/LOADING]: Attempting to inject @EventBusSubscriber classes into the eventbus for framework
[30Nov2025 14:20:03.502] [modloading-worker-0/DEBUG] [net.minecraftforge.fml.javafmlmod.AutomaticEventSubscriber/LOADING]: Auto-subscribing com.mrcrayfish.framework.entity.sync.ForgeSyncedEntityDataHandler to FORGE
[30Nov2025 14:20:03.511] [modloading-worker-0/DEBUG] [net.minecraftforge.fml.javafmlmod.AutomaticEventSubscriber/LOADING]: Attempting to inject @EventBusSubscriber classes into the eventbus for mcwlights
[30Nov2025 14:20:03.512] [modloading-worker-0/DEBUG] [betterjungletemples/]: Loaded com.yungnickyoung.minecraft.betterjungletemples.services.ForgePlatformHelper@4b24ab9b for service interface com.yungnickyoung.minecraft.betterjungletemples.services.IPlatformHelper
[30Nov2025 14:20:03.512] [modloading-worker-0/DEBUG] [net.minecraftforge.fml.javafmlmod.AutomaticEventSubscriber/LOADING]: Auto-subscribing com.mcwlights.kikoz.MacawsLights to MOD
[30Nov2025 14:20:03.514] [modloading-worker-0/DEBUG] [betterjungletemples/]: Loaded com.yungnickyoung.minecraft.betterjungletemples.services.ForgeModulesLoader@2da13319 for service interface com.yungnickyoung.minecraft.betterjungletemples.services.IModulesLoader
[30Nov2025 14:20:03.515] [modloading-worker-0/DEBUG] [betterjungletemples/]: Loaded com.yungnickyoung.minecraft.betterjungletemples.services.ForgeProcessorProvider@7c9e3993 for service interface com.yungnickyoung.minecraft.betterjungletemples.services.IProcessorProvider
[30Nov2025 14:20:03.517] [modloading-worker-0/DEBUG] [net.minecraftforge.fml.config.ConfigTracker/CONFIG]: Config file betterjungletemples-forge-1_20.toml for betterjungletemples tracking
[30Nov2025 14:20:03.518] [modloading-worker-0/DEBUG] [net.minecraftforge.fml.javafmlmod.AutomaticEventSubscriber/LOADING]: Attempting to inject @EventBusSubscriber classes into the eventbus for betterjungletemples
[30Nov2025 14:20:03.528] [modloading-worker-0/DEBUG] [net.minecraftforge.fml.javafmlmod.AutomaticEventSubscriber/LOADING]: Attempting to inject @EventBusSubscriber classes into the eventbus for born_in_chaos_v1
[30Nov2025 14:20:03.529] [modloading-worker-0/DEBUG] [net.minecraftforge.fml.javafmlmod.AutomaticEventSubscriber/LOADING]: Auto-subscribing net.mcreator.borninchaosv.recipes.brewing.StimulatingDecoctionPBrewingRecipe to MOD
[30Nov2025 14:20:03.530] [modloading-worker-0/DEBUG] [net.minecraftforge.fml.javafmlmod.AutomaticEventSubscriber/LOADING]: Auto-subscribing net.mcreator.borninchaosv.recipes.brewing.SeaTerrorEyeKBrewingRecipe to MOD
[30Nov2025 14:20:03.531] [modloading-worker-0/DEBUG] [net.minecraftforge.fml.javafmlmod.AutomaticEventSubscriber/LOADING]: Auto-subscribing net.mcreator.borninchaosv.recipes.brewing.PotionofRampagekBrewingRecipe to MOD
[30Nov2025 14:20:03.533] [modloading-worker-0/DEBUG] [net.minecraftforge.fml.javafmlmod.AutomaticEventSubscriber/LOADING]: Auto-subscribing net.mcreator.borninchaosv.recipes.brewing.PotionofMagicalDepletionKBrewingRecipe to MOD
[30Nov2025 14:20:03.535] [modloading-worker-0/DEBUG] [net.minecraftforge.fml.javafmlmod.AutomaticEventSubscriber/LOADING]: Auto-subscribing net.mcreator.borninchaosv.recipes.brewing.PotionofLivingCocoonCraftBrewingRecipe to MOD
[30Nov2025 14:20:03.536] [modloading-worker-0/DEBUG] [net.minecraftforge.fml.javafmlmod.AutomaticEventSubscriber/LOADING]: Auto-subscribing net.mcreator.borninchaosv.recipes.brewing.IntoxicationPotionKBrewingRecipe to MOD
[30Nov2025 14:20:03.537] [modloading-worker-0/DEBUG] [net.minecraftforge.fml.javafmlmod.AutomaticEventSubscriber/LOADING]: Auto-subscribing net.mcreator.borninchaosv.recipes.brewing.ElixirofWitherResistanceCraftBrewingRecipe to MOD
[30Nov2025 14:20:03.538] [modloading-worker-0/DEBUG] [net.minecraftforge.fml.javafmlmod.AutomaticEventSubscriber/LOADING]: Auto-subscribing net.mcreator.borninchaosv.recipes.brewing.ElixirofVampirismKBrewingRecipe to MOD
[30Nov2025 14:20:03.539] [modloading-worker-0/DEBUG] [net.minecraftforge.fml.javafmlmod.AutomaticEventSubscriber/LOADING]: Auto-subscribing net.mcreator.borninchaosv.recipes.brewing.ElixirofInsectProtectionCraftBrewingRecipe to MOD
[30Nov2025 14:20:03.540] [modloading-worker-0/DEBUG] [net.minecraftforge.fml.javafmlmod.AutomaticEventSubscriber/LOADING]: Auto-subscribing net.mcreator.borninchaosv.recipes.brewing.ElixirofIceBarrierCraftBrewingRecipe to MOD
[30Nov2025 14:20:03.540] [modloading-worker-0/DEBUG] [net.minecraftforge.fml.javafmlmod.AutomaticEventSubscriber/LOADING]: Auto-subscribing net.mcreator.borninchaosv.recipes.brewing.ChaosComponentCraftBrewingRecipe to MOD
[30Nov2025 14:20:03.541] [modloading-worker-0/DEBUG] [net.minecraftforge.fml.javafmlmod.AutomaticEventSubscriber/LOADING]: Auto-subscribing net.mcreator.borninchaosv.recipes.brewing.BottleOfMagicalEnergyKBrewingRecipe to MOD
[30Nov2025 14:20:03.542] [modloading-worker-0/DEBUG] [net.minecraftforge.fml.javafmlmod.AutomaticEventSubscriber/LOADING]: Auto-subscribing net.mcreator.borninchaosv.procedures.ZombieswithDoorPriObnovlieniiTaktaSushchnostiProcedure to FORGE
[30Nov2025 14:20:03.543] [modloading-worker-0/DEBUG] [net.minecraftforge.fml.javafmlmod.AutomaticEventSubscriber/LOADING]: Auto-subscribing net.mcreator.borninchaosv.procedures.ZombiefishermanatackProcedure to FORGE
[30Nov2025 14:20:03.544] [modloading-worker-0/DEBUG] [net.minecraftforge.fml.javafmlmod.AutomaticEventSubscriber/LOADING]: Auto-subscribing net.mcreator.borninchaosv.procedures.ZombieclownatacProcedure to FORGE
[30Nov2025 14:20:03.546] [modloading-worker-0/DEBUG] [net.minecraftforge.fml.javafmlmod.AutomaticEventSubscriber/LOADING]: Auto-subscribing net.mcreator.borninchaosv.procedures.ZombieMaggotsProcedure to FORGE
[30Nov2025 14:20:03.547] [modloading-worker-0/DEBUG] [net.minecraftforge.fml.javafmlmod.AutomaticEventSubscriber/LOADING]: Auto-subscribing net.mcreator.borninchaosv.procedures.ZombieLumberjackAtackProcedure to FORGE
[30Nov2025 14:20:03.548] [modloading-worker-0/DEBUG] [net.minecraftforge.fml.javafmlmod.AutomaticEventSubscriber/LOADING]: Auto-subscribing net.mcreator.borninchaosv.procedures.ZombieBruiseratackProcedure to FORGE
[30Nov2025 14:20:03.549] [modloading-worker-0/DEBUG] [net.minecraftforge.fml.javafmlmod.AutomaticEventSubscriber/LOADING]: Auto-subscribing net.mcreator.borninchaosv.procedures.WarningSoundProcedure to FORGE
[30Nov2025 14:20:03.550] [modloading-worker-0/DEBUG] [net.minecraftforge.fml.javafmlmod.AutomaticEventSubscriber/LOADING]: Auto-subscribing net.mcreator.borninchaosv.procedures.VampiricTouchAtackProcedure to FORGE
[30Nov2025 14:20:03.552] [modloading-worker-0/DEBUG] [net.minecraftforge.fml.javafmlmod.AutomaticEventSubscriber/LOADING]: Auto-subscribing net.mcreator.borninchaosv.procedures.TransmutingElixirclicProcedure to FORGE
[30Nov2025 14:20:03.553] [modloading-worker-0/DEBUG] [net.minecraftforge.fml.javafmlmod.AutomaticEventSubscriber/LOADING]: Auto-subscribing net.mcreator.borninchaosv.procedures.ThornshellCrabPriShchielchkiePKMPoSushchnostiProcedure to FORGE
[30Nov2025 14:20:03.555] [modloading-worker-0/DEBUG] [net.minecraftforge.fml.javafmlmod.AutomaticEventSubscriber/LOADING]: Auto-subscribing net.mcreator.borninchaosv.procedures.SwarmerPreparationProcedure to FORGE
[30Nov2025 14:20:03.556] [modloading-worker-0/DEBUG] [net.minecraftforge.fml.javafmlmod.AutomaticEventSubscriber/LOADING]: Auto-subscribing net.mcreator.borninchaosv.procedures.SpiritofChaosAtackProcedure to FORGE
[30Nov2025 14:20:03.557] [modloading-worker-0/DEBUG] [net.minecraftforge.fml.javafmlmod.AutomaticEventSubscriber/LOADING]: Auto-subscribing net.mcreator.borninchaosv.procedures.SpiritGuideAtacProcedure to FORGE
[30Nov2025 14:20:03.558] [modloading-worker-0/DEBUG] [net.minecraftforge.fml.javafmlmod.AutomaticEventSubscriber/LOADING]: Auto-subscribing net.mcreator.borninchaosv.procedures.SpinyShellArmorKazhdyiTikDliaShliemaProcedure to FORGE
[30Nov2025 14:20:03.559] [modloading-worker-0/DEBUG] [net.minecraftforge.fml.javafmlmod.AutomaticEventSubscriber/LOADING]: Auto-subscribing net.mcreator.borninchaosv.procedures.SkeletonThrasherDProcedure to FORGE
[30Nov2025 14:20:03.561] [modloading-worker-0/DEBUG] [net.minecraftforge.fml.javafmlmod.AutomaticEventSubscriber/LOADING]: Auto-subscribing net.mcreator.borninchaosv.procedures.SerPumpkinheadAtacProcedure to FORGE
[30Nov2025 14:20:03.562] [modloading-worker-0/DEBUG] [net.minecraftforge.fml.javafmlmod.AutomaticEventSubscriber/LOADING]: Auto-subscribing net.mcreator.borninchaosv.procedures.SearedspiritPProcedure to FORGE
[30Nov2025 14:20:03.564] [modloading-worker-0/DEBUG] [net.minecraftforge.fml.javafmlmod.AutomaticEventSubscriber/LOADING]: Auto-subscribing net.mcreator.borninchaosv.procedures.RampagePProcedure to FORGE
[30Nov2025 14:20:03.566] [modloading-worker-0/DEBUG] [net.minecraftforge.fml.javafmlmod.AutomaticEventSubscriber/LOADING]: Auto-subscribing net.mcreator.borninchaosv.procedures.PumpkinbruiserAtacProcedure to FORGE
[30Nov2025 14:20:03.568] [modloading-worker-0/DEBUG] [net.minecraftforge.fml.javafmlmod.AutomaticEventSubscriber/LOADING]: Auto-subscribing net.mcreator.borninchaosv.procedures.PositiveTamingProcedure to FORGE
[30Nov2025 14:20:03.569] [modloading-worker-0/DEBUG] [net.minecraftforge.fml.javafmlmod.AutomaticEventSubscriber/LOADING]: Auto-subscribing net.mcreator.borninchaosv.procedures.PositiveFertilizerProcedure to FORGE
[30Nov2025 14:20:03.573] [modloading-worker-0/DEBUG] [net.minecraftforge.fml.javafmlmod.AutomaticEventSubscriber/LOADING]: Auto-subscribing net.mcreator.borninchaosv.procedures.PiritAtacProcedure to FORGE
[30Nov2025 14:20:03.574] [modloading-worker-0/DEBUG] [net.minecraftforge.fml.javafmlmod.AutomaticEventSubscriber/LOADING]: Auto-subscribing net.mcreator.borninchaosv.procedures.ObsessiondeadProcedure to FORGE
[30Nov2025 14:20:03.575] [modloading-worker-0/DEBUG] [net.minecraftforge.fml.javafmlmod.AutomaticEventSubscriber/LOADING]: Auto-subscribing net.mcreator.borninchaosv.procedures.NightmareStalkerDamProcedure to FORGE
[30Nov2025 14:20:03.576] [modloading-worker-0/DEBUG] [net.minecraftforge.fml.javafmlmod.AutomaticEventSubscriber/LOADING]: Auto-subscribing net.mcreator.borninchaosv.procedures.MrPumpkinAtacProcedure to FORGE
[30Nov2025 14:20:03.577] [modloading-worker-0/DEBUG] [net.minecraftforge.fml.javafmlmod.AutomaticEventSubscriber/LOADING]: Auto-subscribing net.mcreator.borninchaosv.procedures.MotherSpiderAtackProcedure to FORGE
[30Nov2025 14:20:03.578] [modloading-worker-0/DEBUG] [net.minecraftforge.fml.javafmlmod.AutomaticEventSubscriber/LOADING]: Auto-subscribing net.mcreator.borninchaosv.procedures.MissionaryHatpProcedure to FORGE
[30Nov2025 14:20:03.579] [modloading-worker-0/DEBUG] [net.minecraftforge.fml.javafmlmod.AutomaticEventSubscriber/LOADING]: Auto-subscribing net.mcreator.borninchaosv.procedures.MissionaryAtacktargetProcedure to FORGE
[30Nov2025 14:20:03.580] [modloading-worker-0/DEBUG] [net.minecraftforge.fml.javafmlmod.AutomaticEventSubscriber/LOADING]: Auto-subscribing net.mcreator.borninchaosv.procedures.MinionsattacktargetProcedure to FORGE
[30Nov2025 14:20:03.580] [modloading-worker-0/DEBUG] [net.minecraftforge.fml.javafmlmod.AutomaticEventSubscriber/LOADING]: Auto-subscribing net.mcreator.borninchaosv.procedures.LunarSpruceCowboyPProcedure to FORGE
[30Nov2025 14:20:03.581] [modloading-worker-0/DEBUG] [net.minecraftforge.fml.javafmlmod.AutomaticEventSubscriber/LOADING]: Auto-subscribing net.mcreator.borninchaosv.procedures.LordsFelsteedatackProcedure to FORGE
[30Nov2025 14:20:03.582] [modloading-worker-0/DEBUG] [net.minecraftforge.fml.javafmlmod.AutomaticEventSubscriber/LOADING]: Auto-subscribing net.mcreator.borninchaosv.procedures.LordTheHeadlessAtackProcedure to FORGE
[30Nov2025 14:20:03.583] [modloading-worker-0/DEBUG] [net.minecraftforge.fml.javafmlmod.AutomaticEventSubscriber/LOADING]: Auto-subscribing net.mcreator.borninchaosv.procedures.LordPumpkinheadsHatHitProcedure to FORGE
[30Nov2025 14:20:03.585] [modloading-worker-0/DEBUG] [net.minecraftforge.fml.javafmlmod.AutomaticEventSubscriber/LOADING]: Auto-subscribing net.mcreator.borninchaosv.procedures.LordPumpkinheadatackProcedure to FORGE
[30Nov2025 14:20:03.587] [modloading-worker-0/DEBUG] [net.minecraftforge.fml.javafmlmod.AutomaticEventSubscriber/LOADING]: Auto-subscribing net.mcreator.borninchaosv.procedures.LivingcocoonplayersideDeadProcedure to FORGE
[30Nov2025 14:20:03.588] [modloading-worker-0/DEBUG] [net.minecraftforge.fml.javafmlmod.AutomaticEventSubscriber/LOADING]: Auto-subscribing net.mcreator.borninchaosv.procedures.LivingCocoonDeadProcedure to FORGE
[30Nov2025 14:20:03.589] [modloading-worker-0/DEBUG] [net.minecraftforge.fml.javafmlmod.AutomaticEventSubscriber/LOADING]: Auto-subscribing net.mcreator.borninchaosv.procedures.LifestealerTFAtackProcedure to FORGE
[30Nov2025 14:20:03.590] [modloading-worker-0/DEBUG] [net.minecraftforge.fml.javafmlmod.AutomaticEventSubscriber/LOADING]: Auto-subscribing net.mcreator.borninchaosv.procedures.LifestealerAtackProcedure to FORGE
[30Nov2025 14:20:03.591] [modloading-worker-0/DEBUG] [net.minecraftforge.fml.javafmlmod.AutomaticEventSubscriber/LOADING]: Auto-subscribing net.mcreator.borninchaosv.procedures.KrampusHenchmanAttackProcedure to FORGE
[30Nov2025 14:20:03.592] [modloading-worker-0/DEBUG] [net.minecraftforge.fml.javafmlmod.AutomaticEventSubscriber/LOADING]: Auto-subscribing net.mcreator.borninchaosv.procedures.KrampusAttackProcedure to FORGE
[30Nov2025 14:20:03.594] [modloading-worker-0/DEBUG] [net.minecraftforge.fml.javafmlmod.AutomaticEventSubscriber/LOADING]: Auto-subscribing net.mcreator.borninchaosv.procedures.KillinganimalsProcedure to FORGE
[30Nov2025 14:20:03.596] [modloading-worker-0/DEBUG] [net.minecraftforge.fml.javafmlmod.AutomaticEventSubscriber/LOADING]: Auto-subscribing net.mcreator.borninchaosv.procedures.KillingVillagersProcedure to FORGE
[30Nov2025 14:20:03.597] [modloading-worker-0/DEBUG] [net.minecraftforge.fml.javafmlmod.AutomaticEventSubscriber/LOADING]: Auto-subscribing net.mcreator.borninchaosv.procedures.InsectProtectionTrigerProcedure to FORGE
[30Nov2025 14:20:03.598] [modloading-worker-0/DEBUG] [net.minecraftforge.fml.javafmlmod.AutomaticEventSubscriber/LOADING]: Auto-subscribing net.mcreator.borninchaosv.procedures.InfernalSpiritAtackProcedure to FORGE
[30Nov2025 14:20:03.599] [modloading-worker-0/DEBUG] [net.minecraftforge.fml.javafmlmod.AutomaticEventSubscriber/LOADING]: Auto-subscribing net.mcreator.borninchaosv.procedures.IceBarrierAttackProcedure to FORGE
[30Nov2025 14:20:03.601] [modloading-worker-0/DEBUG] [net.minecraftforge.fml.javafmlmod.AutomaticEventSubscriber/LOADING]: Auto-subscribing net.mcreator.borninchaosv.procedures.HewnScorchedLogPProcedure to FORGE
[30Nov2025 14:20:03.602] [modloading-worker-0/DEBUG] [net.minecraftforge.fml.javafmlmod.AutomaticEventSubscriber/LOADING]: Auto-subscribing net.mcreator.borninchaosv.procedures.HalloweenEventSpawnProcedure to FORGE
[30Nov2025 14:20:03.603] [modloading-worker-0/DEBUG] [net.minecraftforge.fml.javafmlmod.AutomaticEventSubscriber/LOADING]: Auto-subscribing net.mcreator.borninchaosv.procedures.HalloweenEventDropProcedure to FORGE
[30Nov2025 14:20:03.604] [modloading-worker-0/DEBUG] [net.minecraftforge.fml.javafmlmod.AutomaticEventSubscriber/LOADING]: Auto-subscribing net.mcreator.borninchaosv.procedures.GluttonfishatackProcedure to FORGE
[30Nov2025 14:20:03.605] [modloading-worker-0/DEBUG] [net.minecraftforge.fml.javafmlmod.AutomaticEventSubscriber/LOADING]: Auto-subscribing net.mcreator.borninchaosv.procedures.FragileScorchedPlanksPProcedure to FORGE
[30Nov2025 14:20:03.606] [modloading-worker-0/DEBUG] [net.minecraftforge.fml.javafmlmod.AutomaticEventSubscriber/LOADING]: Auto-subscribing net.mcreator.borninchaosv.procedures.FirelightDProcedure to FORGE
[30Nov2025 14:20:03.607] [modloading-worker-0/DEBUG] [net.minecraftforge.fml.javafmlmod.AutomaticEventSubscriber/LOADING]: Auto-subscribing net.mcreator.borninchaosv.procedures.ExperienceContainerDeathProcedure to FORGE
[30Nov2025 14:20:03.608] [modloading-worker-0/DEBUG] [net.minecraftforge.fml.javafmlmod.AutomaticEventSubscriber/LOADING]: Auto-subscribing net.mcreator.borninchaosv.procedures.EvilCarvedPumpkinPProcedure to FORGE
[30Nov2025 14:20:03.609] [modloading-worker-0/DEBUG] [net.minecraftforge.fml.javafmlmod.AutomaticEventSubscriber/LOADING]: Auto-subscribing net.mcreator.borninchaosv.procedures.EatingRottenFleshProcedure to FORGE
[30Nov2025 14:20:03.610] [modloading-worker-0/DEBUG] [net.minecraftforge.fml.javafmlmod.AutomaticEventSubscriber/LOADING]: Auto-subscribing net.mcreator.borninchaosv.procedures.EasterDropProcedure to FORGE
[30Nov2025 14:20:03.611] [modloading-worker-0/DEBUG] [net.minecraftforge.fml.javafmlmod.AutomaticEventSubscriber/LOADING]: Auto-subscribing net.mcreator.borninchaosv.procedures.DreadHoundPriNazhatiiPravoiKnopkiNaSushchnostProcedure to FORGE
[30Nov2025 14:20:03.612] [modloading-worker-0/DEBUG] [net.minecraftforge.fml.javafmlmod.AutomaticEventSubscriber/LOADING]: Auto-subscribing net.mcreator.borninchaosv.procedures.DreadHoundAtacProcedure to FORGE
[30Nov2025 14:20:03.612] [modloading-worker-0/DEBUG] [net.minecraftforge.fml.javafmlmod.AutomaticEventSubscriber/LOADING]: Auto-subscribing net.mcreator.borninchaosv.procedures.DireHoundLeaderAtackProcedure to FORGE
[30Nov2025 14:20:03.613] [modloading-worker-0/DEBUG] [net.minecraftforge.fml.javafmlmod.AutomaticEventSubscriber/LOADING]: Auto-subscribing net.mcreator.borninchaosv.procedures.DimonBaitProcedure to FORGE
[30Nov2025 14:20:03.614] [modloading-worker-0/DEBUG] [net.minecraftforge.fml.javafmlmod.AutomaticEventSubscriber/LOADING]: Auto-subscribing net.mcreator.borninchaosv.procedures.DeathTotemKoghdaPriedmietNakhoditsiaVRukieProcedure to FORGE
[30Nov2025 14:20:03.616] [modloading-worker-0/DEBUG] [net.minecraftforge.fml.javafmlmod.AutomaticEventSubscriber/LOADING]: Auto-subscribing net.mcreator.borninchaosv.procedures.DarkWardActivProcedure to FORGE
[30Nov2025 14:20:03.617] [modloading-worker-0/DEBUG] [net.minecraftforge.fml.javafmlmod.AutomaticEventSubscriber/LOADING]: Auto-subscribing net.mcreator.borninchaosv.procedures.DarkRitualDaggerPProcedure to FORGE
[30Nov2025 14:20:03.619] [modloading-worker-0/DEBUG] [net.minecraftforge.fml.javafmlmod.AutomaticEventSubscriber/LOADING]: Auto-subscribing net.mcreator.borninchaosv.procedures.DZombieDProcedure to FORGE
[30Nov2025 14:20:03.620] [modloading-worker-0/DEBUG] [net.minecraftforge.fml.javafmlmod.AutomaticEventSubscriber/LOADING]: Auto-subscribing net.mcreator.borninchaosv.procedures.CursedMarkAtacProcedure to FORGE
[30Nov2025 14:20:03.621] [modloading-worker-0/DEBUG] [net.minecraftforge.fml.javafmlmod.AutomaticEventSubscriber/LOADING]: Auto-subscribing net.mcreator.borninchaosv.procedures.CorpseflyatacProcedure to FORGE
[30Nov2025 14:20:03.623] [modloading-worker-0/DEBUG] [net.minecraftforge.fml.javafmlmod.AutomaticEventSubscriber/LOADING]: Auto-subscribing net.mcreator.borninchaosv.procedures.BoneBarrierProProcedure to FORGE
[30Nov2025 14:20:03.624] [modloading-worker-0/DEBUG] [net.minecraftforge.fml.javafmlmod.AutomaticEventSubscriber/LOADING]: Auto-subscribing net.mcreator.borninchaosv.procedures.BloodyGadflyAtacProcedure to FORGE
[30Nov2025 14:20:03.625] [modloading-worker-0/DEBUG] [net.minecraftforge.fml.javafmlmod.AutomaticEventSubscriber/LOADING]: Auto-subscribing net.mcreator.borninchaosv.procedures.BlockSkeletonTrasherProcedure to FORGE
[30Nov2025 14:20:03.626] [modloading-worker-0/DEBUG] [net.minecraftforge.fml.javafmlmod.AutomaticEventSubscriber/LOADING]: Auto-subscribing net.mcreator.borninchaosv.procedures.BabyspidercontrolledAtackProcedure to FORGE
[30Nov2025 14:20:03.626] [modloading-worker-0/DEBUG] [net.minecraftforge.fml.javafmlmod.AutomaticEventSubscriber/LOADING]: Auto-subscribing net.mcreator.borninchaosv.procedures.BabySpiderAtackProcedure to FORGE
[30Nov2025 14:20:03.627] [modloading-worker-0/DEBUG] [net.minecraftforge.fml.javafmlmod.AutomaticEventSubscriber/LOADING]: Auto-subscribing net.mcreator.borninchaosv.procedures.AxeAtackProcedure to FORGE
[30Nov2025 14:20:03.629] [modloading-worker-0/DEBUG] [net.minecraftforge.fml.javafmlmod.AutomaticEventSubscriber/LOADING]: Auto-subscribing net.mcreator.borninchaosv.procedures.AttackoftheDisobedientProcedure to FORGE
[30Nov2025 14:20:03.629] [modloading-worker-0/DEBUG] [net.minecraftforge.fml.javafmlmod.AutomaticEventSubscriber/LOADING]: Auto-subscribing net.mcreator.borninchaosv.network.BornInChaosV1ModVariables to MOD
[30Nov2025 14:20:03.631] [modloading-worker-0/DEBUG] [net.minecraftforge.fml.javafmlmod.AutomaticEventSubscriber/LOADING]: Auto-subscribing net.mcreator.borninchaosv.network.BornInChaosV1ModVariables$PlayerVariablesProvider to FORGE
[30Nov2025 14:20:03.633] [modloading-worker-0/DEBUG] [net.minecraftforge.fml.javafmlmod.AutomaticEventSubscriber/LOADING]: Auto-subscribing net.mcreator.borninchaosv.network.BornInChaosV1ModVariables$EventBusVariableHandlers to FORGE
[30Nov2025 14:20:03.635] [modloading-worker-0/DEBUG] [net.minecraftforge.fml.javafmlmod.AutomaticEventSubscriber/LOADING]: Auto-subscribing net.mcreator.borninchaosv.init.ItemAnimationFactory to FORGE
[30Nov2025 14:20:03.636] [modloading-worker-0/DEBUG] [net.minecraftforge.fml.javafmlmod.AutomaticEventSubscriber/LOADING]: Auto-subscribing net.mcreator.borninchaosv.init.EntityAnimationFactory to FORGE
[30Nov2025 14:20:03.637] [modloading-worker-0/DEBUG] [net.minecraftforge.fml.javafmlmod.AutomaticEventSubscriber/LOADING]: Auto-subscribing net.mcreator.borninchaosv.init.BornInChaosV1ModGameRules to MOD
[30Nov2025 14:20:03.639] [modloading-worker-0/DEBUG] [mixin/]: Mixing gamerule.BooleanValueInvoker from mixins.artifacts.common.json into net.minecraft.world.level.GameRules$BooleanValue
[30Nov2025 14:20:03.640] [modloading-worker-0/DEBUG] [mixin/]: Renaming @Invoker method invokeCreate(ZLjava/util/function/BiConsumer;)Lnet/minecraft/world/level/GameRules$Type; to invokeCreate_$md$5fd9de$0 in mixins.artifacts.common.json:gamerule.BooleanValueInvoker
[30Nov2025 14:20:03.647] [modloading-worker-0/DEBUG] [mixin/]: Mixing gamerule.IntegerValueInvoker from mixins.artifacts.common.json into net.minecraft.world.level.GameRules$IntegerValue
[30Nov2025 14:20:03.647] [modloading-worker-0/DEBUG] [mixin/]: Renaming @Invoker method invokeCreate(ILjava/util/function/BiConsumer;)Lnet/minecraft/world/level/GameRules$Type; to invokeCreate_$md$5fd9de$0 in mixins.artifacts.common.json:gamerule.IntegerValueInvoker
[30Nov2025 14:20:03.649] [modloading-worker-0/DEBUG] [net.minecraftforge.fml.javafmlmod.AutomaticEventSubscriber/LOADING]: Auto-subscribing net.mcreator.borninchaosv.init.BornInChaosV1ModFuels to FORGE
[30Nov2025 14:20:03.650] [modloading-worker-0/DEBUG] [net.minecraftforge.fml.javafmlmod.AutomaticEventSubscriber/LOADING]: Auto-subscribing net.mcreator.borninchaosv.init.BornInChaosV1ModFeatures to FORGE
[30Nov2025 14:20:03.650] [modloading-worker-0/DEBUG] [net.minecraftforge.fml.javafmlmod.AutomaticEventSubscriber/LOADING]: Auto-subscribing net.mcreator.borninchaosv.init.BornInChaosV1ModEntities to MOD
[30Nov2025 14:20:03.651] [modloading-worker-0/DEBUG] [net.minecraftforge.fml.javafmlmod.AutomaticEventSubscriber/LOADING]: Auto-subscribing net.mcreator.borninchaosv.init.BornInChaosV1ModCompostableItems to MOD
[30Nov2025 14:20:03.791] [modloading-worker-0/DEBUG] [mixin/]: Mixing GameProfileCacheAccessor from skinrestorer.mixins.json into net.minecraft.server.players.GameProfileCache
[30Nov2025 14:20:03.832] [modloading-worker-0/DEBUG] [net.minecraftforge.fml.javafmlmod.AutomaticEventSubscriber/LOADING]: Attempting to inject @EventBusSubscriber classes into the eventbus for skinrestorer
[30Nov2025 14:20:03.832] [modloading-worker-0/DEBUG] [net.minecraftforge.fml.javafmlmod.AutomaticEventSubscriber/LOADING]: Auto-subscribing net.lionarius.skinrestorer.forge.SkinRestorerForge to FORGE
[30Nov2025 14:20:03.842] [main/DEBUG] [mixin/]: Mixing common.RegistryDataLoaderMixin from lithostitched.mixins.json into net.minecraft.resources.RegistryDataLoader
[30Nov2025 14:20:03.893] [main/DEBUG] [net.minecraftforge.common.capabilities.CapabilityManager/CAPABILITIES]: Attempting to automatically register: Lnet/minecraftforge/energy/IEnergyStorage;
[30Nov2025 14:20:03.894] [main/DEBUG] [net.minecraftforge.common.capabilities.CapabilityManager/CAPABILITIES]: Attempting to automatically register: Lnet/minecraftforge/fluids/capability/IFluidHandler;
[30Nov2025 14:20:03.894] [main/DEBUG] [net.minecraftforge.common.capabilities.CapabilityManager/CAPABILITIES]: Attempting to automatically register: Lnet/minecraftforge/fluids/capability/IFluidHandlerItem;
[30Nov2025 14:20:03.894] [main/DEBUG] [net.minecraftforge.common.capabilities.CapabilityManager/CAPABILITIES]: Attempting to automatically register: Lnet/minecraftforge/items/IItemHandler;
[30Nov2025 14:20:07.053] [main/DEBUG] [mixin/]: Mixing accessor.CriteriaTriggersAccessor from yungsapi.mixins.json into net.minecraft.advancements.CriteriaTriggers
[30Nov2025 14:20:07.054] [main/DEBUG] [mixin/]: Renaming @Accessor method getValues()Ljava/util/Map; to getValues_$md$5fd9de$0 in yungsapi.mixins.json:accessor.CriteriaTriggersAccessor
[30Nov2025 14:20:07.113] [main/DEBUG] [Goblin Traders/]: Loaded com.mrcrayfish.goblintraders.platform.ForgePlatformHelper@1960074f for service interface com.mrcrayfish.goblintraders.platform.services.IPlatformHelper
[30Nov2025 14:20:07.124] [main/DEBUG] [dev.architectury.core.item.ArchitecturySpawnEggItem/]: Registering spawn egg mimic_spawn_egg for artifacts:mimic
[30Nov2025 14:20:07.357] [main/DEBUG] [mixin/]: Mixing PotionUtilsMixin from alexscaves.mixins.json into net.minecraft.world.item.alchemy.PotionUtils
[30Nov2025 14:20:07.357] [main/DEBUG] [mixin/]: Renaming synthetic method lambda$ac_getColor$0(Lnet/minecraft/world/effect/MobEffectInstance;)Z to md5fd9de$lambda$ac_getColor$0$0 in alexscaves.mixins.json:PotionUtilsMixin
[30Nov2025 14:20:07.442] [main/DEBUG] [mixin/]: Mixing accessor.ShapelessRecipeAccessor from tombstone.mixins.json into net.minecraft.world.item.crafting.ShapelessRecipe
[30Nov2025 14:20:07.445] [main/DEBUG] [bookshelf/]: Built 2 minecraft:recipe_serializer entries. Took 3.07ms.
[30Nov2025 14:20:07.477] [main/DEBUG] [bookshelf/]: Built 2 minecraft:command_argument_type entries. Took 3.48ms.
[30Nov2025 14:20:07.665] [main/DEBUG] [mixin/]: Mixing ForgeHooksMixin from tombstone.mixins.json into net.minecraftforge.common.ForgeHooks
[30Nov2025 14:20:07.712] [main/WARN] [net.minecraft.network.syncher.SynchedEntityData/]: defineId called for: class com.github.alexmodguy.alexscaves.server.entity.living.TremorzillaEntity from class com.github.alexmodguy.alexscaves.server.entity.living.LicowitchEntity
[30Nov2025 14:20:07.723] [main/WARN] [net.minecraft.network.syncher.SynchedEntityData/]: defineId called for: class net.mcreator.borninchaosv.entity.BabySpiderEntity from class net.mcreator.borninchaosv.entity.MotherSpiderEntity
[30Nov2025 14:20:07.728] [main/DEBUG] [mixin/]: Mixing accessor.SpawnPlacementsAccessor from yungscavebiomes.mixins.json into net.minecraft.world.entity.SpawnPlacements
[30Nov2025 14:20:07.728] [main/DEBUG] [mixin/]: Renaming @Invoker method callRegister(Lnet/minecraft/world/entity/EntityType;Lnet/minecraft/world/entity/SpawnPlacements$Type;Lnet/minecraft/world/level/levelgen/Heightmap$Types;Lnet/minecraft/world/entity/SpawnPlacements$SpawnPredicate;)V to callRegister_$md$5fd9de$0 in yungscavebiomes.mixins.json:accessor.SpawnPlacementsAccessor
[30Nov2025 14:20:07.750] [main/DEBUG] [mixin/]: Mixing common.ServerLifecycleHooksMixin from lithostitched.forge.mixins.json into net.minecraftforge.server.ServerLifecycleHooks
[30Nov2025 14:20:07.750] [main/DEBUG] [mixin/]: Renaming synthetic method lambda$lithostitched$injectBiomeModifers$1(Ljava/util/List;Ljava/util/Map$Entry;)V to md5fd9de$lambda$lithostitched$injectBiomeModifers$1$0 in lithostitched.forge.mixins.json:common.ServerLifecycleHooksMixin
[30Nov2025 14:20:07.750] [main/DEBUG] [mixin/]: Renaming synthetic method lambda$lithostitched$injectBiomeModifers$0(Ljava/util/Map$Entry;)Z to md5fd9de$lambda$lithostitched$injectBiomeModifers$0$1 in lithostitched.forge.mixins.json:common.ServerLifecycleHooksMixin
[30Nov2025 14:20:07.755] [main/DEBUG] [net.minecraftforge.fml.config.ConfigTracker/CONFIG]: Loading configs type COMMON
[30Nov2025 14:20:07.755] [main/DEBUG] [net.minecraftforge.fml.config.ConfigFileTypeHandler/CONFIG]: Built TOML config for /workspaces/foy2/servidor_minecraft/config/betterwitchhuts-forge-1_20.toml
[30Nov2025 14:20:07.756] [main/DEBUG] [net.minecraftforge.fml.config.ConfigFileTypeHandler/CONFIG]: Loaded TOML config file /workspaces/foy2/servidor_minecraft/config/betterwitchhuts-forge-1_20.toml
[30Nov2025 14:20:07.757] [main/DEBUG] [net.minecraftforge.fml.config.ConfigFileTypeHandler/CONFIG]: Watching TOML config file /workspaces/foy2/servidor_minecraft/config/betterwitchhuts-forge-1_20.toml for changes
[30Nov2025 14:20:07.759] [main/DEBUG] [net.minecraftforge.fml.config.ConfigFileTypeHandler/CONFIG]: Built TOML config for /workspaces/foy2/servidor_minecraft/config/betterdungeons-forge-1_20.toml
[30Nov2025 14:20:07.759] [Thread-3/DEBUG] [net.minecraftforge.fml.config.ConfigFileTypeHandler/CONFIG]: Config file betterwitchhuts-forge-1_20.toml changed, sending notifies
[30Nov2025 14:20:07.760] [main/DEBUG] [net.minecraftforge.fml.config.ConfigFileTypeHandler/CONFIG]: Loaded TOML config file /workspaces/foy2/servidor_minecraft/config/betterdungeons-forge-1_20.toml
[30Nov2025 14:20:07.760] [Thread-3/DEBUG] [net.minecraftforge.fml.config.ConfigFileTypeHandler/CONFIG]: Config file betterwitchhuts-forge-1_20.toml changed, sending notifies
[30Nov2025 14:20:07.760] [main/DEBUG] [net.minecraftforge.fml.config.ConfigFileTypeHandler/CONFIG]: Watching TOML config file /workspaces/foy2/servidor_minecraft/config/betterdungeons-forge-1_20.toml for changes
[30Nov2025 14:20:07.762] [Thread-3/DEBUG] [net.minecraftforge.fml.config.ConfigFileTypeHandler/CONFIG]: Config file betterdungeons-forge-1_20.toml changed, sending notifies
[30Nov2025 14:20:07.763] [main/DEBUG] [net.minecraftforge.fml.config.ConfigFileTypeHandler/CONFIG]: Built TOML config for /workspaces/foy2/servidor_minecraft/config/betteroceanmonuments-forge-1_20.toml
[30Nov2025 14:20:07.763] [main/DEBUG] [net.minecraftforge.fml.config.ConfigFileTypeHandler/CONFIG]: Loaded TOML config file /workspaces/foy2/servidor_minecraft/config/betteroceanmonuments-forge-1_20.toml
[30Nov2025 14:20:07.764] [Thread-3/DEBUG] [net.minecraftforge.fml.config.ConfigFileTypeHandler/CONFIG]: Config file betterdungeons-forge-1_20.toml changed, sending notifies
[30Nov2025 14:20:07.764] [main/DEBUG] [net.minecraftforge.fml.config.ConfigFileTypeHandler/CONFIG]: Watching TOML config file /workspaces/foy2/servidor_minecraft/config/betteroceanmonuments-forge-1_20.toml for changes
[30Nov2025 14:20:07.764] [Thread-3/DEBUG] [net.minecraftforge.fml.config.ConfigFileTypeHandler/CONFIG]: Config file betteroceanmonuments-forge-1_20.toml changed, sending notifies
[30Nov2025 14:20:07.765] [Thread-3/DEBUG] [net.minecraftforge.fml.config.ConfigFileTypeHandler/CONFIG]: Config file betteroceanmonuments-forge-1_20.toml changed, sending notifies
[30Nov2025 14:20:07.765] [main/DEBUG] [net.minecraftforge.fml.config.ConfigFileTypeHandler/CONFIG]: Built TOML config for /workspaces/foy2/servidor_minecraft/config/sophisticatedcore-common.toml
[30Nov2025 14:20:07.766] [main/DEBUG] [net.minecraftforge.fml.config.ConfigFileTypeHandler/CONFIG]: Loaded TOML config file /workspaces/foy2/servidor_minecraft/config/sophisticatedcore-common.toml
[30Nov2025 14:20:07.766] [main/DEBUG] [net.minecraftforge.fml.config.ConfigFileTypeHandler/CONFIG]: Watching TOML config file /workspaces/foy2/servidor_minecraft/config/sophisticatedcore-common.toml for changes
[30Nov2025 14:20:07.766] [Thread-3/DEBUG] [net.minecraftforge.fml.config.ConfigFileTypeHandler/CONFIG]: Config file sophisticatedcore-common.toml changed, sending notifies
[30Nov2025 14:20:07.767] [main/DEBUG] [net.minecraftforge.fml.config.ConfigFileTypeHandler/CONFIG]: Built TOML config for /workspaces/foy2/servidor_minecraft/config/YungsCaveBiomes-forge-1_20_1.toml
[30Nov2025 14:20:07.768] [Thread-3/DEBUG] [net.minecraftforge.fml.config.ConfigFileTypeHandler/CONFIG]: Config file sophisticatedcore-common.toml changed, sending notifies
[30Nov2025 14:20:07.768] [main/DEBUG] [net.minecraftforge.fml.config.ConfigFileTypeHandler/CONFIG]: Loaded TOML config file /workspaces/foy2/servidor_minecraft/config/YungsCaveBiomes-forge-1_20_1.toml
[30Nov2025 14:20:07.769] [main/DEBUG] [net.minecraftforge.fml.config.ConfigFileTypeHandler/CONFIG]: Watching TOML config file /workspaces/foy2/servidor_minecraft/config/YungsCaveBiomes-forge-1_20_1.toml for changes
[30Nov2025 14:20:07.770] [Thread-3/DEBUG] [net.minecraftforge.fml.config.ConfigFileTypeHandler/CONFIG]: Config file YungsCaveBiomes-forge-1_20_1.toml changed, sending notifies
[30Nov2025 14:20:07.770] [main/DEBUG] [net.minecraftforge.fml.config.ConfigFileTypeHandler/CONFIG]: Built TOML config for /workspaces/foy2/servidor_minecraft/config/waystones-common.toml
[30Nov2025 14:20:07.772] [main/DEBUG] [net.minecraftforge.fml.config.ConfigFileTypeHandler/CONFIG]: Loaded TOML config file /workspaces/foy2/servidor_minecraft/config/waystones-common.toml
[30Nov2025 14:20:07.772] [main/DEBUG] [net.minecraftforge.fml.config.ConfigFileTypeHandler/CONFIG]: Watching TOML config file /workspaces/foy2/servidor_minecraft/config/waystones-common.toml for changes
[30Nov2025 14:20:07.772] [Thread-3/DEBUG] [net.minecraftforge.fml.config.ConfigFileTypeHandler/CONFIG]: Config file YungsCaveBiomes-forge-1_20_1.toml changed, sending notifies
[30Nov2025 14:20:07.778] [Thread-3/DEBUG] [net.minecraftforge.fml.config.ConfigFileTypeHandler/CONFIG]: Config file waystones-common.toml changed, sending notifies
[30Nov2025 14:20:07.778] [main/DEBUG] [net.minecraftforge.fml.config.ConfigFileTypeHandler/CONFIG]: Built TOML config for /workspaces/foy2/servidor_minecraft/config/citadel-common.toml
[30Nov2025 14:20:07.779] [main/DEBUG] [net.minecraftforge.fml.config.ConfigFileTypeHandler/CONFIG]: Loaded TOML config file /workspaces/foy2/servidor_minecraft/config/citadel-common.toml
[30Nov2025 14:20:07.779] [main/DEBUG] [net.minecraftforge.fml.config.ConfigFileTypeHandler/CONFIG]: Watching TOML config file /workspaces/foy2/servidor_minecraft/config/citadel-common.toml for changes
[30Nov2025 14:20:07.779] [main/DEBUG] [net.minecraftforge.fml.config.ConfigFileTypeHandler/CONFIG]: Built TOML config for /workspaces/foy2/servidor_minecraft/config/betterdeserttemples-forge-1_20.toml
[30Nov2025 14:20:07.780] [main/DEBUG] [net.minecraftforge.fml.config.ConfigFileTypeHandler/CONFIG]: Loaded TOML config file /workspaces/foy2/servidor_minecraft/config/betterdeserttemples-forge-1_20.toml
[30Nov2025 14:20:07.780] [main/DEBUG] [net.minecraftforge.fml.config.ConfigFileTypeHandler/CONFIG]: Watching TOML config file /workspaces/foy2/servidor_minecraft/config/betterdeserttemples-forge-1_20.toml for changes
[30Nov2025 14:20:07.781] [main/DEBUG] [net.minecraftforge.fml.config.ConfigFileTypeHandler/CONFIG]: Built TOML config for /workspaces/foy2/servidor_minecraft/config/sophisticatedbackpacks-common.toml
[30Nov2025 14:20:07.782] [main/DEBUG] [net.minecraftforge.fml.config.ConfigFileTypeHandler/CONFIG]: Loaded TOML config file /workspaces/foy2/servidor_minecraft/config/sophisticatedbackpacks-common.toml
[30Nov2025 14:20:07.782] [main/DEBUG] [net.minecraftforge.fml.config.ConfigFileTypeHandler/CONFIG]: Watching TOML config file /workspaces/foy2/servidor_minecraft/config/sophisticatedbackpacks-common.toml for changes
[30Nov2025 14:20:07.782] [main/DEBUG] [net.minecraftforge.fml.config.ConfigFileTypeHandler/CONFIG]: Built TOML config for /workspaces/foy2/servidor_minecraft/config/betterfortresses-forge-1_20.toml
[30Nov2025 14:20:07.782] [main/DEBUG] [net.minecraftforge.fml.config.ConfigFileTypeHandler/CONFIG]: Loaded TOML config file /workspaces/foy2/servidor_minecraft/config/betterfortresses-forge-1_20.toml
[30Nov2025 14:20:07.782] [main/DEBUG] [net.minecraftforge.fml.config.ConfigFileTypeHandler/CONFIG]: Watching TOML config file /workspaces/foy2/servidor_minecraft/config/betterfortresses-forge-1_20.toml for changes
[30Nov2025 14:20:07.784] [main/DEBUG] [net.minecraftforge.fml.config.ConfigFileTypeHandler/CONFIG]: Built TOML config for /workspaces/foy2/servidor_minecraft/config/carryon-common.toml
[30Nov2025 14:20:07.785] [main/DEBUG] [net.minecraftforge.fml.config.ConfigFileTypeHandler/CONFIG]: Loaded TOML config file /workspaces/foy2/servidor_minecraft/config/carryon-common.toml
[30Nov2025 14:20:07.785] [main/DEBUG] [net.minecraftforge.fml.config.ConfigFileTypeHandler/CONFIG]: Watching TOML config file /workspaces/foy2/servidor_minecraft/config/carryon-common.toml for changes
[30Nov2025 14:20:07.785] [Thread-3/DEBUG] [net.minecraftforge.fml.config.ConfigFileTypeHandler/CONFIG]: Config file waystones-common.toml changed, sending notifies
[30Nov2025 14:20:07.786] [Thread-3/DEBUG] [net.minecraftforge.fml.config.ConfigFileTypeHandler/CONFIG]: Config file sophisticatedbackpacks-common.toml changed, sending notifies
[30Nov2025 14:20:07.839] [main/DEBUG] [net.minecraftforge.fml.config.ConfigFileTypeHandler/CONFIG]: Built TOML config for /workspaces/foy2/servidor_minecraft/config/alexscaves-general.toml
[30Nov2025 14:20:07.839] [Thread-3/DEBUG] [net.minecraftforge.fml.config.ConfigFileTypeHandler/CONFIG]: Config file carryon-common.toml changed, sending notifies
[30Nov2025 14:20:07.877] [main/DEBUG] [net.minecraftforge.fml.config.ConfigFileTypeHandler/CONFIG]: Loaded TOML config file /workspaces/foy2/servidor_minecraft/config/alexscaves-general.toml
[30Nov2025 14:20:07.876] [Thread-3/DEBUG] [net.minecraftforge.fml.config.ConfigFileTypeHandler/CONFIG]: Config file carryon-common.toml changed, sending notifies
[30Nov2025 14:20:07.877] [main/DEBUG] [net.minecraftforge.fml.config.ConfigFileTypeHandler/CONFIG]: Watching TOML config file /workspaces/foy2/servidor_minecraft/config/alexscaves-general.toml for changes
[30Nov2025 14:20:07.926] [Thread-3/DEBUG] [net.minecraftforge.fml.config.ConfigFileTypeHandler/CONFIG]: Config file alexscaves-general.toml changed, sending notifies
[30Nov2025 14:20:07.926] [main/DEBUG] [net.minecraftforge.fml.config.ConfigFileTypeHandler/CONFIG]: Built TOML config for /workspaces/foy2/servidor_minecraft/config/curios-common.toml
[30Nov2025 14:20:07.927] [main/DEBUG] [net.minecraftforge.fml.config.ConfigFileTypeHandler/CONFIG]: Loaded TOML config file /workspaces/foy2/servidor_minecraft/config/curios-common.toml
[30Nov2025 14:20:07.927] [main/DEBUG] [net.minecraftforge.fml.config.ConfigFileTypeHandler/CONFIG]: Watching TOML config file /workspaces/foy2/servidor_minecraft/config/curios-common.toml for changes
[30Nov2025 14:20:07.928] [main/DEBUG] [net.minecraftforge.fml.config.ConfigFileTypeHandler/CONFIG]: Built TOML config for /workspaces/foy2/servidor_minecraft/config/betterstrongholds-forge-1_20.toml
[30Nov2025 14:20:07.928] [main/DEBUG] [net.minecraftforge.fml.config.ConfigFileTypeHandler/CONFIG]: Loaded TOML config file /workspaces/foy2/servidor_minecraft/config/betterstrongholds-forge-1_20.toml
[30Nov2025 14:20:07.928] [main/DEBUG] [net.minecraftforge.fml.config.ConfigFileTypeHandler/CONFIG]: Watching TOML config file /workspaces/foy2/servidor_minecraft/config/betterstrongholds-forge-1_20.toml for changes
[30Nov2025 14:20:07.930] [Thread-3/DEBUG] [net.minecraftforge.fml.config.ConfigFileTypeHandler/CONFIG]: Config file alexscaves-general.toml changed, sending notifies
[30Nov2025 14:20:07.930] [main/DEBUG] [net.minecraftforge.fml.config.ConfigFileTypeHandler/CONFIG]: Built TOML config for /workspaces/foy2/servidor_minecraft/config/tombstone-common.toml
[30Nov2025 14:20:07.931] [Thread-3/DEBUG] [net.minecraftforge.fml.config.ConfigFileTypeHandler/CONFIG]: Config file betterstrongholds-forge-1_20.toml changed, sending notifies
[30Nov2025 14:20:07.932] [main/DEBUG] [net.minecraftforge.fml.config.ConfigFileTypeHandler/CONFIG]: Loaded TOML config file /workspaces/foy2/servidor_minecraft/config/tombstone-common.toml
[30Nov2025 14:20:07.932] [main/DEBUG] [net.minecraftforge.fml.config.ConfigFileTypeHandler/CONFIG]: Watching TOML config file /workspaces/foy2/servidor_minecraft/config/tombstone-common.toml for changes
[30Nov2025 14:20:07.933] [Thread-3/DEBUG] [net.minecraftforge.fml.config.ConfigFileTypeHandler/CONFIG]: Config file tombstone-common.toml changed, sending notifies
[30Nov2025 14:20:07.934] [main/DEBUG] [net.minecraftforge.fml.config.ConfigFileTypeHandler/CONFIG]: Built TOML config for /workspaces/foy2/servidor_minecraft/config/betterendisland-forge-1_20.toml
[30Nov2025 14:20:07.934] [Thread-3/DEBUG] [net.minecraftforge.fml.config.ConfigFileTypeHandler/CONFIG]: Config file tombstone-common.toml changed, sending notifies
[30Nov2025 14:20:07.934] [main/DEBUG] [net.minecraftforge.fml.config.ConfigFileTypeHandler/CONFIG]: Loaded TOML config file /workspaces/foy2/servidor_minecraft/config/betterendisland-forge-1_20.toml
[30Nov2025 14:20:07.934] [main/DEBUG] [net.minecraftforge.fml.config.ConfigFileTypeHandler/CONFIG]: Watching TOML config file /workspaces/foy2/servidor_minecraft/config/betterendisland-forge-1_20.toml for changes
[30Nov2025 14:20:07.935] [main/DEBUG] [net.minecraftforge.fml.config.ConfigFileTypeHandler/CONFIG]: Built TOML config for /workspaces/foy2/servidor_minecraft/config/cosmeticarmorreworked-common.toml
[30Nov2025 14:20:07.935] [main/DEBUG] [net.minecraftforge.fml.config.ConfigFileTypeHandler/CONFIG]: Loaded TOML config file /workspaces/foy2/servidor_minecraft/config/cosmeticarmorreworked-common.toml
[30Nov2025 14:20:07.935] [main/DEBUG] [net.minecraftforge.fml.config.ConfigFileTypeHandler/CONFIG]: Watching TOML config file /workspaces/foy2/servidor_minecraft/config/cosmeticarmorreworked-common.toml for changes
[30Nov2025 14:20:07.936] [main/DEBUG] [net.minecraftforge.fml.config.ConfigFileTypeHandler/CONFIG]: Built TOML config for /workspaces/foy2/servidor_minecraft/config/bettermineshafts-forge-1_20.toml
[30Nov2025 14:20:07.936] [Thread-3/DEBUG] [net.minecraftforge.fml.config.ConfigFileTypeHandler/CONFIG]: Config file tombstone-common.toml changed, sending notifies
[30Nov2025 14:20:07.937] [Thread-3/DEBUG] [net.minecraftforge.fml.config.ConfigFileTypeHandler/CONFIG]: Config file cosmeticarmorreworked-common.toml changed, sending notifies
[30Nov2025 14:20:07.937] [main/DEBUG] [net.minecraftforge.fml.config.ConfigFileTypeHandler/CONFIG]: Loaded TOML config file /workspaces/foy2/servidor_minecraft/config/bettermineshafts-forge-1_20.toml
[30Nov2025 14:20:07.937] [main/DEBUG] [net.minecraftforge.fml.config.ConfigFileTypeHandler/CONFIG]: Watching TOML config file /workspaces/foy2/servidor_minecraft/config/bettermineshafts-forge-1_20.toml for changes
[30Nov2025 14:20:07.938] [Thread-3/DEBUG] [net.minecraftforge.fml.config.ConfigFileTypeHandler/CONFIG]: Config file bettermineshafts-forge-1_20.toml changed, sending notifies
[30Nov2025 14:20:07.939] [main/DEBUG] [net.minecraftforge.fml.config.ConfigFileTypeHandler/CONFIG]: Built TOML config for /workspaces/foy2/servidor_minecraft/config/betterjungletemples-forge-1_20.toml
[30Nov2025 14:20:07.939] [Thread-3/DEBUG] [net.minecraftforge.fml.config.ConfigFileTypeHandler/CONFIG]: Config file bettermineshafts-forge-1_20.toml changed, sending notifies
[30Nov2025 14:20:07.939] [main/DEBUG] [net.minecraftforge.fml.config.ConfigFileTypeHandler/CONFIG]: Loaded TOML config file /workspaces/foy2/servidor_minecraft/config/betterjungletemples-forge-1_20.toml
[30Nov2025 14:20:07.939] [main/DEBUG] [net.minecraftforge.fml.config.ConfigFileTypeHandler/CONFIG]: Watching TOML config file /workspaces/foy2/servidor_minecraft/config/betterjungletemples-forge-1_20.toml for changes
[30Nov2025 14:20:07.939] [Thread-3/DEBUG] [net.minecraftforge.fml.config.ConfigFileTypeHandler/CONFIG]: Config file betterjungletemples-forge-1_20.toml changed, sending notifies
[30Nov2025 14:20:07.940] [Thread-3/DEBUG] [net.minecraftforge.fml.config.ConfigFileTypeHandler/CONFIG]: Config file betterjungletemples-forge-1_20.toml changed, sending notifies
[30Nov2025 14:20:07.966] [Forge Version Check/INFO] [net.minecraftforge.fml.VersionChecker/]: [mcwwindows] Starting version check at https://raw.githubusercontent.com/sketchmacaw/macawsmods/master/window.json
[30Nov2025 14:20:07.992] [modloading-worker-0/DEBUG] [mixin/]: Mixing MixinSlotAttribute from curios.mixins.json into top.theillusivec4.curios.api.SlotAttribute
[30Nov2025 14:20:07.996] [modloading-worker-0/DEBUG] [mixin/]: Mixing MixinCuriosApi from curios.mixins.json into top.theillusivec4.curios.api.CuriosApi
[30Nov2025 14:20:08.348] [main/DEBUG] [net.minecraftforge.fml.DeferredWorkQueue/LOADING]: Dispatching synchronous work for work queue COMMON_SETUP: 32 jobs
[30Nov2025 14:20:08.351] [main/INFO] [journeymap/]: Initializing Packet Registries
[30Nov2025 14:20:08.374] [Forge Version Check/DEBUG] [net.minecraftforge.fml.VersionChecker/]: [mcwwindows] Received version check data:
{
  "homepage": "https://www.curseforge.com/minecraft/mc-mods/macaws-windows",
  "promos": {
    "1.21.10-recommended": "2.4.1",
    "1.21.10-latest": "2.4.1",
    "1.21.9-recommended": "2.4.1",
    "1.21.9-latest": "2.4.1",
    "1.21.8-recommended": "2.4.1",
    "1.21.8-latest": "2.4.1",
    "1.21.7-recommended": "2.4.1",
    "1.21.7-latest": "2.4.1",
    "1.21.6-recommended": "2.4.1",
    "1.21.6-latest": "2.4.1",
    "1.21.5-recommended": "2.4.1",
    "1.21.5-latest": "2.4.1",
    "1.21.4-recommended": "2.4.1",
    "1.21.4-latest": "2.4.1",
    "1.21.3-recommended": "2.4.1",
    "1.21.3-latest": "2.4.1",
    "1.21.1-recommended": "2.4.1",
    "1.21.1-latest": "2.4.1",
    "1.21-recommended": "2.4.1",
    "1.21-latest": "2.4.1",
    "1.20.6-recommended": "2.4.1",
    "1.20.6-latest": "2.4.1",
    "1.20.4-recommended": "2.4.1",
    "1.20.4-latest": "2.4.1",
    "1.20.3-recommended": "2.4.1",
    "1.20.3-latest": "2.4.1",
    "1.20.2-recommended": "2.4.1",
    "1.20.2-latest": "2.4.1",
    "1.20.1-recommended": "2.4.1",
    "1.20.1-latest": "2.4.1",
    "1.20-recommended": "2.4.1",
    "1.20-latest": "2.4.1",
    "1.19.4-recommended": "2.4.1",
    "1.19.4-latest": "2.4.1",
    "1.19.3-recommended": "2.4.1",
    "1.19.3-latest": "2.4.1",
    "1.19.2-recommended": "2.4.1",
    "1.19.2-latest": "2.4.1",
    "1.19.1-recommended": "2.4.1",
    "1.19.1-latest": "2.4.1",
    "1.19-recommended": "2.4.1",
    "1.19-latest": "2.4.1",
    "1.18.2-recommended": "2.4.1",
    "1.18.2-latest": "2.4.1",
    "1.18.1-recommended": "2.4.1",
    "1.18.1-latest": "2.4.1",
    "1.17.1-recommended": "2.4.1",
    "1.17.1-latest": "2.4.1",
    "1.16.5-recommended": "2.4.0",
    "1.16.5-latest": "2.4.0",
    "1.15.2-latest": "1.0.2",
    "1.15.1-latest": "1.0.2",
    "1.14.4-latest": "1.0.2",
    "1.12.2-latest": "1.0.1",
    "1.15.2-recommended": "1.0.2",
    "1.15.1-recommended": "1.0.2",
    "1.14.4-recommended": "1.0.2",
    "1.12.2-recommended": "1.0.1"
  }
}
[30Nov2025 14:20:08.375] [Forge Version Check/INFO] [net.minecraftforge.fml.VersionChecker/]: [mcwwindows] Found status: UP_TO_DATE Current: 2.4.1 Target: null
[30Nov2025 14:20:08.375] [Forge Version Check/INFO] [net.minecraftforge.fml.VersionChecker/]: [mcwpaintings] Starting version check at https://raw.githubusercontent.com/sketchmacaw/macawsmods/master/paintings.json
[30Nov2025 14:20:08.386] [Forge Version Check/DEBUG] [net.minecraftforge.fml.VersionChecker/]: [mcwpaintings] Received version check data:
{
  "homepage": "https://www.curseforge.com/minecraft/mc-mods/macaws-paintings",
  "promos": {
    "1.21.10-recommended": "1.0.5",
    "1.21.10-latest": "1.0.5",
    "1.21.9-recommended": "1.0.5",
    "1.21.9-latest": "1.0.5",
    "1.21.8-recommended": "1.0.5",
    "1.21.8-latest": "1.0.5",
    "1.21.7-recommended": "1.0.5",
    "1.21.7-latest": "1.0.5",
    "1.21.6-recommended": "1.0.5",
    "1.21.6-latest": "1.0.5",
    "1.21.5-recommended": "1.0.5",
    "1.21.5-latest": "1.0.5",
    "1.21.4-recommended": "1.0.5",
    "1.21.4-latest": "1.0.5",
    "1.21.3-recommended": "1.0.5",
    "1.21.3-latest": "1.0.5",
    "1.21.1-recommended": "1.0.5",
    "1.21.1-latest": "1.0.5",
    "1.21-recommended": "1.0.5",
    "1.21-latest": "1.0.5",
    "1.21.1-recommended": "1.0.5",
    "1.21.1-latest": "1.0.5",
    "1.21.3-recommended": "1.0.5",
    "1.21.3-latest": "1.0.5",
    "1.21.4-recommended": "1.0.5",
    "1.21.4-latest": "1.0.5",
    "1.20.6-recommended": "1.0.5",
    "1.20.6-latest": "1.0.5",
    "1.20.4-recommended": "1.0.5",
    "1.20.4-latest": "1.0.5",
    "1.20.3-recommended": "1.0.5",
    "1.20.3-latest": "1.0.5",
    "1.20.2-recommended": "1.0.5",
    "1.20.2-latest": "1.0.5",
    "1.20.1-recommended": "1.0.5",
    "1.20.1-latest": "1.0.5",
    "1.20-recommended": "1.0.5",
    "1.20-latest": "1.0.5",
    "1.19.4-recommended": "1.0.5",
    "1.19.4-latest": "1.0.5",
    "1.19.3-recommended": "1.0.5",
    "1.19.3-latest": "1.0.5",
    "1.19.2-recommended": "1.0.5",
    "1.19.2-latest": "1.0.5",
    "1.19-recommended": "1.0.5",
    "1.19-latest": "1.0.5",
    "1.18.2-recommended": "1.0.5",
    "1.18.2-latest": "1.0.5",
    "1.18.1-recommended": "1.0.5",
    "1.18.1-latest": "1.0.5",
    "1.17.1-latest": "1.0.5",
    "1.16.5-latest": "1.0.5",
    "1.12.2-recommended": "1.0.5",
    "1.12.2-latest": "1.0.5",
    "1.15.2-latest": "1.0.2",
    "1.14.4-latest": "1.0.2",
    "1.17.1-recommended": "1.0.5",
    "1.16.5-recommended": "1.0.5",
    "1.15.2-recommended": "1.0.3",
    "1.14.4-recommended": "1.0.2"
  }
}
[30Nov2025 14:20:08.387] [Forge Version Check/INFO] [net.minecraftforge.fml.VersionChecker/]: [mcwpaintings] Found status: UP_TO_DATE Current: 1.0.5 Target: null
[30Nov2025 14:20:08.387] [Forge Version Check/INFO] [net.minecraftforge.fml.VersionChecker/]: [clumps] Starting version check at https://updates.blamejared.com/get?n=clumps&gv=1.20.1
[30Nov2025 14:20:08.404] [main/INFO] [terrablender/]: Registered region minecraft:overworld to index 0 for type OVERWORLD
[30Nov2025 14:20:08.404] [main/INFO] [terrablender/]: Registered region minecraft:nether to index 0 for type NETHER
[30Nov2025 14:20:08.404] [main/INFO] [terrablender/]: Registered region yungscavebiomes:overworld to index 1 for type OVERWORLD
[30Nov2025 14:20:08.454] [main/DEBUG] [net.minecraftforge.fml.DeferredWorkQueue/LOADING]: Synchronous work queue completed in 104.0 ms
[30Nov2025 14:20:08.479] [main/DEBUG] [net.minecraftforge.fml.DeferredWorkQueue/LOADING]: Dispatching synchronous work for work queue COMPLETE: 2 jobs
[30Nov2025 14:20:08.480] [main/INFO] [citadel/]: adding citadel surface rules via terrablender...
[30Nov2025 14:20:08.480] [main/INFO] [citadel/]: Added 0 vanilla biome surface rule types via terrablender
[30Nov2025 14:20:08.482] [main/INFO] [citadel/]: Added 1 modded biome surface rule types via terrablender
[30Nov2025 14:20:08.487] [main/DEBUG] [net.minecraftforge.fml.DeferredWorkQueue/LOADING]: Synchronous work queue completed in 6.769 ms
[30Nov2025 14:20:08.832] [Forge Version Check/DEBUG] [net.minecraftforge.fml.VersionChecker/]: [clumps] Received version check data:
{"homepage":"https://www.curseforge.com/minecraft/mc-mods/clumps","promos":{"1.20.1-latest":"12.0.0.4"}}
[30Nov2025 14:20:08.833] [Forge Version Check/INFO] [net.minecraftforge.fml.VersionChecker/]: [clumps] Found status: BETA Current: 12.0.0.4 Target: 12.0.0.4
[30Nov2025 14:20:08.833] [Forge Version Check/INFO] [net.minecraftforge.fml.VersionChecker/]: [journeymap] Starting version check at https://forge.curseupdate.com/32274/journeymap
[30Nov2025 14:20:08.936] [Forge Version Check/DEBUG] [net.minecraftforge.fml.VersionChecker/]: [journeymap] Received version check data:
{"promos":{"1.10.2-latest":"1.10.2-5.5.2","1.10.2-recommended":"1.10.2-5.5.2","1.11-latest":"1.11-5.4.6","1.11-recommended":"1.11-5.4.6","1.11.2-latest":"1.11.2-5.5.2","1.11.2-recommended":"1.11.2-5.5.2","1.12-latest":"1.12-5.5.2","1.12-recommended":"1.12-5.5.2","1.12.1-latest":"1.12.1-5.5.2","1.12.1-recommended":"1.12.1-5.5.2","1.12.2-latest":"1.12.2-5.7.1p3","1.12.2-recommended":"1.12.2-5.7.1p3","1.14.4-latest":"5.7.0","1.14.4-recommended":"5.7.0","1.15.2-latest":"5.7.0","1.15.2-recommended":"5.7.0","1.16.2-latest":"5.7.3","1.16.2-recommended":"5.7.3","1.16.3-latest":"5.7.3","1.16.3-recommended":"5.7.3","1.16.4-latest":"5.7.3","1.16.4-recommended":"5.7.3","1.16.5-latest":"5.8.6","1.16.5-recommended":"5.8.6","1.17.1-latest":"5.8.0","1.17.1-recommended":"5.8.0","1.18-latest":"5.8.0alpha9","1.18.1-latest":"5.8.1","1.18.1-recommended":"5.8.1","1.18.2-latest":"5.9.8","1.18.2-recommended":"5.9.8","1.19-latest":"5.8.5","1.19-recommended":"5.8.5","1.19.1-latest":"5.9.0beta2","1.19.2-latest":"5.9.8","1.19.2-recommended":"5.9.8","1.19.3-latest":"5.9.7","1.19.3-recommended":"5.9.7","1.19.4-latest":"5.9.8","1.19.4-recommended":"5.9.8","1.20-latest":"5.9.8","1.20-recommended":"5.9.8","1.20.1-latest":"5.10.3","1.20.1-recommended":"5.10.3","1.20.2-latest":"5.9.21","1.20.2-recommended":"5.9.21","1.20.3-latest":"5.9.18","1.20.3-recommended":"5.9.18","1.20.4-latest":"5.10.0","1.20.4-recommended":"5.10.0","1.20.6-latest":"5.10.0","1.20.6-recommended":"5.10.0","1.21-latest":"1.21-6.0.0-beta.27","1.21.1-latest":"1.21.1-6.0.0-beta.52","1.21.4-latest":"1.21.4-6.0.0-beta.45","1.21.5-latest":"1.21.5-6.0.0-beta.52","1.21.6-latest":"1.21.6-6.0.0-beta.52","1.21.7-latest":"1.21.7-6.0.0-beta.53","1.21.8-latest":"1.21.8-6.0.0-beta.52","1.6.4-latest":"4.0.3","1.6.4-recommended":"4.0.3","1.7.10-latest":"5.2.10","1.7.10-recommended":"5.2.10","1.7.2-latest":"4.0.3","1.7.2-recommended":"4.0.3","1.8-latest":"1.8-5.1.3","1.8-recommended":"1.8-5.1.3","1.8.8-latest":"1.8.8-5.1.3","1.8.8-recommended":"1.8.8-5.1.3","1.8.9-latest":"1.8.9-5.2.4","1.8.9-recommended":"1.8.9-5.2.4","1.9-latest":"1.9-5.5.2","1.9-recommended":"1.9-5.5.2","1.9.4-latest":"1.9.4-5.5.2","1.9.4-recommended":"1.9.4-5.5.2"},"homepage":"https://www.curseforge.com/minecraft/mc-mods/journeymap"}
[30Nov2025 14:20:08.937] [Forge Version Check/INFO] [net.minecraftforge.fml.VersionChecker/]: [journeymap] Found status: UP_TO_DATE Current: 5.10.3 Target: null
[30Nov2025 14:20:08.937] [Forge Version Check/INFO] [net.minecraftforge.fml.VersionChecker/]: [mcwstairs] Starting version check at https://raw.githubusercontent.com/sketchmacaw/macawsmods/master/stairs.json
[30Nov2025 14:20:08.947] [Forge Version Check/DEBUG] [net.minecraftforge.fml.VersionChecker/]: [mcwstairs] Received version check data:
{
  "homepage": "https://www.curseforge.com/minecraft/mc-mods/macaws-stairs",
  "promos": {
    "1.21.10-recommended": "1.0.1",
    "1.21.10-latest": "1.0.1",
    "1.21.9-recommended": "1.0.1",
    "1.21.9-latest": "1.0.1",
    "1.21.8-recommended": "1.0.1",
    "1.21.8-latest": "1.0.1",
    "1.21.7-recommended": "1.0.1",
    "1.21.7-latest": "1.0.1",
    "1.21.6-recommended": "1.0.1",
    "1.21.6-latest": "1.0.1",
    "1.21.5-recommended": "1.0.1",
    "1.21.5-latest": "1.0.1",
    "1.21.4-recommended": "1.0.1",
    "1.21.4-latest": "1.0.1",
    "1.21.3-recommended": "1.0.1",
    "1.21.3-latest": "1.0.1",
    "1.21.1-recommended": "1.0.1",
    "1.21.1-latest": "1.0.1",
    "1.21-recommended": "1.0.1",
    "1.21-latest": "1.0.1",
    "1.20.6-recommended": "1.0.1",
    "1.20.6-latest": "1.0.1",
    "1.20.4-recommended": "1.0.1",
    "1.20.4-latest": "1.0.1",
    "1.20.3-recommended": "1.0.1",
    "1.20.3-latest": "1.0.1",
    "1.20.2-recommended": "1.0.1",
    "1.20.2-latest": "1.0.1",
    "1.20.1-recommended": "1.0.1",
    "1.20.1-latest": "1.0.1",
    "1.20-recommended": "1.0.1",
    "1.20-latest": "1.0.1",
    "1.19.4-recommended": "1.0.1",
    "1.19.4-latest": "1.0.1",
    "1.19.3-recommended": "1.0.1",
    "1.19.3-latest": "1.0.1",
    "1.19.2-recommended": "1.0.1",
    "1.19.2-latest": "1.0.1",
    "1.19.1-recommended": "1.0.1",
    "1.19.1-latest": "1.0.1",
    "1.19-recommended": "1.0.1",
    "1.19-latest": "1.0.1",
    "1.18.2-recommended": "1.0.1",
    "1.18.2-latest": "1.0.1",
    "1.18.1-recommended": "1.0.1",
    "1.18.1-latest": "1.0.1",
    "1.17.1-recommended": "1.0.1",
    "1.17.1-latest": "1.0.1",
    "1.16.5-latest": "1.0.1",
    "1.16.5-recommended": "1.0.1"
  }
}
[30Nov2025 14:20:08.948] [Forge Version Check/INFO] [net.minecraftforge.fml.VersionChecker/]: [mcwstairs] Found status: UP_TO_DATE Current: 1.0.1 Target: null
[30Nov2025 14:20:08.949] [Forge Version Check/INFO] [net.minecraftforge.fml.VersionChecker/]: [bookshelf] Starting version check at https://updates.blamejared.com/get?n=bookshelf&gv=1.20.1
[30Nov2025 14:20:09.046] [Forge Version Check/DEBUG] [net.minecraftforge.fml.VersionChecker/]: [bookshelf] Received version check data:
{"homepage":"https://www.curseforge.com/minecraft/mc-mods/bookshelf","promos":{"1.20.1-latest":"20.2.13"}}
[30Nov2025 14:20:09.047] [Forge Version Check/INFO] [net.minecraftforge.fml.VersionChecker/]: [bookshelf] Found status: BETA Current: 20.2.13 Target: 20.2.13
[30Nov2025 14:20:09.047] [Forge Version Check/INFO] [net.minecraftforge.fml.VersionChecker/]: [mcwdoors] Starting version check at https://raw.githubusercontent.com/sketchmacaw/macawsmods/master/doors.json
[30Nov2025 14:20:09.060] [Forge Version Check/DEBUG] [net.minecraftforge.fml.VersionChecker/]: [mcwdoors] Received version check data:
{
  "homepage": "https://www.curseforge.com/minecraft/mc-mods/macaws-doors",
  "promos": {
    "1.21.10-recommended": "1.1.2",
    "1.21.10-latest": "1.1.2",
    "1.21.9-recommended": "1.1.2",
    "1.21.9-latest": "1.1.2",
    "1.21.8-recommended": "1.1.2",
    "1.21.8-latest": "1.1.2",
    "1.21.7-recommended": "1.1.2",
    "1.21.7-latest": "1.1.2",
    "1.21.6-recommended": "1.1.2",
    "1.21.6-latest": "1.1.2",
    "1.21.5-recommended": "1.1.2",
    "1.21.5-latest": "1.1.2",
    "1.21.4-recommended": "1.1.2",
    "1.21.4-latest": "1.1.2",
    "1.21.3-recommended": "1.1.2",
    "1.21.3-latest": "1.1.2",
    "1.21.1-recommended": "1.1.2",
    "1.21.1-latest": "1.1.2",
    "1.21-recommended": "1.1.2",
    "1.21-latest": "1.1.2",
    "1.20.6-recommended": "1.1.2",
    "1.20.6-latest": "1.1.2",
    "1.20.4-recommended": "1.1.2",
    "1.20.4-latest": "1.1.2",
    "1.20.3-recommended": "1.1.2",
    "1.20.3-latest": "1.1.2",
    "1.20.2-recommended": "1.1.2",
    "1.20.2-latest": "1.1.2",
    "1.20.1-recommended": "1.1.2",
    "1.20.1-latest": "1.1.2",
    "1.20-recommended": "1.1.2",
    "1.20-latest": "1.1.2",
    "1.19.4-recommended": "1.1.2",
    "1.19.4-latest": "1.1.2",
    "1.19.3-recommended": "1.1.2",
    "1.19.3-latest": "1.1.2",
    "1.19.2-recommended": "1.1.2",
    "1.19.2-latest": "1.1.2",
    "1.19.1-recommended": "1.1.2",
    "1.19.1-latest": "1.1.2",
    "1.19-recommended": "1.1.2",
    "1.19-latest": "1.1.2",
    "1.18.2-recommended": "1.1.2",
    "1.18.2-latest": "1.1.2",
    "1.18.1-recommended": "1.1.2",
    "1.18.1-latest": "1.1.2",
    "1.17.1-recommended": "1.1.2",
    "1.17.1-latest": "1.1.2",
    "1.16.5-recommended": "1.1.2",
    "1.16.5-latest": "1.1.2",
    "1.15.2-latest": "1.0.3",
    "1.15.1-latest": "1.0.3",
    "1.14.4-latest": "1.0.3",
    "1.12.2-latest": "1.0.3",
    "1.15.2-recommended": "1.0.3",
    "1.15.1-recommended": "1.0.3",
    "1.14.4-recommended": "1.0.3",
    "1.12.2-recommended": "1.0.3"
  }
}
[30Nov2025 14:20:09.060] [Forge Version Check/INFO] [net.minecraftforge.fml.VersionChecker/]: [mcwdoors] Found status: UP_TO_DATE Current: 1.1.2 Target: null
[30Nov2025 14:20:09.062] [Forge Version Check/INFO] [net.minecraftforge.fml.VersionChecker/]: [forge] Starting version check at https://files.minecraftforge.net/net/minecraftforge/forge/promotions_slim.json
[30Nov2025 14:20:09.164] [Forge Version Check/DEBUG] [net.minecraftforge.fml.VersionChecker/]: [forge] Received version check data:
{
  "homepage": "https://files.minecraftforge.net/net/minecraftforge/forge/",
  "promos": {
    "1.1-latest": "1.3.4.29",
    "1.2.3-latest": "1.4.1.64",
    "1.2.4-latest": "2.0.0.68",
    "1.2.5-latest": "3.4.9.171",
    "1.3.2-latest": "4.3.5.318",
    "1.4.0-latest": "5.0.0.326",
    "1.4.1-latest": "6.0.0.329",
    "1.4.2-latest": "6.0.1.355",
    "1.4.3-latest": "6.2.1.358",
    "1.4.4-latest": "6.3.0.378",
    "1.4.5-latest": "6.4.2.448",
    "1.4.6-latest": "6.5.0.489",
    "1.4.7-latest": "6.6.2.534",
    "1.5-latest": "7.7.0.598",
    "1.5.1-latest": "7.7.2.682",
    "1.5.2-latest": "7.8.1.738",
    "1.5.2-recommended": "7.8.1.738",
    "1.6.1-latest": "8.9.0.775",
    "1.6.2-latest": "9.10.1.871",
    "1.6.2-recommended": "9.10.1.871",
    "1.6.3-latest": "9.11.0.878",
    "1.6.4-latest": "9.11.1.1345",
    "1.6.4-recommended": "9.11.1.1345",
    "1.7.2-latest": "10.12.2.1161",
    "1.7.2-recommended": "10.12.2.1161",
    "1.7.10_pre4-latest": "10.12.2.1149",
    "1.7.10-latest": "10.13.4.1614",
    "1.7.10-recommended": "10.13.4.1614",
    "1.8-latest": "11.14.4.1577",
    "1.8-recommended": "11.14.4.1563",
    "1.8.8-latest": "11.15.0.1655",
    "1.8.9-latest": "11.15.1.2318",
    "1.8.9-recommended": "11.15.1.2318",
    "1.9-latest": "12.16.1.1938",
    "1.9-recommended": "12.16.1.1887",
    "1.9.4-latest": "12.17.0.2317",
    "1.9.4-recommended": "12.17.0.2317",
    "1.10-latest": "12.18.0.2000",
    "1.10.2-latest": "12.18.3.2511",
    "1.10.2-recommended": "12.18.3.2511",
    "1.11-latest": "13.19.1.2199",
    "1.11-recommended": "13.19.1.2189",
    "1.11.2-latest": "13.20.1.2588",
    "1.11.2-recommended": "13.20.1.2588",
    "1.12-latest": "14.21.1.2443",
    "1.12-recommended": "14.21.1.2387",
    "1.12.1-latest": "14.22.1.2485",
    "1.12.1-recommended": "14.22.1.2478",
    "1.12.2-latest": "14.23.5.2860",
    "1.12.2-recommended": "14.23.5.2859",
    "1.13.2-latest": "25.0.223",
    "1.14.2-latest": "26.0.63",
    "1.14.3-latest": "27.0.60",
    "1.14.4-latest": "28.2.26",
    "1.14.4-recommended": "28.2.26",
    "1.15-latest": "29.0.4",
    "1.15.1-latest": "30.0.51",
    "1.15.2-latest": "31.2.60",
    "1.15.2-recommended": "31.2.57",
    "1.16.1-latest": "32.0.108",
    "1.16.2-latest": "33.0.61",
    "1.16.3-latest": "34.1.42",
    "1.16.3-recommended": "34.1.0",
    "1.16.4-latest": "35.1.37",
    "1.16.4-recommended": "35.1.4",
    "1.16.5-latest": "36.2.42",
    "1.16.5-recommended": "36.2.34",
    "1.17.1-latest": "37.1.1",
    "1.17.1-recommended": "37.1.1",
    "1.18-latest": "38.0.17",
    "1.18.1-latest": "39.1.2",
    "1.18.1-recommended": "39.1.0",
    "1.18.2-recommended": "40.3.0",
    "1.18.2-latest": "40.3.11",
    "1.19-latest": "41.1.0",
    "1.19-recommended": "41.1.0",
    "1.19.1-latest": "42.0.9",
    "1.19.2-recommended": "43.5.0",
    "1.19.2-latest": "43.5.1",
    "1.19.3-latest": "44.1.23",
    "1.19.3-recommended": "44.1.0",
    "1.19.4-recommended": "45.4.0",
    "1.19.4-latest": "45.4.2",
    "1.20-latest": "46.0.14",
    "1.20.1-recommended": "47.4.10",
    "1.20.1-latest": "47.4.12",
    "1.20.2-latest": "48.1.0",
    "1.20.2-recommended": "48.1.0",
    "1.20.3-latest": "49.0.2",
    "1.20.4-latest": "49.2.2",
    "1.20.4-recommended": "49.2.0",
    "1.20.6-latest": "50.2.2",
    "1.20.6-recommended": "50.2.0",
    "1.21-latest": "51.0.33",
    "1.21.1-latest": "52.1.6",
    "1.21.1-recommended": "52.1.0",
    "1.21.3-latest": "53.1.4",
    "1.21.3-recommended": "53.1.0",
    "1.21.4-latest": "54.1.8",
    "1.21.4-recommended": "54.1.0",
    "1.21.5-latest": "55.1.2",
    "1.21.5-recommended": "55.1.0",
    "1.21.6-latest": "56.0.9",
    "1.21.7-latest": "57.0.3",
    "1.21.8-latest": "58.1.9",
    "1.21.8-recommended": "58.1.0",
    "1.21.9-latest": "59.0.5",
    "1.21.10-latest": "60.1.0",
    "1.21.10-recommended": "60.1.0"
  }
}
[30Nov2025 14:20:09.164] [Forge Version Check/INFO] [net.minecraftforge.fml.VersionChecker/]: [forge] Found status: OUTDATED Current: 47.3.7 Target: 47.4.10
[30Nov2025 14:20:09.165] [Forge Version Check/INFO] [net.minecraftforge.fml.VersionChecker/]: [ctov] Starting version check at https://api.modrinth.com/updates/fgmhI8kH/forge_updates.json
[30Nov2025 14:20:09.315] [Forge Version Check/DEBUG] [net.minecraftforge.fml.VersionChecker/]: [ctov] Received version check data:
{"homepage":"https://modrinth.com/mod/fgmhI8kH","promos":{"1.20.1-latest":"3.4.14","1.20.6-latest":"3.4.3","1.20.2-latest":"3.4.10","1.20.6-recommended":"3.4.3","1.20.5-latest":"3.4.3","1.20.3-latest":"3.4.10","1.19.3-latest":"3.2.6","1.19.1-recommended":"3.2.6","1.18.2-latest":"2.9.4","1.20-latest":"3.4.14","1.20.4-latest":"3.4.10","1.19.4-recommended":"3.2.6","1.20.4-recommended":"3.4.10","1.19.1-latest":"3.2.6","1.18.2-rc1-latest":"1-18-2-2","1.20-recommended":"3.4.14","1.19-recommended":"3.2.6","1.20.2-recommended":"3.4.10","1.20.1-recommended":"3.4.14","1.19.2-recommended":"3.2.6","1.19-latest":"3.2.6","1.19.2-latest":"3.2.6","1.18.2-rc1-recommended":"1-18-2-2","1.20.3-recommended":"3.4.10","1.20.5-recommended":"3.4.3","1.18.2-recommended":"2.9.4","1.19.3-recommended":"3.2.6","1.19.4-latest":"3.2.6"}}
[30Nov2025 14:20:09.316] [Forge Version Check/INFO] [net.minecraftforge.fml.VersionChecker/]: [ctov] Found status: UP_TO_DATE Current: 3.4.14 Target: null
[30Nov2025 14:20:09.316] [Forge Version Check/INFO] [net.minecraftforge.fml.VersionChecker/]: [mcwpaths] Starting version check at https://raw.githubusercontent.com/sketchmacaw/macawsmods/master/paths.json
[30Nov2025 14:20:09.328] [Forge Version Check/DEBUG] [net.minecraftforge.fml.VersionChecker/]: [mcwpaths] Received version check data:
{
  "homepage": "https://www.curseforge.com/minecraft/mc-mods/macaws-path-and-pavings",
  "promos": {
    "1.21.10-recommended": "1.1.1",
    "1.21.10-latest": "1.1.1",
    "1.21.9-recommended": "1.1.1",
    "1.21.9-latest": "1.1.1",
    "1.21.8-recommended": "1.1.1",
    "1.21.8-latest": "1.1.1",
    "1.21.7-recommended": "1.1.1",
    "1.21.7-latest": "1.1.1",
    "1.21.6-recommended": "1.1.1",
    "1.21.6-latest": "1.1.1",
    "1.21.5-recommended": "1.1.1",
    "1.21.5-latest": "1.1.1",
    "1.21.4-recommended": "1.1.1",
    "1.21.4-latest": "1.1.1",
    "1.21.3-recommended": "1.1.1",
    "1.21.3-latest": "1.1.1",
    "1.21.1-recommended": "1.1.1",
    "1.21.1-latest": "1.1.1",
    "1.21-recommended": "1.1.1",
    "1.21-latest": "1.1.1",
    "1.20.6-recommended": "1.1.1",
    "1.20.6-latest": "1.1.1",
    "1.20.4-recommended": "1.1.1",
    "1.20.4-latest": "1.1.1",
    "1.20.3-recommended": "1.1.1",
    "1.20.3-latest": "1.1.1",
    "1.20.2-recommended": "1.1.1",
    "1.20.2-latest": "1.1.1",
    "1.20.1-recommended": "1.1.1",
    "1.20.1-latest": "1.1.1",
    "1.20-recommended": "1.1.1",
    "1.20-latest": "1.1.1",
    "1.19.4-recommended": "1.1.1",
    "1.19.4-latest": "1.1.1",
    "1.19.3-recommended": "1.1.1",
    "1.19.3-latest": "1.1.1",
    "1.19.2-recommended": "1.1.1",
    "1.19.2-latest": "1.1.1",
    "1.19.1-recommended": "1.1.1",
    "1.19.1-latest": "1.1.1",
    "1.19-recommended": "1.1.1",
    "1.19-latest": "1.1.1",
    "1.18.2-recommended": "1.1.1",
    "1.18.2-latest": "1.1.1",
    "1.18.1-recommended": "1.1.1",
    "1.18.1-latest": "1.1.1",
    "1.17.1-recommended": "1.1.1",
    "1.17.1-latest": "1.1.1",
    "1.16.5-latest": "1.1.1",
    "1.16.5-recommended": "1.1.1",
    "1.12.2-latest": "1.0.2",
    "1.12.2-recommended": "1.0.2"
  }
}
[30Nov2025 14:20:09.329] [Forge Version Check/INFO] [net.minecraftforge.fml.VersionChecker/]: [mcwpaths] Found status: UP_TO_DATE Current: 1.1.1 Target: null
[30Nov2025 14:20:09.329] [Forge Version Check/INFO] [net.minecraftforge.fml.VersionChecker/]: [mcwbridges] Starting version check at https://raw.githubusercontent.com/sketchmacaw/macawsmods/master/bridges.json
[30Nov2025 14:20:09.339] [Forge Version Check/DEBUG] [net.minecraftforge.fml.VersionChecker/]: [mcwbridges] Received version check data:
{
  "homepage": "https://www.curseforge.com/minecraft/mc-mods/macaws-bridges",
  "promos": {
    "1.21.10-recommended": "3.1.0",
    "1.21.10-latest": "3.1.0",
    "1.21.9-recommended": "3.1.0",
    "1.21.9-latest": "3.1.0",
    "1.21.8-recommended": "3.1.0",
    "1.21.8-latest": "3.1.0",
    "1.21.7-recommended": "3.1.0",
    "1.21.7-latest": "3.1.0",
    "1.21.6-recommended": "3.1.0",
    "1.21.6-latest": "3.1.0",
    "1.21.5-recommended": "3.1.0",
    "1.21.5-latest": "3.1.0",
    "1.21.4-recommended": "3.1.0",
    "1.21.4-latest": "3.1.0",
    "1.21.3-recommended": "3.1.0",
    "1.21.3-latest": "3.1.0",
    "1.21.1-recommended": "3.1.1",
    "1.21.1-latest": "3.1.1",
    "1.21-recommended": "3.1.1",
    "1.21-latest": "3.1.1",
    "1.20.6-recommended": "3.1.1",
    "1.20.6-latest": "3.1.1",
    "1.20.4-recommended": "3.1.0",
    "1.20.4-latest": "3.1.0",
    "1.20.3-recommended": "3.1.0",
    "1.20.3-latest": "3.1.0",
    "1.20.2-recommended": "3.1.0",
    "1.20.2-latest": "3.1.0",
    "1.20.1-recommended": "3.1.0",
    "1.20.1-latest": "3.1.0",
    "1.20-recommended": "3.1.0",
    "1.20-latest": "3.1.0",
    "1.19.4-recommended": "3.1.0",
    "1.19.4-latest": "3.1.0",
    "1.19.3-recommended": "3.1.0",
    "1.19.3-latest": "3.1.0",
    "1.19.2-recommended": "3.1.0",
    "1.19.2-latest": "3.1.0",
    "1.19.1-recommended": "3.1.0",
    "1.19.1-latest": "3.1.0",
    "1.19-recommended": "3.1.0",
    "1.19-latest": "3.1.0",
    "1.18.2-recommended": "3.1.0",
    "1.18.2-latest": "3.1.0",
    "1.18.1-recommended": "3.1.0",
    "1.18.1-latest": "3.1.0",
    "1.17.1-recommended": "3.1.0",
    "1.17.1-latest": "3.1.0",
    "1.16.5-recommended": "3.1.0",
    "1.16.5-latest": "3.1.0"
  }
}
[30Nov2025 14:20:09.339] [Forge Version Check/INFO] [net.minecraftforge.fml.VersionChecker/]: [mcwbridges] Found status: UP_TO_DATE Current: 3.1.0 Target: null
[30Nov2025 14:20:09.340] [Forge Version Check/INFO] [net.minecraftforge.fml.VersionChecker/]: [trade_cycling] Starting version check at https://update.maxhenkel.de/forge/trade_cycling
[30Nov2025 14:20:09.974] [Forge Version Check/DEBUG] [net.minecraftforge.fml.VersionChecker/]: [trade_cycling] Received version check data:
{"1.20.2":{"1.20.2-1.0.8":"Updated update checker URL\nUpdated config builder","1.20.2-1.0.7":""},"1.21.1":{"1.21.1-1.0.18":"Updated Simplified Chinese translation"},"1.20.1":{"1.20.1-1.0.7":"","1.20.1-1.0.18":"Updated Simplified Chinese translation"},"1.21":{"1.21-1.0.13":"Updated dependencies\nFixed crash"},"1.20":{"1.20-1.0.5":"Updated to 1.20"},"1.19":{"1.19-1.0.5":"Fixed visual desync when cycling discounted trades"},"1.18.2":{"1.18.2-1.0.2":"Updated to 1.18.2"},"1.19.1":{"1.19.1-1.0.5":"Fixed visual desync when cycling discounted trades"},"1.19.2":{"1.19.2-1.0.5":"Fixed visual desync when cycling discounted trades","1.19.2-1.0.14":"Added Traditional Chinese translation"},"1.19.3":{"1.19.3-1.0.5":"Updated to 1.19.3"},"1.21.10":{"1.21.10-1.0.19":"Updated to 1.21.10"},"1.19.4":{"1.19.4-1.0.5":"Updated to 1.19.4"},"1.21.7":{"1.21.7-1.0.19":"Updated to 1.21.7"},"1.21.6":{"1.21.6-1.0.19":"Fixed Visible Traders integration"},"1.21.9":{"1.21.9-1.0.19":"Updated to 1.21.9"},"1.18.1":{"1.18.1-1.0.2":"Fixed duplication bug"},"1.21.8":{"1.21.8-1.0.19":"Updated to 1.21.8"},"1.20.4":{"1.20.4-1.0.7":"Updated to 1.20.4","1.20.4-1.0.11":""},"1.21.3":{"1.21.3-1.0.15":"Updated to 1.21.3"},"promos":{"1.18.1-latest":"1.18.1-1.0.2","1.21.4-latest":"1.21.4-1.0.18","1.21.3-latest":"1.21.3-1.0.15","1.18.2-latest":"1.18.2-1.0.2","1.20-recommended":"1.20-1.0.5","1.19.3-recommended":"1.19.3-1.0.5","1.19.1-recommended":"1.19.1-1.0.5","1.21.6-latest":"1.21.6-1.0.19","1.21.5-latest":"1.21.5-1.0.18","1.21.1-latest":"1.21.1-1.0.18","1.19.4-recommended":"1.19.4-1.0.5","1.19-latest":"1.19-1.0.5","1.19.2-recommended":"1.19.2-1.0.5","1.21.9-latest":"1.21.9-1.0.19","1.21.8-latest":"1.21.8-1.0.19","1.20.4-recommended":"1.20.4-1.0.7","1.21.7-latest":"1.21.7-1.0.19","1.21-latest":"1.21-1.0.13","1.20.1-recommended":"1.20.1-1.0.7","1.20.2-recommended":"1.20.2-1.0.7","1.20-latest":"1.20-1.0.5","1.18.2-recommended":"1.18.2-1.0.2","1.21.10-latest":"1.21.10-1.0.19","1.18.1-recommended":"1.18.1-1.0.2","1.20.1-latest":"1.20.1-1.0.18","1.20.2-latest":"1.20.2-1.0.8","1.19.2-latest":"1.19.2-1.0.14","1.19.4-latest":"1.19.4-1.0.5","1.19.3-latest":"1.19.3-1.0.5","1.19-recommended":"1.19-1.0.5","1.20.4-latest":"1.20.4-1.0.11","1.19.1-latest":"1.19.1-1.0.5","1.20.6-latest":"1.20.6-1.0.11"},"1.20.6":{"1.20.6-1.0.11":"Updated to 1.20.6"},"1.21.5":{"1.21.5-1.0.18":"Updated Simplified Chinese translation"},"1.21.4":{"1.21.4-1.0.18":"Updated Simplified Chinese translation"},"homepage":"https://modrepo.de/minecraft/trade_cycling/overview"}
[30Nov2025 14:20:09.975] [Forge Version Check/INFO] [net.minecraftforge.fml.VersionChecker/]: [trade_cycling] Found status: AHEAD Current: 1.20.1-1.0.18 Target: null
[30Nov2025 14:20:09.977] [Forge Version Check/INFO] [net.minecraftforge.fml.VersionChecker/]: [enchdesc] Starting version check at https://updates.blamejared.com/get?n=enchdesc&gv=1.20.1
[30Nov2025 14:20:10.075] [Forge Version Check/DEBUG] [net.minecraftforge.fml.VersionChecker/]: [enchdesc] Received version check data:
{"homepage":"https://www.curseforge.com/minecraft/mc-mods/enchantment-descriptions","promos":{"1.20.1-latest":"17.1.19"}}
[30Nov2025 14:20:10.076] [Forge Version Check/INFO] [net.minecraftforge.fml.VersionChecker/]: [enchdesc] Found status: BETA Current: 17.1.19 Target: 17.1.19
[30Nov2025 14:20:10.076] [Forge Version Check/INFO] [net.minecraftforge.fml.VersionChecker/]: [mcwtrpdoors] Starting version check at https://raw.githubusercontent.com/sketchmacaw/macawsmods/master/trapdoors.json
[30Nov2025 14:20:10.090] [Forge Version Check/DEBUG] [net.minecraftforge.fml.VersionChecker/]: [mcwtrpdoors] Received version check data:
{
  "homepage": "https://www.curseforge.com/minecraft/mc-mods/macaws-trapdoors",
  "promos": {
    "1.21.10-recommended": "1.1.5",
    "1.21.10-latest": "1.1.5",
    "1.21.9-recommended": "1.1.5",
    "1.21.9-latest": "1.1.5",
    "1.21.8-recommended": "1.1.5",
    "1.21.8-latest": "1.1.5",
    "1.21.7-recommended": "1.1.5",
    "1.21.7-latest": "1.1.5",
    "1.21.6-recommended": "1.1.5",
    "1.21.6-latest": "1.1.5",
    "1.21.5-recommended": "1.1.5",
    "1.21.5-latest": "1.1.5",
    "1.21.4-recommended": "1.1.5",
    "1.21.4-latest": "1.1.5",
    "1.21.3-recommended": "1.1.5",
    "1.21.3-latest": "1.1.5",
    "1.21.1-recommended": "1.1.5",
    "1.21.1-latest": "1.1.5",
    "1.21-recommended": "1.1.5",
    "1.21-latest": "1.1.5",
    "1.21.1-recommended": "1.1.5",
    "1.21.1-latest": "1.1.5",
    "1.21.3-recommended": "1.1.5",
    "1.21.3-latest": "1.1.5",
    "1.21.4-recommended": "1.1.5",
    "1.21.4-latest": "1.1.5",
    "1.20.6-recommended": "1.1.5",
    "1.20.6-latest": "1.1.5",
    "1.20.4-recommended": "1.1.5",
    "1.20.4-latest": "1.1.5",
    "1.20.3-recommended": "1.1.5",
    "1.20.3-latest": "1.1.5",
    "1.20.2-recommended": "1.1.5",
    "1.20.2-latest": "1.1.5",
    "1.20.1-recommended": "1.1.5",
    "1.20.1-latest": "1.1.5",
    "1.20-recommended": "1.1.5",
    "1.20-latest": "1.1.5",
    "1.19.4-recommended": "1.1.5",
    "1.19.4-latest": "1.1.5",
    "1.19.3-recommended": "1.1.5",
    "1.19.3-latest": "1.1.5",
    "1.19.2-recommended": "1.1.5",
    "1.19.2-latest": "1.1.5",
    "1.19.1-recommended": "1.1.5",
    "1.19.1-latest": "1.1.5",
    "1.19-recommended": "1.1.5",
    "1.19-latest": "1.1.5",
    "1.18.2-recommended": "1.1.5",
    "1.18.2-latest": "1.1.5",
    "1.18.1-recommended": "1.1.5",
    "1.18.1-latest": "1.1.5",
    "1.17.1-recommended": "1.1.5",
    "1.17.1-latest": "1.1.5",
    "1.16.5-recommended": "1.1.5",
    "1.16.5-latest": "1.1.5",
    "1.15.2-latest": "1.0.3",
    "1.15.1-latest": "1.0.3",
    "1.14.4-latest": "1.0.3",
    "1.12.2-latest": "1.0.4",
    "1.15.2-recommended": "1.0.3",
    "1.15.1-recommended": "1.0.3",
    "1.12.2-recommended": "1.0.4",
    "1.14.4-recommended": "1.0.3"
  }
}
[30Nov2025 14:20:10.091] [Forge Version Check/INFO] [net.minecraftforge.fml.VersionChecker/]: [mcwtrpdoors] Found status: OUTDATED Current: 1.1.4 Target: 1.1.5
[30Nov2025 14:20:10.091] [Forge Version Check/INFO] [net.minecraftforge.fml.VersionChecker/]: [mcwfences] Starting version check at https://raw.githubusercontent.com/sketchmacaw/macawsmods/master/fences.json
[30Nov2025 14:20:10.101] [Forge Version Check/DEBUG] [net.minecraftforge.fml.VersionChecker/]: [mcwfences] Received version check data:
{
  "homepage": "https://www.curseforge.com/minecraft/mc-mods/macaws-fences-and-walls",
  "promos": {
    "1.21.10-recommended": "1.2.0",
    "1.21.10-latest": "1.2.0",
    "1.21.9-recommended": "1.2.0",
    "1.21.9-latest": "1.2.0",
    "1.21.8-recommended": "1.2.0",
    "1.21.8-latest": "1.2.0",
    "1.21.7-recommended": "1.2.0",
    "1.21.7-latest": "1.2.0",
    "1.21.6-recommended": "1.2.0",
    "1.21.6-latest": "1.2.0",
    "1.21.5-recommended": "1.2.0",
    "1.21.5-latest": "1.2.0",
    "1.21.4-recommended": "1.2.0",
    "1.21.4-latest": "1.2.0",
    "1.21.3-recommended": "1.2.0",
    "1.21.3-latest": "1.2.0",
    "1.21.1-recommended": "1.2.0",
    "1.21.1-latest": "1.2.0",
    "1.21-recommended": "1.2.0",
    "1.21-latest": "1.2.0",
    "1.20.6-recommended": "1.2.0",
    "1.20.6-latest": "1.2.0",
    "1.20.4-recommended": "1.2.0",
    "1.20.4-latest": "1.2.0",
    "1.20.3-recommended": "1.2.0",
    "1.20.3-latest": "1.2.0",
    "1.20.2-recommended": "1.2.0",
    "1.20.2-latest": "1.2.0",
    "1.20.1-recommended": "1.2.0",
    "1.20.1-latest": "1.2.0",
    "1.20-recommended": "1.2.0",
    "1.20-latest": "1.2.0",
    "1.19.4-recommended": "1.2.0",
    "1.19.4-latest": "1.2.0",
    "1.19.3-recommended": "1.2.0",
    "1.19.3-latest": "1.2.0",
    "1.19.2-recommended": "1.2.0",
    "1.19.2-latest": "1.2.0",
    "1.19.1-recommended": "1.2.0",
    "1.19.1-latest": "1.2.0",
    "1.19-recommended": "1.2.0",
    "1.19-latest": "1.2.0",
    "1.18.2-recommended": "1.2.0",
    "1.18.2-latest": "1.2.0",
    "1.18.1-recommended": "1.2.0",
    "1.18.1-latest": "1.2.0",
    "1.17.1-recommended": "1.2.0",
    "1.17.1-latest": "1.2.0",
    "1.16.5-recommended": "1.2.0",
    "1.16.5-latest": "1.2.0",
    "1.15.2-latest": "1.0.0",
    "1.14.4-latest": "1.0.0",
    "1.12.2-latest": "1.0.0",
    "1.15.2-recommended": "1.0.0",
    "1.14.4-recommended": "1.0.0",
    "1.12.2-recommended": "1.0.0"
  }
}
[30Nov2025 14:20:10.101] [Forge Version Check/INFO] [net.minecraftforge.fml.VersionChecker/]: [mcwfences] Found status: UP_TO_DATE Current: 1.2.0 Target: null
[30Nov2025 14:20:10.102] [Forge Version Check/INFO] [net.minecraftforge.fml.VersionChecker/]: [tombstone] Starting version check at https://raw.githubusercontent.com/Corail31/tombstone_lite/master/update.json
[30Nov2025 14:20:10.112] [Forge Version Check/DEBUG] [net.minecraftforge.fml.VersionChecker/]: [tombstone] Received version check data:
{
	"homepage": "https://www.curseforge.com/minecraft/mc-mods/corail-tombstone",
	"promos": {
		"1.21.8-latest": "9.5.9",
		"1.21.8-recommended": "9.5.9",
		"1.21.7-latest": "9.5.9",
		"1.21.7-recommended": "9.5.9",
		"1.21.6-latest": "9.5.1",
		"1.21.6-recommended": "9.5.1",
		"1.21.5-latest": "9.4.3",
		"1.21.5-recommended": "9.4.3",
		"1.21.4-latest": "9.3.9",
		"1.21.4-recommended": "9.3.9",
		"1.21.3-latest": "9.2.4",
		"1.21.3-recommended": "9.2.4",
		"1.21.1-latest": "9.1.10",
		"1.21.1-recommended": "9.1.10",
		"1.20.4-latest": "8.6.4",
		"1.20.4-recommended": "8.6.4",
		"1.20.2-latest": "8.6.3",
		"1.20.2-recommended": "8.6.3",
		"1.20.1-latest": "9.0.9",
		"1.20.1-recommended": "9.0.9",
		"1.19.4-latest": "8.4.2",
		"1.19.4-recommended": "8.4.2",
		"1.19.3-latest": "8.3.2",
		"1.19.3-recommended": "8.3.2",
		"1.19.2-latest": "8.3.9",
		"1.19.2-recommended": "8.3.9",
		"1.19.1-latest": "8.1.0",
		"1.19.1-recommended": "8.1.0",
		"1.18.2-latest": "7.7.7",
		"1.18.2-recommended": "7.7.7",
		"1.18.1-latest": "7.4.1",
		"1.18.1-recommended": "7.4.1",
		"1.17.1-latest": "7.3.0",
		"1.17.1-recommended": "7.3.0",
		"1.16.5-latest": "6.9.7",
		"1.16.5-recommended": "6.9.7",
		"1.15.2-latest": "4.6.0",
		"1.15.2-recommended": "4.6.0",
		"1.14.4-latest": "4.3.6",
		"1.14.4-recommended": "4.3.6",
		"1.13.2-latest": "3.5.2",
		"1.13.2-recommended": "3.5.2",
		"1.12.2-latest": "4.7.5",
		"1.12.2-recommended": "4.7.5",
		"1.11.2-latest": "2.9.0.1",
		"1.11.2-recommended": "2.9.0.1",
		"1.10.2-latest": "2.9.4",
		"1.10.2-recommended": "2.9.4",
		"1.9.4-latest": "1.4.1",
		"1.9.4-recommended": "1.4.1",
		"1.8.9-latest": "1.4.1",
		"1.8.9-recommended": "1.4.1"
	},
	"1.21.8": {
		"9.5.9": "improvements",
		"9.5.8": "reworks the perk system & improves all guiscreens",
		"9.5.7": "fourth forgotten knowledge",
		"9.5.6": "third forgotten knowledge & ritual flute"
	},
	"1.21.7": {
		"9.5.8": "final version"
	},
	"1.21.6": {
		"9.5.1": "final version"
	},
	"1.21.5": {
		"9.4.3": "final version"
	},
	"1.21.4": {
		"9.3.9": "final version"
	},
	"1.21.3": {
		"9.2.4": "final version"
	},
	"1.21.1": {
		"9.1.10": "final version"
	},
	"1.20.4": {
		"8.6.4": "final version"
	},
	"1.20.2": {
		"8.6.3": "final version"
	},
	"1.20.1": {
		"9.0.9": "fixes",
		"9.0.8": "improvements",
		"9.0.7": "reworks the perk system",
		"9.0.6": "improves all guiscreens",
		"9.0.5": "fourth forgotten knowledge",
		"9.0.4": "third forgotten knowledge & ritual flute",
		"9.0.3": "screaming graves",
		"9.0.2": "second forgotten knowledge & readable scrolls",
		"9.0.1": "new event Spring Bloom",
		"9.0.0": "first forgotten knowledge"
	},
	"1.19.4": {
		"8.4.2": "final version"
	},
	"1.19.2": {
		"8.3.9": "final version"
	},
	"1.18.2": {
		"7.7.7": "final version"
	},
	"1.16.5": {
		"6.9.7": "final version"
	},
	"1.12.2": {
		"4.7.5": "final version"
	}
}
[30Nov2025 14:20:10.113] [Forge Version Check/INFO] [net.minecraftforge.fml.VersionChecker/]: [tombstone] Found status: UP_TO_DATE Current: 9.0.9 Target: null
[30Nov2025 14:20:10.114] [Forge Version Check/INFO] [net.minecraftforge.fml.VersionChecker/]: [mcwroofs] Starting version check at https://raw.githubusercontent.com/sketchmacaw/macawsmods/master/roofs.json
[30Nov2025 14:20:10.124] [Forge Version Check/DEBUG] [net.minecraftforge.fml.VersionChecker/]: [mcwroofs] Received version check data:
{
  "homepage": "https://www.curseforge.com/minecraft/mc-mods/macaws-roofs",
  "promos": {
    "1.21.10-recommended": "2.3.2",
    "1.21.10-latest": "2.3.2",
    "1.21.9-recommended": "2.3.2",
    "1.21.9-latest": "2.3.2",
    "1.21.8-recommended": "2.3.2",
    "1.21.8-latest": "2.3.2",
    "1.21.7-recommended": "2.3.2",
    "1.21.7-latest": "2.3.2",
    "1.21.6-recommended": "2.3.2",
    "1.21.6-latest": "2.3.2",
    "1.21.5-recommended": "2.3.2",
    "1.21.5-latest": "2.3.2",
    "1.21.4-recommended": "2.3.2",
    "1.21.4-latest": "2.3.2",
    "1.21.3-recommended": "2.3.2",
    "1.21.3-latest": "2.3.2",
    "1.21.1-recommended": "2.3.2",
    "1.21.1-latest": "2.3.2",
    "1.21-recommended": "2.3.2",
    "1.21-latest": "2.3.2",
    "1.21.1-recommended": "2.3.2",
    "1.21.1-latest": "2.3.2",
    "1.21.3-recommended": "2.3.2",
    "1.21.3-latest": "2.3.2",
    "1.21.4-recommended": "2.3.2",
    "1.21.4-latest": "2.3.2",
    "1.20.6-recommended": "2.3.2",
    "1.20.6-latest": "2.3.2",
    "1.20.4-recommended": "2.3.2",
    "1.20.4-latest": "2.3.2",
    "1.20.3-recommended": "2.3.2",
    "1.20.3-latest": "2.3.2",
    "1.20.2-recommended": "2.3.2",
    "1.20.2-latest": "2.3.2",
    "1.20.1-recommended": "2.3.2",
    "1.20.1-latest": "2.3.2",
    "1.20-recommended": "2.3.2",
    "1.20-latest": "2.3.2",
    "1.19.4-recommended": "2.3.2",
    "1.19.4-latest": "2.3.2",
    "1.19.3-recommended": "2.3.2",
    "1.19.3-latest": "2.3.2",
    "1.19.2-recommended": "2.3.2",
    "1.19.2-latest": "2.3.2",
    "1.19.1-recommended": "2.3.2",
    "1.19.1-latest": "2.3.2",
    "1.19-recommended": "2.3.2",
    "1.19-latest": "2.3.2",
    "1.18.2-recommended": "2.3.2",
    "1.18.2-latest": "2.3.2",
    "1.18.1-recommended": "2.3.2",
    "1.18.1-latest": "2.3.2",
    "1.17.1-recommended": "2.3.2",
    "1.17.1-latest": "2.3.2",
    "1.16.5-recommended": "2.3.2",
    "1.16.5-latest": "2.3.2"
  }
}
[30Nov2025 14:20:10.125] [Forge Version Check/INFO] [net.minecraftforge.fml.VersionChecker/]: [mcwroofs] Found status: UP_TO_DATE Current: 2.3.2 Target: null
[30Nov2025 14:20:10.125] [Forge Version Check/INFO] [net.minecraftforge.fml.VersionChecker/]: [mcwfurnitures] Starting version check at https://raw.githubusercontent.com/sketchmacaw/macawsmods/master/furniture.json
[30Nov2025 14:20:10.148] [Forge Version Check/DEBUG] [net.minecraftforge.fml.VersionChecker/]: [mcwfurnitures] Received version check data:
{
  "homepage": "https://www.curseforge.com/minecraft/mc-mods/macaws-furniture",
  "promos": {
  	"1.21.10-recommended": "3.4.0",
    "1.21.10-latest": "3.4.0",
	"1.21.9-recommended": "3.4.0",
    "1.21.9-latest": "3.4.0",
	"1.21.8-recommended": "3.4.1",
    "1.21.8-latest": "3.4.1",
	"1.21.7-recommended": "3.4.1",
    "1.21.7-latest": "3.4.1",
  	"1.21.6-recommended": "3.4.1",
    "1.21.6-latest": "3.4.1",
	"1.21.5-recommended": "3.4.1",
    "1.21.5-latest": "3.4.1",
	"1.21.4-recommended": "3.4.1",
    "1.21.4-latest": "3.4.1",
  	"1.21.3-recommended": "3.4.1",
    "1.21.3-latest": "3.4.1",
  	"1.21.1-recommended": "3.4.1",
    "1.21.1-latest": "3.4.1",
    "1.21-recommended": "3.4.1",
    "1.21-latest": "3.4.1",
    "1.20.6-recommended": "3.4.1",
    "1.20.6-latest": "3.4.1",
    "1.20.4-recommended": "3.4.1",
    "1.20.3-recommended": "3.4.1",
    "1.20.4-latest": "3.4.1",
    "1.20.3-latest": "3.4.1",
    "1.20-latest": "3.4.1",
    "1.20.2-latest": "3.4.1",
    "1.20.1-latest": "3.4.1",
    "1.16.4-latest": "2.0.1",
    "1.16.5-latest": "3.4.1",
    "1.15.2-latest": "2.0.1",
    "1.15.1-latest": "1.0.1",
    "1.14.4-latest": "1.0.1",
    "1.12.2-latest": "1.0.1",
    "1.17.1-recommended": "3.4.1",
    "1.18.1-recommended": "3.4.1",
    "1.18.2-recommended": "3.4.1",
    "1.17.1-latest": "3.4.1",
    "1.18.1-latest": "3.4.1",
    "1.18.2-latest": "3.4.1",
    "1.19-recommended": "3.4.1",
    "1.19-latest": "3.4.1",
    "1.19.1-recommended": "3.4.1",
    "1.19.1-latest": "3.4.1",
    "1.19.2-recommended": "3.4.1",
    "1.19.2-latest": "3.4.1",
    "1.19.3-recommended": "3.4.1",
    "1.19.3-latest": "3.4.1",
    "1.16.4-recommended": "2.0.1",
    "1.16.5-recommended": "3.4.1",
    "1.20-recommended": "3.4.1",
    "1.20.1-recommended": "3.4.1",
    "1.20.2-recommended": "3.4.1",
    "1.15.2-recommended": "2.0.1",
    "1.15.1-recommended": "1.0.1",
    "1.14.4-recommended": "1.0.1",
    "1.12.2-recommended": "1.0.1"
  }
}
[30Nov2025 14:20:10.150] [Forge Version Check/INFO] [net.minecraftforge.fml.VersionChecker/]: [mcwfurnitures] Found status: OUTDATED Current: 3.3.0 Target: 3.4.1
[30Nov2025 14:20:10.152] [Forge Version Check/INFO] [net.minecraftforge.fml.VersionChecker/]: [mcwlights] Starting version check at https://raw.githubusercontent.com/sketchmacaw/macawsmods/master/lights.json
[30Nov2025 14:20:10.163] [Forge Version Check/DEBUG] [net.minecraftforge.fml.VersionChecker/]: [mcwlights] Received version check data:
{
  "homepage": "https://www.curseforge.com/minecraft/mc-mods/macaws-lights-and-lamps",
  "promos": {
    "1.21.10-recommended": "1.1.4",
    "1.21.10-latest": "1.1.4",
    "1.21.9-recommended": "1.1.4",
    "1.21.9-latest": "1.1.4",
    "1.21.8-recommended": "1.1.2",
    "1.21.8-latest": "1.1.2",
    "1.21.7-recommended": "1.1.2",
    "1.21.7-latest": "1.1.2",
    "1.21.6-recommended": "1.1.2",
    "1.21.6-latest": "1.1.2",
    "1.21.5-recommended": "1.1.2",
    "1.21.5-latest": "1.1.2",
    "1.21.4-recommended": "1.1.2",
    "1.21.4-latest": "1.1.2",
    "1.21.3-recommended": "1.1.2",
    "1.21.3-latest": "1.1.2",
    "1.21.1-recommended": "1.1.2",
    "1.21.1-latest": "1.1.2",
    "1.21-recommended": "1.1.2",
    "1.21-latest": "1.1.2",
    "1.20.6-recommended": "1.1.2",
    "1.20.6-latest": "1.1.2",
    "1.20.4-recommended": "1.1.2",
    "1.20.4-latest": "1.1.2",
    "1.20.3-recommended": "1.1.2",
    "1.20.3-latest": "1.1.2",
    "1.20.2-recommended": "1.1.2",
    "1.20.2-latest": "1.1.2",
    "1.20.1-recommended": "1.1.2",
    "1.20.1-latest": "1.1.2",
    "1.20-recommended": "1.1.2",
    "1.20-latest": "1.1.2",
    "1.19.4-recommended": "1.1.2",
    "1.19.4-latest": "1.1.2",
    "1.19.3-recommended": "1.1.2",
    "1.19.3-latest": "1.1.2",
    "1.19.2-recommended": "1.1.2",
    "1.19.2-latest": "1.1.2",
    "1.19.1-recommended": "1.1.2",
    "1.19.1-latest": "1.1.2",
    "1.19-recommended": "1.1.2",
    "1.19-latest": "1.1.2",
    "1.18.2-recommended": "1.1.2",
    "1.18.2-latest": "1.1.2",
    "1.18.1-recommended": "1.1.2",
    "1.18.1-latest": "1.1.2",
    "1.17.1-recommended": "1.1.2",
    "1.17.1-latest": "1.1.2",
    "1.16.5-recommended": "1.1.2",
    "1.16.5-latest": "1.1.2"
  }
}
[30Nov2025 14:20:10.163] [Forge Version Check/INFO] [net.minecraftforge.fml.VersionChecker/]: [mcwlights] Found status: UP_TO_DATE Current: 1.1.2 Target: null
[30Nov2025 14:20:12.747] [main/INFO] [com.mojang.authlib.yggdrasil.YggdrasilAuthenticationService/]: Environment: authHost='https://authserver.mojang.com', accountsHost='https://api.mojang.com', sessionHost='https://sessionserver.mojang.com', servicesHost='https://api.minecraftservices.com', name='PROD'
[30Nov2025 14:20:15.776] [main/WARN] [net.minecraft.server.packs.VanillaPackResourcesBuilder/]: Assets URL 'union:/workspaces/foy2/servidor_minecraft/libraries/net/minecraft/server/1.20.1-20230612.114412/server-1.20.1-20230612.114412-srg.jar%23209!/assets/.mcassetsroot' uses unexpected schema
[30Nov2025 14:20:15.777] [main/WARN] [net.minecraft.server.packs.VanillaPackResourcesBuilder/]: Assets URL 'union:/workspaces/foy2/servidor_minecraft/libraries/net/minecraft/server/1.20.1-20230612.114412/server-1.20.1-20230612.114412-srg.jar%23209!/data/.mcassetsroot' uses unexpected schema
[30Nov2025 14:20:15.872] [main/DEBUG] [net.minecraftforge.server.ServerLifecycleHooks/CORE]: Generating PackInfo named mod:betterdungeons for mod file /workspaces/foy2/servidor_minecraft/mods/YungsBetterDungeons-1.20-Forge-4.0.4.jar
[30Nov2025 14:20:15.873] [main/DEBUG] [net.minecraftforge.server.ServerLifecycleHooks/CORE]: Generating PackInfo named mod:kuma_api for mod file 
[30Nov2025 14:20:15.873] [main/DEBUG] [net.minecraftforge.server.ServerLifecycleHooks/CORE]: Generating PackInfo named mod:betterwitchhuts for mod file /workspaces/foy2/servidor_minecraft/mods/YungsBetterWitchHuts-1.20-Forge-3.0.3.jar
[30Nov2025 14:20:15.873] [main/DEBUG] [net.minecraftforge.server.ServerLifecycleHooks/CORE]: Generating PackInfo named mod:geckolib for mod file /workspaces/foy2/servidor_minecraft/mods/geckolib-forge-1.20.1-4.8.2.jar
[30Nov2025 14:20:15.873] [main/DEBUG] [net.minecraftforge.server.ServerLifecycleHooks/CORE]: Generating PackInfo named mod:lithostitched for mod file /workspaces/foy2/servidor_minecraft/mods/lithostitched-forge-1.20.1-1.4.11.jar
[30Nov2025 14:20:15.874] [main/DEBUG] [net.minecraftforge.server.ServerLifecycleHooks/CORE]: Generating PackInfo named mod:betteroceanmonuments for mod file /workspaces/foy2/servidor_minecraft/mods/YungsBetterOceanMonuments-1.20-Forge-3.0.4.jar
[30Nov2025 14:20:15.874] [main/DEBUG] [net.minecraftforge.server.ServerLifecycleHooks/CORE]: Generating PackInfo named mod:goblintraders for mod file /workspaces/foy2/servidor_minecraft/mods/goblintraders-forge-1.20.1-1.11.5.jar
[30Nov2025 14:20:15.874] [main/DEBUG] [net.minecraftforge.server.ServerLifecycleHooks/CORE]: Generating PackInfo named mod:mcwwindows for mod file /workspaces/foy2/servidor_minecraft/mods/mcw-mcwwindows-2.4.1-mc1.20.1forge.jar
[30Nov2025 14:20:15.874] [main/DEBUG] [net.minecraftforge.server.ServerLifecycleHooks/CORE]: Generating PackInfo named mod:sophisticatedcore for mod file /workspaces/foy2/servidor_minecraft/mods/sophisticatedcore-1.20.1-1.2.107.1240.jar
[30Nov2025 14:20:15.874] [main/DEBUG] [net.minecraftforge.server.ServerLifecycleHooks/CORE]: Generating PackInfo named mod:waystones for mod file /workspaces/foy2/servidor_minecraft/mods/waystones-forge-1.20.1-14.1.17.jar
[30Nov2025 14:20:15.875] [main/DEBUG] [net.minecraftforge.server.ServerLifecycleHooks/CORE]: Generating PackInfo named mod:villagernames for mod file /workspaces/foy2/servidor_minecraft/mods/villagernames-1.20.1-8.2.jar
[30Nov2025 14:20:15.875] [main/DEBUG] [net.minecraftforge.server.ServerLifecycleHooks/CORE]: Generating PackInfo named mod:mcwpaintings for mod file /workspaces/foy2/servidor_minecraft/mods/mcw-paintings-1.0.5-1.20.1forge.jar
[30Nov2025 14:20:15.875] [main/DEBUG] [net.minecraftforge.server.ServerLifecycleHooks/CORE]: Generating PackInfo named mod:clumps for mod file /workspaces/foy2/servidor_minecraft/mods/Clumps-forge-1.20.1-12.0.0.4.jar
[30Nov2025 14:20:15.875] [main/DEBUG] [net.minecraftforge.server.ServerLifecycleHooks/CORE]: Generating PackInfo named mod:journeymap for mod file /workspaces/foy2/servidor_minecraft/mods/journeymap-1.20.1-5.10.3-forge.jar
[30Nov2025 14:20:15.875] [main/DEBUG] [net.minecraftforge.server.ServerLifecycleHooks/CORE]: Generating PackInfo named mod:yungscavebiomes for mod file /workspaces/foy2/servidor_minecraft/mods/YungsCaveBiomes-1.20.1-Forge-2.0.5.jar
[30Nov2025 14:20:15.876] [main/DEBUG] [net.minecraftforge.server.ServerLifecycleHooks/CORE]: Generating PackInfo named mod:citadel for mod file /workspaces/foy2/servidor_minecraft/mods/citadel-2.6.2-1.20.1.jar
[30Nov2025 14:20:15.876] [main/DEBUG] [net.minecraftforge.server.ServerLifecycleHooks/CORE]: Generating PackInfo named mod:artifacts for mod file /workspaces/foy2/servidor_minecraft/mods/artifacts-forge-9.5.16.jar
[30Nov2025 14:20:15.876] [main/DEBUG] [net.minecraftforge.server.ServerLifecycleHooks/CORE]: Generating PackInfo named mod:yungsapi for mod file /workspaces/foy2/servidor_minecraft/mods/YungsApi-1.20-Forge-4.0.6.jar
[30Nov2025 14:20:15.876] [main/DEBUG] [net.minecraftforge.server.ServerLifecycleHooks/CORE]: Generating PackInfo named mod:mcwstairs for mod file /workspaces/foy2/servidor_minecraft/mods/mcw-stairs-1.0.1-1.20.1forge.jar
[30Nov2025 14:20:15.876] [main/DEBUG] [net.minecraftforge.server.ServerLifecycleHooks/CORE]: Generating PackInfo named mod:mixinextras for mod file 
[30Nov2025 14:20:15.877] [main/DEBUG] [net.minecraftforge.server.ServerLifecycleHooks/CORE]: Generating PackInfo named mod:bookshelf for mod file /workspaces/foy2/servidor_minecraft/mods/Bookshelf-Forge-1.20.1-20.2.13.jar
[30Nov2025 14:20:15.877] [main/DEBUG] [net.minecraftforge.server.ServerLifecycleHooks/CORE]: Generating PackInfo named mod:sophisticatedbackpacks for mod file /workspaces/foy2/servidor_minecraft/mods/sophisticatedbackpacks-1.20.1-3.24.12.1411.jar
[30Nov2025 14:20:15.877] [main/DEBUG] [net.minecraftforge.server.ServerLifecycleHooks/CORE]: Generating PackInfo named mod:betterdeserttemples for mod file /workspaces/foy2/servidor_minecraft/mods/YungsBetterDesertTemples-1.20-Forge-3.0.3.jar
[30Nov2025 14:20:15.877] [main/DEBUG] [net.minecraftforge.server.ServerLifecycleHooks/CORE]: Generating PackInfo named mod:mcwdoors for mod file /workspaces/foy2/servidor_minecraft/mods/mcw-doors-1.1.2-mc1.20.1forge.jar
[30Nov2025 14:20:15.878] [main/DEBUG] [net.minecraftforge.server.ServerLifecycleHooks/CORE]: Generating PackInfo named mod:balm for mod file /workspaces/foy2/servidor_minecraft/mods/balm-forge-1.20.1-7.3.37-all.jar
[30Nov2025 14:20:15.878] [main/DEBUG] [net.minecraftforge.server.ServerLifecycleHooks/CORE]: Generating PackInfo named mod:carryon for mod file /workspaces/foy2/servidor_minecraft/mods/carryon-forge-1.20.1-2.1.2.7.jar
[30Nov2025 14:20:15.878] [main/DEBUG] [net.minecraftforge.server.ServerLifecycleHooks/CORE]: Generating PackInfo named mod:betterfortresses for mod file /workspaces/foy2/servidor_minecraft/mods/YungsBetterNetherFortresses-1.20-Forge-2.0.6.jar
[30Nov2025 14:20:15.878] [main/DEBUG] [net.minecraftforge.server.ServerLifecycleHooks/CORE]: Generating PackInfo named mod:cloth_config for mod file /workspaces/foy2/servidor_minecraft/mods/cloth-config-11.1.136-forge.jar
[30Nov2025 14:20:15.878] [main/DEBUG] [net.minecraftforge.server.ServerLifecycleHooks/CORE]: Generating PackInfo named mod:forge for mod file /workspaces/foy2/servidor_minecraft/libraries/net/minecraftforge/forge/1.20.1-47.3.7/forge-1.20.1-47.3.7-universal.jar
[30Nov2025 14:20:15.879] [main/DEBUG] [net.minecraftforge.server.ServerLifecycleHooks/CORE]: Generating PackInfo named mod:ctov for mod file /workspaces/foy2/servidor_minecraft/mods/[forge]ctov-3.4.14.jar
[30Nov2025 14:20:15.879] [main/DEBUG] [net.minecraftforge.server.ServerLifecycleHooks/CORE]: Generating PackInfo named mod:mcwpaths for mod file /workspaces/foy2/servidor_minecraft/mods/mcw-mcwpaths-1.1.1-mc1.20.1forge.jar
[30Nov2025 14:20:15.879] [main/DEBUG] [net.minecraftforge.server.ServerLifecycleHooks/CORE]: Generating PackInfo named mod:dungeons_arise for mod file /workspaces/foy2/servidor_minecraft/mods/DungeonsArise-1.20.x-2.1.58-release.jar
[30Nov2025 14:20:15.879] [main/DEBUG] [net.minecraftforge.server.ServerLifecycleHooks/CORE]: Generating PackInfo named mod:mcwbridges for mod file /workspaces/foy2/servidor_minecraft/mods/mcw-bridges-3.1.0-mc1.20.1forge.jar
[30Nov2025 14:20:15.879] [main/DEBUG] [net.minecraftforge.server.ServerLifecycleHooks/CORE]: Generating PackInfo named mod:alexscaves for mod file /workspaces/foy2/servidor_minecraft/mods/alexscaves-2.0.2.jar
[30Nov2025 14:20:15.879] [main/DEBUG] [net.minecraftforge.server.ServerLifecycleHooks/CORE]: Generating PackInfo named mod:trade_cycling for mod file /workspaces/foy2/servidor_minecraft/mods/trade-cycling-forge-1.20.1-1.0.18.jar
[30Nov2025 14:20:15.880] [main/DEBUG] [net.minecraftforge.server.ServerLifecycleHooks/CORE]: Generating PackInfo named mod:enchdesc for mod file /workspaces/foy2/servidor_minecraft/mods/EnchantmentDescriptions-Forge-1.20.1-17.1.19.jar
[30Nov2025 14:20:15.880] [main/DEBUG] [net.minecraftforge.server.ServerLifecycleHooks/CORE]: Generating PackInfo named mod:terrablender for mod file /workspaces/foy2/servidor_minecraft/mods/TerraBlender-forge-1.20.1-3.0.1.7.jar
[30Nov2025 14:20:15.880] [main/DEBUG] [net.minecraftforge.server.ServerLifecycleHooks/CORE]: Generating PackInfo named mod:mcwtrpdoors for mod file /workspaces/foy2/servidor_minecraft/mods/mcw-trapdoors-1.1.4-mc1.20.1forge.jar
[30Nov2025 14:20:15.880] [main/DEBUG] [net.minecraftforge.server.ServerLifecycleHooks/CORE]: Generating PackInfo named mod:mcwfences for mod file /workspaces/foy2/servidor_minecraft/mods/mcw-fences-1.2.0-1.20.1forge.jar
[30Nov2025 14:20:15.880] [main/DEBUG] [net.minecraftforge.server.ServerLifecycleHooks/CORE]: Generating PackInfo named mod:yungsbridges for mod file /workspaces/foy2/servidor_minecraft/mods/YungsBridges-1.20-Forge-4.0.3.jar
[30Nov2025 14:20:15.880] [main/DEBUG] [net.minecraftforge.server.ServerLifecycleHooks/CORE]: Generating PackInfo named mod:born_in_chaos_v1 for mod file /workspaces/foy2/servidor_minecraft/mods/born_in_chaos_[Forge]1.20.1_1.7.3.jar
[30Nov2025 14:20:15.881] [main/DEBUG] [net.minecraftforge.server.ServerLifecycleHooks/CORE]: Generating PackInfo named mod:curios for mod file /workspaces/foy2/servidor_minecraft/mods/curios-forge-5.14.1+1.20.1.jar
[30Nov2025 14:20:15.881] [main/DEBUG] [net.minecraftforge.server.ServerLifecycleHooks/CORE]: Generating PackInfo named mod:collective for mod file /workspaces/foy2/servidor_minecraft/mods/collective-1.20.1-8.13.jar
[30Nov2025 14:20:15.881] [main/DEBUG] [net.minecraftforge.server.ServerLifecycleHooks/CORE]: Generating PackInfo named mod:yungsextras for mod file /workspaces/foy2/servidor_minecraft/mods/YungsExtras-1.20-Forge-4.0.3.jar
[30Nov2025 14:20:15.881] [main/DEBUG] [net.minecraftforge.server.ServerLifecycleHooks/CORE]: Generating PackInfo named mod:betterstrongholds for mod file /workspaces/foy2/servidor_minecraft/mods/YungsBetterStrongholds-1.20-Forge-4.0.3.jar
[30Nov2025 14:20:15.881] [main/DEBUG] [net.minecraftforge.server.ServerLifecycleHooks/CORE]: Generating PackInfo named mod:tombstone for mod file /workspaces/foy2/servidor_minecraft/mods/tombstone-1.20.1-9.0.9.jar
[30Nov2025 14:20:15.882] [main/DEBUG] [net.minecraftforge.server.ServerLifecycleHooks/CORE]: Generating PackInfo named mod:mcwroofs for mod file /workspaces/foy2/servidor_minecraft/mods/mcw-roofs-2.3.2-mc1.20.1forge.jar
[30Nov2025 14:20:15.883] [main/DEBUG] [net.minecraftforge.server.ServerLifecycleHooks/CORE]: Generating PackInfo named mod:architectury for mod file /workspaces/foy2/servidor_minecraft/mods/architectury-9.2.14-forge.jar
[30Nov2025 14:20:15.883] [main/DEBUG] [net.minecraftforge.server.ServerLifecycleHooks/CORE]: Generating PackInfo named mod:mcwfurnitures for mod file /workspaces/foy2/servidor_minecraft/mods/mcw-furniture-3.3.0-mc1.20.1forge.jar
[30Nov2025 14:20:15.884] [main/DEBUG] [net.minecraftforge.server.ServerLifecycleHooks/CORE]: Generating PackInfo named mod:betterendisland for mod file /workspaces/foy2/servidor_minecraft/mods/YungsBetterEndIsland-1.20-Forge-2.0.6.jar
[30Nov2025 14:20:15.885] [main/DEBUG] [net.minecraftforge.server.ServerLifecycleHooks/CORE]: Generating PackInfo named mod:framework for mod file /workspaces/foy2/servidor_minecraft/mods/framework-forge-1.20.1-0.7.15.jar
[30Nov2025 14:20:15.885] [main/DEBUG] [net.minecraftforge.server.ServerLifecycleHooks/CORE]: Generating PackInfo named mod:fastleafdecay for mod file /workspaces/foy2/servidor_minecraft/mods/FastLeafDecay-32.jar
[30Nov2025 14:20:15.885] [main/DEBUG] [net.minecraftforge.server.ServerLifecycleHooks/CORE]: Generating PackInfo named mod:cosmeticarmorreworked for mod file /workspaces/foy2/servidor_minecraft/mods/cosmeticarmorreworked-1.20.1-v1a.jar
[30Nov2025 14:20:15.885] [main/DEBUG] [net.minecraftforge.server.ServerLifecycleHooks/CORE]: Generating PackInfo named mod:expandability for mod file 
[30Nov2025 14:20:15.885] [main/DEBUG] [net.minecraftforge.server.ServerLifecycleHooks/CORE]: Generating PackInfo named mod:bettermineshafts for mod file /workspaces/foy2/servidor_minecraft/mods/YungsBetterMineshafts-1.20-Forge-4.0.4.jar
[30Nov2025 14:20:15.886] [main/DEBUG] [net.minecraftforge.server.ServerLifecycleHooks/CORE]: Generating PackInfo named mod:skinrestorer for mod file /workspaces/foy2/servidor_minecraft/mods/skinrestorer-2.4.3+1.20-forge.jar
[30Nov2025 14:20:15.886] [main/DEBUG] [net.minecraftforge.server.ServerLifecycleHooks/CORE]: Generating PackInfo named mod:mcwlights for mod file /workspaces/foy2/servidor_minecraft/mods/mcw-lights-1.1.2-mc1.20.1forge.jar
[30Nov2025 14:20:15.886] [main/DEBUG] [net.minecraftforge.server.ServerLifecycleHooks/CORE]: Generating PackInfo named mod:betterjungletemples for mod file /workspaces/foy2/servidor_minecraft/mods/YungsBetterJungleTemples-1.20-Forge-2.0.5.jar
[30Nov2025 14:20:17.259] [main/DEBUG] [mixin/]: Mixing PrimaryLevelDataMixin from betterendisland.mixins.json into net.minecraft.world.level.storage.PrimaryLevelData
[30Nov2025 14:20:17.262] [main/DEBUG] [mixin/]: Mixing PrimaryLevelDataMixin from citadel.mixins.json into net.minecraft.world.level.storage.PrimaryLevelData
[30Nov2025 14:20:17.263] [main/DEBUG] [mixin/]: Mixing MixinPrimaryLevelData from terrablender.mixins.json into net.minecraft.world.level.storage.PrimaryLevelData
[30Nov2025 14:20:17.263] [main/DEBUG] [mixin/]: Mixing PrimaryLevelDataMixin from collective_forge.mixins.json into net.minecraft.world.level.storage.PrimaryLevelData
[30Nov2025 14:20:17.281] [main/DEBUG] [mixin/]: Mixing EndDragonFightMixin from betterendisland.mixins.json into net.minecraft.world.level.dimension.end.EndDragonFight
[30Nov2025 14:20:17.282] [main/DEBUG] [mixin/]: Renaming synthetic method lambda$betterendisland$setDragonRespawnStage$6(Lnet/minecraft/util/RandomSource;FLnet/minecraft/core/BlockPos;)V to md5fd9de$lambda$betterendisland$setDragonRespawnStage$6$0 in betterendisland.mixins.json:EndDragonFightMixin
[30Nov2025 14:20:17.282] [main/DEBUG] [mixin/]: Renaming synthetic method lambda$betterendisland$setDragonRespawnStage$5(FLjava/lang/Integer;)V to md5fd9de$lambda$betterendisland$setDragonRespawnStage$5$1 in betterendisland.mixins.json:EndDragonFightMixin
[30Nov2025 14:20:17.282] [main/DEBUG] [mixin/]: Renaming synthetic method lambda$betterendisland$setDragonRespawnStage$4(Lnet/minecraft/util/RandomSource;FLnet/minecraft/core/BlockPos;)V to md5fd9de$lambda$betterendisland$setDragonRespawnStage$4$2 in betterendisland.mixins.json:EndDragonFightMixin
[30Nov2025 14:20:17.282] [main/DEBUG] [mixin/]: Renaming synthetic method lambda$betterendisland$setDragonRespawnStage$3(Lnet/minecraft/server/level/ServerPlayer;)V to md5fd9de$lambda$betterendisland$setDragonRespawnStage$3$3 in betterendisland.mixins.json:EndDragonFightMixin
[30Nov2025 14:20:17.282] [main/DEBUG] [mixin/]: Renaming synthetic method lambda$betterendisland_setDragonKilled$2(ILnet/minecraft/world/level/levelgen/feature/SpikeFeature$EndSpike;)V to md5fd9de$lambda$betterendisland_setDragonKilled$2$4 in betterendisland.mixins.json:EndDragonFightMixin
[30Nov2025 14:20:17.282] [main/DEBUG] [mixin/]: Renaming synthetic method lambda$betterendisland$reset$1(Lnet/minecraft/core/BlockPos;)V to md5fd9de$lambda$betterendisland$reset$1$5 in betterendisland.mixins.json:EndDragonFightMixin
[30Nov2025 14:20:17.282] [main/DEBUG] [mixin/]: Renaming synthetic method lambda$betterendisland$reset$0(Lnet/minecraft/world/level/levelgen/feature/SpikeFeature$EndSpike;)V to md5fd9de$lambda$betterendisland$reset$0$6 in betterendisland.mixins.json:EndDragonFightMixin
[30Nov2025 14:20:17.345] [main/DEBUG] [mixin/]: Mixing MixinLootDataManager from architectury.mixins.json into net.minecraft.world.level.storage.loot.LootDataManager
[30Nov2025 14:20:17.477] [main/DEBUG] [mixin/]: Mixing LocateSmallNetherDungeonCommandMixin from betterdungeons.mixins.json into net.minecraft.server.commands.LocateCommand
[30Nov2025 14:20:17.479] [main/DEBUG] [mixin/]: Mixing LocateVanillaWitchHutCommandMixin from betterwitchhuts.mixins.json into net.minecraft.server.commands.LocateCommand
[30Nov2025 14:20:17.480] [main/DEBUG] [mixin/]: Mixing LocateVanillaMonumentCommandMixin from betteroceanmonuments.mixins.json into net.minecraft.server.commands.LocateCommand
[30Nov2025 14:20:17.480] [main/DEBUG] [mixin/]: Mixing LocateVanillaPyramidCommandMixin from betterdeserttemples.mixins.json into net.minecraft.server.commands.LocateCommand
[30Nov2025 14:20:17.481] [main/DEBUG] [mixin/]: Mixing LocateVanillaFortressCommandMixin from betterfortresses.mixins.json into net.minecraft.server.commands.LocateCommand
[30Nov2025 14:20:17.481] [main/DEBUG] [mixin/]: Mixing LocateStrongholdCommandMixin from betterstrongholds.mixins.json into net.minecraft.server.commands.LocateCommand
[30Nov2025 14:20:17.482] [main/DEBUG] [mixin/]: Mixing LocateVanillaMineshaftCommandMixin from bettermineshafts.mixins.json into net.minecraft.server.commands.LocateCommand
[30Nov2025 14:20:17.483] [main/DEBUG] [mixin/]: Mixing LocateVanillaJungleTempleCommandMixin from betterjungletemples.mixins.json into net.minecraft.server.commands.LocateCommand
[30Nov2025 14:20:17.536] [main/DEBUG] [net.minecraftforge.coremod.transformer.CoreModBaseTransformer/COREMOD]: Transforming net/minecraft/server/commands/SummonCommand
[30Nov2025 14:20:17.693] [main/DEBUG] [bookshelf/]: Built 1 Command entries. Took 2.26ms.
[30Nov2025 14:20:17.761] [main/DEBUG] [mixin/]: Mixing debug.TagLoaderMixin from mixins.artifacts.common.json into net.minecraft.tags.TagLoader
[30Nov2025 14:20:17.868] [Worker-Main-1/WARN] [artifacts.Artifacts/]: Tag entries for curios:tags/items/magic_book.json cleared by tombstone-1.20.1-9.0.9.jar
[30Nov2025 14:20:17.892] [Worker-Main-1/ERROR] [net.minecraft.tags.TagLoader/]: Couldn't load tag ctov:wares/cardboard_box as it is missing following references: wares:cardboard_box (from [forge]ctov-3.4.14.jar)
[30Nov2025 14:20:17.903] [Worker-Main-1/ERROR] [net.minecraft.tags.TagLoader/]: Couldn't load tag ctov:wares/sealed_delivery_agreement as it is missing following references: wares:sealed_delivery_agreement (from [forge]ctov-3.4.14.jar)
[30Nov2025 14:20:18.211] [Worker-Main-2/DEBUG] [mixin/]: Mixing MixinNbtPredicate from curios.mixins.json into net.minecraft.advancements.critereon.NbtPredicate
[30Nov2025 14:20:18.259] [Worker-Main-2/DEBUG] [net.minecraftforge.coremod.transformer.CoreModBaseTransformer/COREMOD]: Transforming net/minecraft/world/entity/raid/Raid
[30Nov2025 14:20:18.315] [Worker-Main-2/DEBUG] [mixin/]: Mixing patches.loot.MixinLootItemKilledByPlayerCondition from bookshelf.common.mixins.json into net.minecraft.world.level.storage.loot.predicates.LootItemKilledByPlayerCondition
[30Nov2025 14:20:18.383] [Worker-Main-2/DEBUG] [mixin/]: Mixing MapDecorationTypeMixin from alexscaves.mixins.json into net.minecraft.world.level.saveddata.maps.MapDecoration$Type
[30Nov2025 14:20:18.384] [Worker-Main-2/DEBUG] [mixin/]: Renaming @Invoker method ac_invokeInit(Ljava/lang/String;IZIZ)Lnet/minecraft/world/level/saveddata/maps/MapDecoration$Type; to ac_invokeInit_$md$5fd9de$0 in alexscaves.mixins.json:MapDecorationTypeMixin
[30Nov2025 14:20:18.978] [Worker-Main-2/DEBUG] [tombstone/]: Updating LootTables
[30Nov2025 14:20:19.181] [main/INFO] [net.minecraft.world.item.crafting.RecipeManager/]: Loaded 8 recipes
[30Nov2025 14:20:19.302] [main/INFO] [net.minecraft.advancements.AdvancementList/]: Loaded 2303 advancements
[30Nov2025 14:20:19.306] [main/DEBUG] [sophisticatedbackpacks/]: Started loading registry data from sophisticatedbackpacks:compat/woot/block_tools 
[30Nov2025 14:20:19.307] [main/DEBUG] [sophisticatedbackpacks/]: Started loading registry data from sophisticatedbackpacks:compat/fluxnetworks/block_tools 
[30Nov2025 14:20:19.307] [main/DEBUG] [sophisticatedbackpacks/]: Started loading registry data from sophisticatedbackpacks:compat/mob_grinding_utils/entity_tools 
[30Nov2025 14:20:19.307] [main/DEBUG] [sophisticatedbackpacks/]: Started loading registry data from sophisticatedbackpacks:compat/astralsorcery/block_tools 
[30Nov2025 14:20:19.307] [main/DEBUG] [sophisticatedbackpacks/]: Started loading registry data from sophisticatedbackpacks:compat/immersivepetroleum/block_tools 
[30Nov2025 14:20:19.307] [main/DEBUG] [sophisticatedbackpacks/]: Started loading registry data from sophisticatedbackpacks:compat/immersiveengineering/block_tools 
[30Nov2025 14:20:19.307] [main/DEBUG] [sophisticatedbackpacks/]: Started loading registry data from sophisticatedbackpacks:compat/pedestals/block_tools 
[30Nov2025 14:20:19.307] [main/DEBUG] [sophisticatedbackpacks/]: Started loading registry data from sophisticatedbackpacks:compat/platforms/block_tools 
[30Nov2025 14:20:19.307] [main/DEBUG] [sophisticatedbackpacks/]: Started loading registry data from sophisticatedbackpacks:compat/rftoolsutility/entity_tools 
[30Nov2025 14:20:19.307] [main/DEBUG] [sophisticatedbackpacks/]: Started loading registry data from sophisticatedbackpacks:compat/compactmachines/block_tools 
[30Nov2025 14:20:19.307] [main/DEBUG] [sophisticatedbackpacks/]: Started loading registry data from sophisticatedbackpacks:compat/mcwwindows/block_tools 
[30Nov2025 14:20:19.309] [main/DEBUG] [sophisticatedbackpacks/]: Finished loading registry data for sophisticatedbackpacks:compat/mcwwindows/block_tools
[30Nov2025 14:20:19.309] [main/DEBUG] [sophisticatedbackpacks/]: Started loading registry data from sophisticatedbackpacks:compat/integrateddynamics/block_tools 
[30Nov2025 14:20:19.309] [main/DEBUG] [sophisticatedbackpacks/]: Started loading registry data from sophisticatedbackpacks:entity_tools 
[30Nov2025 14:20:19.311] [main/DEBUG] [sophisticatedbackpacks/]: Finished loading registry data for sophisticatedbackpacks:entity_tools
[30Nov2025 14:20:19.311] [main/DEBUG] [sophisticatedbackpacks/]: Started loading registry data from sophisticatedbackpacks:compat/mekanism/block_tools 
[30Nov2025 14:20:19.311] [main/DEBUG] [sophisticatedbackpacks/]: Started loading registry data from sophisticatedbackpacks:compat/powah/block_tools 
[30Nov2025 14:20:19.311] [main/DEBUG] [sophisticatedbackpacks/]: Started loading registry data from sophisticatedbackpacks:compat/apotheosis/entity_tools 
[30Nov2025 14:20:19.311] [main/DEBUG] [sophisticatedbackpacks/]: Started loading registry data from sophisticatedbackpacks:compat/bloodmagic/block_tools 
[30Nov2025 14:20:19.311] [main/DEBUG] [sophisticatedbackpacks/]: Started loading registry data from sophisticatedbackpacks:compat/immersiveposts/block_tools 
[30Nov2025 14:20:19.311] [main/DEBUG] [sophisticatedbackpacks/]: Started loading registry data from sophisticatedbackpacks:compat/rats/entity_tools 
[30Nov2025 14:20:19.311] [main/DEBUG] [sophisticatedbackpacks/]: Started loading registry data from sophisticatedbackpacks:compat/framedcompactdrawers/block_tools 
[30Nov2025 14:20:19.311] [main/DEBUG] [sophisticatedbackpacks/]: Started loading registry data from sophisticatedbackpacks:compat/iceandfire/entity_tools 
[30Nov2025 14:20:19.311] [main/DEBUG] [sophisticatedbackpacks/]: Started loading registry data from sophisticatedbackpacks:compat/storagedrawers/block_tools 
[30Nov2025 14:20:19.311] [main/DEBUG] [sophisticatedbackpacks/]: Started loading registry data from sophisticatedbackpacks:compat/mcwroofs/block_tools 
[30Nov2025 14:20:19.311] [main/DEBUG] [sophisticatedbackpacks/]: Finished loading registry data for sophisticatedbackpacks:compat/mcwroofs/block_tools
[30Nov2025 14:20:19.311] [main/DEBUG] [sophisticatedbackpacks/]: Started loading registry data from sophisticatedbackpacks:compat/morphtool/block_tools 
[30Nov2025 14:20:19.311] [main/DEBUG] [sophisticatedbackpacks/]: Started loading registry data from sophisticatedbackpacks:compat/botania/block_tools 
[30Nov2025 14:20:19.311] [main/DEBUG] [sophisticatedbackpacks/]: Started loading registry data from sophisticatedbackpacks:compat/pneumaticraft/block_tools 
[30Nov2025 14:20:19.311] [main/DEBUG] [sophisticatedbackpacks/]: Started loading registry data from sophisticatedbackpacks:compat/shrink/entity_tools 
[30Nov2025 14:20:19.311] [main/DEBUG] [sophisticatedbackpacks/]: Started loading registry data from sophisticatedbackpacks:compat/blockcarpentry/block_tools 
[30Nov2025 14:20:19.311] [main/DEBUG] [sophisticatedbackpacks/]: Started loading registry data from sophisticatedbackpacks:compat/pipez/block_tools 
[30Nov2025 14:20:19.311] [main/DEBUG] [sophisticatedbackpacks/]: Started loading registry data from sophisticatedbackpacks:compat/transport/block_tools 
[30Nov2025 14:20:19.311] [main/DEBUG] [sophisticatedbackpacks/]: Started loading registry data from sophisticatedbackpacks:compat/thermal/block_tools 
[30Nov2025 14:20:19.311] [main/DEBUG] [sophisticatedbackpacks/]: Started loading registry data from sophisticatedbackpacks:block_tools 
[30Nov2025 14:20:19.312] [main/DEBUG] [sophisticatedbackpacks/]: Finished loading registry data for sophisticatedbackpacks:block_tools
[30Nov2025 14:20:19.312] [main/DEBUG] [sophisticatedbackpacks/]: Started loading registry data from sophisticatedbackpacks:compat/create/block_tools 
[30Nov2025 14:20:19.312] [main/DEBUG] [sophisticatedbackpacks/]: Started loading registry data from sophisticatedbackpacks:compat/farmersdelight/entity_tools 
[30Nov2025 14:20:19.312] [main/DEBUG] [sophisticatedbackpacks/]: Started loading registry data from sophisticatedbackpacks:compat/refinedstorage/block_tools 
[30Nov2025 14:20:19.312] [main/DEBUG] [sophisticatedbackpacks/]: Started loading registry data from sophisticatedbackpacks:compat/chiselsandbits/block_tools 
[30Nov2025 14:20:19.312] [main/DEBUG] [sophisticatedbackpacks/]: Started loading registry data from sophisticatedbackpacks:compat/farmersdelight/block_tools 
[30Nov2025 14:20:19.312] [main/DEBUG] [sophisticatedbackpacks/]: Started loading registry data from sophisticatedbackpacks:compat/resourcefulbees/entity_tools 
[30Nov2025 14:20:19.312] [main/DEBUG] [sophisticatedbackpacks/]: Started loading registry data from sophisticatedbackpacks:compat/tetra/swords 
[30Nov2025 14:20:19.312] [main/DEBUG] [sophisticatedbackpacks/]: Started loading registry data from sophisticatedbackpacks:swords 
[30Nov2025 14:20:19.312] [main/DEBUG] [sophisticatedbackpacks/]: Finished loading registry data for sophisticatedbackpacks:swords
[30Nov2025 14:20:19.312] [main/DEBUG] [sophisticatedbackpacks/]: Started loading registry data from sophisticatedbackpacks:compat/mythicbotany/block_tools 
[30Nov2025 14:20:19.312] [main/DEBUG] [sophisticatedbackpacks/]: Started loading registry data from sophisticatedbackpacks:compat/resourcefulbees/block_tools 
[30Nov2025 14:20:19.312] [main/DEBUG] [sophisticatedbackpacks/]: Started loading registry data from sophisticatedbackpacks:compat/syp/entity_tools 
[30Nov2025 14:20:19.312] [main/DEBUG] [sophisticatedbackpacks/]: Started loading registry data from sophisticatedbackpacks:compat/eidolon/block_tools 
[30Nov2025 14:20:19.312] [main/DEBUG] [sophisticatedbackpacks/]: Started loading registry data from sophisticatedbackpacks:compat/rftoolsbase/block_tools 
[30Nov2025 14:20:19.327] [main/INFO] [top.theillusivec4.curios.Curios/]: Loaded 13 curio slots
[30Nov2025 14:20:19.335] [main/INFO] [top.theillusivec4.curios.Curios/]: Loaded 11 curio entities
[30Nov2025 14:20:21.717] [main/DEBUG] [net.minecraftforge.common.ForgeHooks/WP]: Gathering id map for writing to world save world
[30Nov2025 14:20:21.788] [main/DEBUG] [net.minecraftforge.common.ForgeHooks/WP]: ID Map collection complete world
[30Nov2025 14:20:21.858] [Server thread/INFO] [net.minecraft.server.dedicated.DedicatedServer/]: Starting minecraft server version 1.20.1
[30Nov2025 14:20:21.859] [Server thread/INFO] [net.minecraft.server.dedicated.DedicatedServer/]: Loading properties
[30Nov2025 14:20:21.859] [Server thread/INFO] [net.minecraft.server.dedicated.DedicatedServer/]: Default game type: SURVIVAL
[30Nov2025 14:20:21.859] [Server thread/INFO] [net.minecraft.server.MinecraftServer/]: Generating keypair
[30Nov2025 14:20:21.969] [Server thread/INFO] [net.minecraft.server.dedicated.DedicatedServer/]: Starting Minecraft server on *:25565
[30Nov2025 14:20:21.970] [Server thread/DEBUG] [net.minecraftforge.network.DualStackUtils/]: Detected IPv6 address: "0:0:0:0:0:0:0:0"
[30Nov2025 14:20:21.977] [Server thread/DEBUG] [io.netty.util.internal.NativeLibraryLoader/]: -Dio.netty.native.workdir: /tmp (io.netty.tmpdir)
[30Nov2025 14:20:21.977] [Server thread/DEBUG] [io.netty.util.internal.NativeLibraryLoader/]: -Dio.netty.native.deleteLibAfterLoading: true
[30Nov2025 14:20:21.978] [Server thread/DEBUG] [io.netty.util.internal.NativeLibraryLoader/]: -Dio.netty.native.tryPatchShadedId: true
[30Nov2025 14:20:21.978] [Server thread/DEBUG] [io.netty.util.internal.NativeLibraryLoader/]: -Dio.netty.native.detectNativeLibraryDuplicates: true
[30Nov2025 14:20:21.984] [Server thread/DEBUG] [io.netty.util.internal.NativeLibraryLoader/]: Successfully loaded the library /tmp/libnetty_transport_native_epoll_x86_644863780570954145529.so
[30Nov2025 14:20:21.987] [Server thread/DEBUG] [io.netty.util.NetUtil/]: -Djava.net.preferIPv4Stack: false
[30Nov2025 14:20:21.987] [Server thread/DEBUG] [io.netty.util.NetUtil/]: -Djava.net.preferIPv6Addresses: true
[30Nov2025 14:20:21.989] [Server thread/DEBUG] [io.netty.util.NetUtilInitializations/]: Loopback interface: lo (lo, 0:0:0:0:0:0:0:1%lo)
[30Nov2025 14:20:21.991] [Server thread/DEBUG] [io.netty.util.NetUtil/]: /proc/sys/net/core/somaxconn: 4096
[30Nov2025 14:20:21.995] [Server thread/INFO] [net.minecraft.server.network.ServerConnectionListener/]: Using epoll channel type
[30Nov2025 14:20:22.008] [Server thread/DEBUG] [io.netty.channel.MultithreadEventLoopGroup/]: -Dio.netty.eventLoopThreads: 8
[30Nov2025 14:20:22.020] [Server thread/DEBUG] [io.netty.util.internal.InternalThreadLocalMap/]: -Dio.netty.threadLocalMap.stringBuilder.initialSize: 1024
[30Nov2025 14:20:22.020] [Server thread/DEBUG] [io.netty.util.internal.InternalThreadLocalMap/]: -Dio.netty.threadLocalMap.stringBuilder.maxSize: 4096
[30Nov2025 14:20:22.030] [Server thread/DEBUG] [io.netty.util.internal.PlatformDependent/]: org.jctools-core.MpscChunkedArrayQueue: available
[30Nov2025 14:20:22.039] [Server thread/DEBUG] [io.netty.channel.DefaultChannelId/]: -Dio.netty.processId: 4704 (auto-detected)
[30Nov2025 14:20:22.040] [Server thread/DEBUG] [io.netty.channel.DefaultChannelId/]: -Dio.netty.machineId: 7c:1e:52:ff:fe:dc:b5:05 (auto-detected)
[30Nov2025 14:20:22.065] [Server thread/DEBUG] [io.netty.buffer.PooledByteBufAllocator/]: -Dio.netty.allocator.numHeapArenas: 8
[30Nov2025 14:20:22.065] [Server thread/DEBUG] [io.netty.buffer.PooledByteBufAllocator/]: -Dio.netty.allocator.numDirectArenas: 8
[30Nov2025 14:20:22.065] [Server thread/DEBUG] [io.netty.buffer.PooledByteBufAllocator/]: -Dio.netty.allocator.pageSize: 8192
[30Nov2025 14:20:22.065] [Server thread/DEBUG] [io.netty.buffer.PooledByteBufAllocator/]: -Dio.netty.allocator.maxOrder: 9
[30Nov2025 14:20:22.065] [Server thread/DEBUG] [io.netty.buffer.PooledByteBufAllocator/]: -Dio.netty.allocator.chunkSize: 4194304
[30Nov2025 14:20:22.065] [Server thread/DEBUG] [io.netty.buffer.PooledByteBufAllocator/]: -Dio.netty.allocator.smallCacheSize: 256
[30Nov2025 14:20:22.066] [Server thread/DEBUG] [io.netty.buffer.PooledByteBufAllocator/]: -Dio.netty.allocator.normalCacheSize: 64
[30Nov2025 14:20:22.066] [Server thread/DEBUG] [io.netty.buffer.PooledByteBufAllocator/]: -Dio.netty.allocator.maxCachedBufferCapacity: 32768
[30Nov2025 14:20:22.066] [Server thread/DEBUG] [io.netty.buffer.PooledByteBufAllocator/]: -Dio.netty.allocator.cacheTrimInterval: 8192
[30Nov2025 14:20:22.066] [Server thread/DEBUG] [io.netty.buffer.PooledByteBufAllocator/]: -Dio.netty.allocator.cacheTrimIntervalMillis: 0
[30Nov2025 14:20:22.066] [Server thread/DEBUG] [io.netty.buffer.PooledByteBufAllocator/]: -Dio.netty.allocator.useCacheForAllThreads: false
[30Nov2025 14:20:22.066] [Server thread/DEBUG] [io.netty.buffer.PooledByteBufAllocator/]: -Dio.netty.allocator.maxCachedByteBuffersPerChunk: 1023
[30Nov2025 14:20:22.074] [Server thread/DEBUG] [io.netty.buffer.ByteBufUtil/]: -Dio.netty.allocator.type: pooled
[30Nov2025 14:20:22.074] [Server thread/DEBUG] [io.netty.buffer.ByteBufUtil/]: -Dio.netty.threadLocalDirectBufferSize: 0
[30Nov2025 14:20:22.074] [Server thread/DEBUG] [io.netty.buffer.ByteBufUtil/]: -Dio.netty.maxThreadLocalCharBufferSize: 16384
[30Nov2025 14:20:22.084] [Server thread/WARN] [net.minecraft.server.dedicated.DedicatedServer/]: **** SERVER IS RUNNING IN OFFLINE/INSECURE MODE!
[30Nov2025 14:20:22.084] [Server thread/WARN] [net.minecraft.server.dedicated.DedicatedServer/]: The server will make no attempt to authenticate usernames. Beware.
[30Nov2025 14:20:22.084] [Server thread/WARN] [net.minecraft.server.dedicated.DedicatedServer/]: While this makes the game possible to play without internet access, it also opens up the ability for hackers to connect with any username they choose.
[30Nov2025 14:20:22.085] [Server thread/WARN] [net.minecraft.server.dedicated.DedicatedServer/]: To change this, set "online-mode" to "true" in the server.properties file.
[30Nov2025 14:20:22.103] [Server thread/DEBUG] [net.minecraftforge.fml.config.ConfigTracker/CONFIG]: Loading configs type SERVER
[30Nov2025 14:20:22.103] [Server thread/DEBUG] [net.minecraftforge.fml.config.ConfigFileTypeHandler/CONFIG]: Built TOML config for ./world/serverconfig/journeymap-server.toml
[30Nov2025 14:20:22.104] [Server thread/DEBUG] [net.minecraftforge.fml.config.ConfigFileTypeHandler/CONFIG]: Loaded TOML config file ./world/serverconfig/journeymap-server.toml
[30Nov2025 14:20:22.105] [Server thread/DEBUG] [net.minecraftforge.fml.config.ConfigFileTypeHandler/CONFIG]: Watching TOML config file ./world/serverconfig/journeymap-server.toml for changes
[30Nov2025 14:20:22.105] [Server thread/INFO] [journeymap/]: Loading JourneyMap Forge Configs
[30Nov2025 14:20:22.106] [Server thread/DEBUG] [net.minecraftforge.fml.config.ConfigFileTypeHandler/CONFIG]: Built TOML config for ./world/serverconfig/sophisticatedbackpacks-server.toml
[30Nov2025 14:20:22.107] [Thread-3/DEBUG] [net.minecraftforge.fml.config.ConfigFileTypeHandler/CONFIG]: Config file journeymap-server.toml changed, sending notifies
[30Nov2025 14:20:22.107] [Thread-3/INFO] [journeymap/]: Loading JourneyMap Forge Configs
[30Nov2025 14:20:22.107] [Thread-3/DEBUG] [net.minecraftforge.fml.config.ConfigFileTypeHandler/CONFIG]: Config file journeymap-server.toml changed, sending notifies
[30Nov2025 14:20:22.107] [Thread-3/INFO] [journeymap/]: Loading JourneyMap Forge Configs
[30Nov2025 14:20:22.110] [Server thread/DEBUG] [net.minecraftforge.fml.config.ConfigFileTypeHandler/CONFIG]: Loaded TOML config file ./world/serverconfig/sophisticatedbackpacks-server.toml
[30Nov2025 14:20:22.110] [Server thread/DEBUG] [net.minecraftforge.fml.config.ConfigFileTypeHandler/CONFIG]: Watching TOML config file ./world/serverconfig/sophisticatedbackpacks-server.toml for changes
[30Nov2025 14:20:22.116] [Thread-3/DEBUG] [net.minecraftforge.fml.config.ConfigFileTypeHandler/CONFIG]: Config file sophisticatedbackpacks-server.toml changed, sending notifies
[30Nov2025 14:20:22.116] [Server thread/DEBUG] [net.minecraftforge.fml.config.ConfigFileTypeHandler/CONFIG]: Built TOML config for ./world/serverconfig/forge-server.toml
[30Nov2025 14:20:22.117] [Server thread/DEBUG] [net.minecraftforge.fml.config.ConfigFileTypeHandler/CONFIG]: Loaded TOML config file ./world/serverconfig/forge-server.toml
[30Nov2025 14:20:22.117] [Server thread/DEBUG] [net.minecraftforge.fml.config.ConfigFileTypeHandler/CONFIG]: Watching TOML config file ./world/serverconfig/forge-server.toml for changes
[30Nov2025 14:20:22.118] [Server thread/DEBUG] [net.minecraftforge.common.ForgeConfig/FORGEMOD]: Loaded forge config file forge-server.toml
[30Nov2025 14:20:22.118] [Thread-3/DEBUG] [net.minecraftforge.fml.config.ConfigFileTypeHandler/CONFIG]: Config file forge-server.toml changed, sending notifies
[30Nov2025 14:20:22.118] [Thread-3/DEBUG] [net.minecraftforge.common.ForgeConfig/FORGEMOD]: Forge config just got changed on the file system!
[30Nov2025 14:20:22.119] [Thread-3/DEBUG] [net.minecraftforge.fml.config.ConfigFileTypeHandler/CONFIG]: Config file forge-server.toml changed, sending notifies
[30Nov2025 14:20:22.119] [Thread-3/DEBUG] [net.minecraftforge.common.ForgeConfig/FORGEMOD]: Forge config just got changed on the file system!
[30Nov2025 14:20:22.119] [Server thread/DEBUG] [net.minecraftforge.fml.config.ConfigFileTypeHandler/CONFIG]: Built TOML config for ./world/serverconfig/curios-server.toml
[30Nov2025 14:20:22.119] [Server thread/DEBUG] [net.minecraftforge.fml.config.ConfigFileTypeHandler/CONFIG]: Loaded TOML config file ./world/serverconfig/curios-server.toml
[30Nov2025 14:20:22.119] [Server thread/DEBUG] [net.minecraftforge.fml.config.ConfigFileTypeHandler/CONFIG]: Watching TOML config file ./world/serverconfig/curios-server.toml for changes
[30Nov2025 14:20:22.120] [Thread-3/DEBUG] [net.minecraftforge.fml.config.ConfigFileTypeHandler/CONFIG]: Config file curios-server.toml changed, sending notifies
[30Nov2025 14:20:22.120] [Thread-3/DEBUG] [net.minecraftforge.fml.config.ConfigFileTypeHandler/CONFIG]: Config file curios-server.toml changed, sending notifies
[30Nov2025 14:20:22.120] [Server thread/DEBUG] [net.minecraftforge.fml.config.ConfigFileTypeHandler/CONFIG]: Built TOML config for /workspaces/foy2/servidor_minecraft/config/tombstone-server.toml
[30Nov2025 14:20:22.121] [Server thread/DEBUG] [net.minecraftforge.fml.config.ConfigFileTypeHandler/CONFIG]: Loaded TOML config file /workspaces/foy2/servidor_minecraft/config/tombstone-server.toml
[30Nov2025 14:20:22.122] [Server thread/DEBUG] [net.minecraftforge.fml.config.ConfigFileTypeHandler/CONFIG]: Watching TOML config file /workspaces/foy2/servidor_minecraft/config/tombstone-server.toml for changes
[30Nov2025 14:20:22.123] [Thread-3/DEBUG] [net.minecraftforge.fml.config.ConfigFileTypeHandler/CONFIG]: Config file tombstone-server.toml changed, sending notifies
[30Nov2025 14:20:22.126] [Server thread/DEBUG] [net.minecraftforge.fml.config.ConfigFileTypeHandler/CONFIG]: Built TOML config for ./world/serverconfig/fastleafdecay-server.toml
[30Nov2025 14:20:22.127] [Server thread/DEBUG] [net.minecraftforge.fml.config.ConfigFileTypeHandler/CONFIG]: Loaded TOML config file ./world/serverconfig/fastleafdecay-server.toml
[30Nov2025 14:20:22.127] [Server thread/DEBUG] [net.minecraftforge.fml.config.ConfigFileTypeHandler/CONFIG]: Watching TOML config file ./world/serverconfig/fastleafdecay-server.toml for changes
[30Nov2025 14:20:22.128] [Thread-3/DEBUG] [net.minecraftforge.fml.config.ConfigFileTypeHandler/CONFIG]: Config file fastleafdecay-server.toml changed, sending notifies
[30Nov2025 14:20:22.215] [Server thread/INFO] [Framework/]: Loading server configs...
[30Nov2025 14:20:22.235] [Server thread/INFO] [terrablender/]: Initialized TerraBlender biomes for level stem minecraft:the_nether
[30Nov2025 14:20:22.523] [Server thread/INFO] [terrablender/]: Initialized TerraBlender biomes for level stem minecraft:overworld
[30Nov2025 14:20:22.524] [Server thread/INFO] [net.minecraft.server.dedicated.DedicatedServer/]: Preparing level "world"
[30Nov2025 14:20:22.538] [Server thread/DEBUG] [net.minecraftforge.coremod.transformer.CoreModBaseTransformer/COREMOD]: Transforming net/minecraft/world/level/levelgen/PhantomSpawner
[30Nov2025 14:20:22.548] [Server thread/DEBUG] [net.minecraftforge.coremod.transformer.CoreModBaseTransformer/COREMOD]: Transforming net/minecraft/world/level/levelgen/PatrolSpawner
[30Nov2025 14:20:22.555] [Server thread/DEBUG] [net.minecraftforge.coremod.transformer.CoreModBaseTransformer/COREMOD]: Transforming net/minecraft/world/entity/npc/CatSpawner
[30Nov2025 14:20:22.561] [Server thread/DEBUG] [net.minecraftforge.coremod.transformer.CoreModBaseTransformer/COREMOD]: Transforming net/minecraft/world/entity/ai/village/VillageSiege
[30Nov2025 14:20:22.583] [Server thread/DEBUG] [mixin/]: Mixing DamageSourcesMixin from tombstone.mixins.json into net.minecraft.world.damagesource.DamageSources
[30Nov2025 14:20:22.624] [Server thread/DEBUG] [mixin/]: Mixing common.ChunkMapMixin from lithostitched.mixins.json into net.minecraft.server.level.ChunkMap
[30Nov2025 14:20:22.625] [Server thread/DEBUG] [mixin/]: Renaming synthetic method lambda$wrapNoiseRouter$0(Lnet/minecraft/server/level/ServerLevel;Ldev/worldgen/lithostitched/worldgen/modifier/Modifier;)Z to md5fd9de$lambda$wrapNoiseRouter$0$0 in lithostitched.mixins.json:common.ChunkMapMixin
[30Nov2025 14:20:22.627] [Server thread/DEBUG] [mixin/]: Mixing ChunkMapAccessor from skinrestorer.mixins.json into net.minecraft.server.level.ChunkMap
[30Nov2025 14:20:22.690] [Server thread/DEBUG] [mixin/]: Mixing common.RandomStateAccessor from lithostitched.mixins.json into net.minecraft.world.level.levelgen.RandomState
[30Nov2025 14:20:22.846] [Server thread/DEBUG] [mixin/]: Mixing accessor.ChunkGeneratorStructureStateAccessor from betterdeserttemples.mixins.json into net.minecraft.world.level.chunk.ChunkGeneratorStructureState
[30Nov2025 14:20:22.846] [Server thread/DEBUG] [mixin/]: Mixing accessor.ChunkGeneratorStructureStateAccessor from betterjungletemples.mixins.json into net.minecraft.world.level.chunk.ChunkGeneratorStructureState
[30Nov2025 14:20:22.846] [Server thread/DEBUG] [mixin/]: Unexpected: Registered method getBiomeSource()Lnet/minecraft/world/level/biome/BiomeSource; in net.minecraft.world.level.chunk.ChunkGeneratorStructureState was not merged
[30Nov2025 14:20:22.915] [Server thread/DEBUG] [mixin/]: Mixing accessor.StructureManagerAccessor from betteroceanmonuments.mixins.json into net.minecraft.world.level.StructureManager
[30Nov2025 14:20:22.915] [Server thread/DEBUG] [mixin/]: Mixing accessor.StructureManagerAccessor from yungscavebiomes.mixins.json into net.minecraft.world.level.StructureManager
[30Nov2025 14:20:22.915] [Server thread/DEBUG] [mixin/]: Mixing accessor.StructureManagerAccessor from betterfortresses.mixins.json into net.minecraft.world.level.StructureManager
[30Nov2025 14:20:22.915] [Server thread/DEBUG] [mixin/]: Mixing accessor.StructureManagerAccessor from betterjungletemples.mixins.json into net.minecraft.world.level.StructureManager
[30Nov2025 14:20:22.916] [Server thread/DEBUG] [mixin/]: Unexpected: Registered method getLevel()Lnet/minecraft/world/level/LevelAccessor; in net.minecraft.world.level.StructureManager was not merged
[30Nov2025 14:20:22.916] [Server thread/DEBUG] [mixin/]: Unexpected: Registered method getLevel()Lnet/minecraft/world/level/LevelAccessor; in net.minecraft.world.level.StructureManager was not merged
[30Nov2025 14:20:22.916] [Server thread/DEBUG] [mixin/]: Unexpected: Registered method getLevel()Lnet/minecraft/world/level/LevelAccessor; in net.minecraft.world.level.StructureManager was not merged
[30Nov2025 14:20:23.540] [Server thread/DEBUG] [mixin/]: Mixing MixinPiglinAi from curios.mixins.json into net.minecraft.world.entity.monster.piglin.PiglinAi
[30Nov2025 14:20:26.447] [Server thread/INFO] [net.minecraft.server.MinecraftServer/]: Preparing start region for dimension minecraft:overworld
[30Nov2025 14:20:27.135] [Server thread/DEBUG] [mixin/]: Mixing MixinChunkSerializer from architectury.mixins.json into net.minecraft.world.level.chunk.storage.ChunkSerializer
[30Nov2025 14:20:27.791] [Worker-Main-2/INFO] [net.minecraft.server.level.progress.LoggerChunkProgressListener/]: Preparing spawn area: 0%
[30Nov2025 14:20:27.903] [Worker-Main-3/INFO] [net.minecraft.server.level.progress.LoggerChunkProgressListener/]: Preparing spawn area: 0%
[30Nov2025 14:20:27.912] [Worker-Main-2/INFO] [net.minecraft.server.level.progress.LoggerChunkProgressListener/]: Preparing spawn area: 0%
[30Nov2025 14:20:27.922] [Server thread/DEBUG] [mixin/]: Mixing accessor.BoundingBoxAccessor from betterdungeons.mixins.json into net.minecraft.world.level.levelgen.structure.BoundingBox
[30Nov2025 14:20:27.923] [Server thread/DEBUG] [mixin/]: Mixing accessor.BoundingBoxAccessor from betterwitchhuts.mixins.json into net.minecraft.world.level.levelgen.structure.BoundingBox
[30Nov2025 14:20:27.923] [Server thread/DEBUG] [mixin/]: Mixing accessor.BoundingBoxAccessor from yungsapi.mixins.json into net.minecraft.world.level.levelgen.structure.BoundingBox
[30Nov2025 14:20:27.923] [Server thread/DEBUG] [mixin/]: Mixing accessor.BoundingBoxAccessor from betterdeserttemples.mixins.json into net.minecraft.world.level.levelgen.structure.BoundingBox
[30Nov2025 14:20:27.923] [Server thread/DEBUG] [mixin/]: Mixing BoundingBoxAccessor from bettermineshafts.mixins.json into net.minecraft.world.level.levelgen.structure.BoundingBox
[30Nov2025 14:20:27.924] [Server thread/DEBUG] [mixin/]: Unexpected: Registered method setMinZ(I)V in net.minecraft.world.level.levelgen.structure.BoundingBox was not merged
[30Nov2025 14:20:27.925] [Server thread/DEBUG] [mixin/]: Unexpected: Registered method setMinY(I)V in net.minecraft.world.level.levelgen.structure.BoundingBox was not merged
[30Nov2025 14:20:27.925] [Server thread/DEBUG] [mixin/]: Unexpected: Registered method setMinZ(I)V in net.minecraft.world.level.levelgen.structure.BoundingBox was not merged
[30Nov2025 14:20:27.925] [Server thread/DEBUG] [mixin/]: Unexpected: Registered method setMaxX(I)V in net.minecraft.world.level.levelgen.structure.BoundingBox was not merged
[30Nov2025 14:20:27.925] [Server thread/DEBUG] [mixin/]: Unexpected: Registered method setMinZ(I)V in net.minecraft.world.level.levelgen.structure.BoundingBox was not merged
[30Nov2025 14:20:27.925] [Server thread/DEBUG] [mixin/]: Unexpected: Registered method setMinX(I)V in net.minecraft.world.level.levelgen.structure.BoundingBox was not merged
[30Nov2025 14:20:27.925] [Server thread/DEBUG] [mixin/]: Unexpected: Registered method setMinY(I)V in net.minecraft.world.level.levelgen.structure.BoundingBox was not merged
[30Nov2025 14:20:27.925] [Server thread/DEBUG] [mixin/]: Unexpected: Registered method setMinY(I)V in net.minecraft.world.level.levelgen.structure.BoundingBox was not merged
[30Nov2025 14:20:27.925] [Server thread/DEBUG] [mixin/]: Unexpected: Registered method setMinZ(I)V in net.minecraft.world.level.levelgen.structure.BoundingBox was not merged
[30Nov2025 14:20:27.925] [Server thread/DEBUG] [mixin/]: Unexpected: Registered method setMaxX(I)V in net.minecraft.world.level.levelgen.structure.BoundingBox was not merged
[30Nov2025 14:20:27.925] [Server thread/DEBUG] [mixin/]: Unexpected: Registered method setMaxY(I)V in net.minecraft.world.level.levelgen.structure.BoundingBox was not merged
[30Nov2025 14:20:27.925] [Server thread/DEBUG] [mixin/]: Unexpected: Registered method setMaxY(I)V in net.minecraft.world.level.levelgen.structure.BoundingBox was not merged
[30Nov2025 14:20:27.925] [Server thread/DEBUG] [mixin/]: Unexpected: Registered method setMinX(I)V in net.minecraft.world.level.levelgen.structure.BoundingBox was not merged
[30Nov2025 14:20:27.925] [Server thread/DEBUG] [mixin/]: Unexpected: Registered method setMinX(I)V in net.minecraft.world.level.levelgen.structure.BoundingBox was not merged
[30Nov2025 14:20:27.925] [Server thread/DEBUG] [mixin/]: Unexpected: Registered method setMaxZ(I)V in net.minecraft.world.level.levelgen.structure.BoundingBox was not merged
[30Nov2025 14:20:27.925] [Server thread/DEBUG] [mixin/]: Unexpected: Registered method setMaxZ(I)V in net.minecraft.world.level.levelgen.structure.BoundingBox was not merged
[30Nov2025 14:20:27.925] [Server thread/DEBUG] [mixin/]: Unexpected: Registered method setMaxY(I)V in net.minecraft.world.level.levelgen.structure.BoundingBox was not merged
[30Nov2025 14:20:27.925] [Server thread/DEBUG] [mixin/]: Unexpected: Registered method setMaxX(I)V in net.minecraft.world.level.levelgen.structure.BoundingBox was not merged
[30Nov2025 14:20:27.925] [Server thread/DEBUG] [mixin/]: Unexpected: Registered method setMaxZ(I)V in net.minecraft.world.level.levelgen.structure.BoundingBox was not merged
[30Nov2025 14:20:27.925] [Server thread/DEBUG] [mixin/]: Unexpected: Registered method setMinX(I)V in net.minecraft.world.level.levelgen.structure.BoundingBox was not merged
[30Nov2025 14:20:27.925] [Server thread/DEBUG] [mixin/]: Unexpected: Registered method setMaxZ(I)V in net.minecraft.world.level.levelgen.structure.BoundingBox was not merged
[30Nov2025 14:20:27.925] [Server thread/DEBUG] [mixin/]: Unexpected: Registered method setMaxX(I)V in net.minecraft.world.level.levelgen.structure.BoundingBox was not merged
[30Nov2025 14:20:27.925] [Server thread/DEBUG] [mixin/]: Unexpected: Registered method setMinY(I)V in net.minecraft.world.level.levelgen.structure.BoundingBox was not merged
[30Nov2025 14:20:27.925] [Server thread/DEBUG] [mixin/]: Unexpected: Registered method setMaxY(I)V in net.minecraft.world.level.levelgen.structure.BoundingBox was not merged
[30Nov2025 14:20:27.932] [Server thread/DEBUG] [net.minecraftforge.coremod.transformer.CoreModBaseTransformer/COREMOD]: Transforming net/minecraft/world/level/levelgen/structure/templatesystem/StructureTemplate
[30Nov2025 14:20:27.982] [Server thread/DEBUG] [mixin/]: Mixing DungeonContextMixin from betterdungeons.mixins.json into net.minecraft.world.level.levelgen.structure.templatesystem.StructureTemplate
[30Nov2025 14:20:27.984] [Server thread/DEBUG] [mixin/]: Mixing StructureTemplateMixin from betterdungeons.mixins.json into net.minecraft.world.level.levelgen.structure.templatesystem.StructureTemplate
[30Nov2025 14:20:27.984] [Server thread/DEBUG] [mixin/]: Renaming synthetic method lambda$betterdungeons_preventAutoWaterlogging$0(Lnet/minecraft/world/level/levelgen/structure/templatesystem/StructureProcessor;)Z to md5fd9de$lambda$betterdungeons_preventAutoWaterlogging$0$0 in betterdungeons.mixins.json:StructureTemplateMixin
[30Nov2025 14:20:27.985] [Server thread/DEBUG] [mixin/]: Mixing StructureTemplateMixin from betterwitchhuts.mixins.json into net.minecraft.world.level.levelgen.structure.templatesystem.StructureTemplate
[30Nov2025 14:20:27.986] [Server thread/DEBUG] [mixin/]: Renaming synthetic method lambda$betterwitchhuts_preventAutoWaterlogging$0(Lnet/minecraft/world/level/levelgen/structure/templatesystem/StructureProcessor;)Z to md5fd9de$lambda$betterwitchhuts_preventAutoWaterlogging$0$1 in betterwitchhuts.mixins.json:StructureTemplateMixin
[30Nov2025 14:20:27.986] [Server thread/DEBUG] [mixin/]: Mixing common.StructureTemplateMixin from lithostitched.mixins.json into net.minecraft.world.level.levelgen.structure.templatesystem.StructureTemplate
[30Nov2025 14:20:27.987] [Server thread/DEBUG] [mixin/]: Mixing StructureTemplateMixin from betterdeserttemples.mixins.json into net.minecraft.world.level.levelgen.structure.templatesystem.StructureTemplate
[30Nov2025 14:20:27.987] [Server thread/DEBUG] [mixin/]: Renaming synthetic method lambda$betterdeserttemples_preventAutoWaterlogging$0(Lnet/minecraft/world/level/levelgen/structure/templatesystem/StructureProcessor;)Z to md5fd9de$lambda$betterdeserttemples_preventAutoWaterlogging$0$2 in betterdeserttemples.mixins.json:StructureTemplateMixin
[30Nov2025 14:20:27.989] [Server thread/DEBUG] [mixin/]: Mixing StructureTemplateMixin from betterjungletemples.mixins.json into net.minecraft.world.level.levelgen.structure.templatesystem.StructureTemplate
[30Nov2025 14:20:27.989] [Server thread/DEBUG] [mixin/]: Renaming synthetic method lambda$betterjungletemples_preventAutoWaterlogging$0(Lnet/minecraft/world/level/levelgen/structure/templatesystem/StructureProcessor;)Z to md5fd9de$lambda$betterjungletemples_preventAutoWaterlogging$0$3 in betterjungletemples.mixins.json:StructureTemplateMixin
[30Nov2025 14:20:28.002] [Worker-Main-1/INFO] [net.minecraft.server.level.progress.LoggerChunkProgressListener/]: Preparing spawn area: 0%
[30Nov2025 14:20:28.654] [Worker-Main-3/INFO] [net.minecraft.server.level.progress.LoggerChunkProgressListener/]: Preparing spawn area: 0%
[30Nov2025 14:20:28.961] [Worker-Main-3/INFO] [net.minecraft.server.level.progress.LoggerChunkProgressListener/]: Preparing spawn area: 0%
[30Nov2025 14:20:30.896] [Worker-Main-1/INFO] [net.minecraft.server.level.progress.LoggerChunkProgressListener/]: Preparing spawn area: 0%
[30Nov2025 14:20:30.905] [Worker-Main-3/INFO] [net.minecraft.server.level.progress.LoggerChunkProgressListener/]: Preparing spawn area: 0%
[30Nov2025 14:20:30.908] [Worker-Main-2/INFO] [net.minecraft.server.level.progress.LoggerChunkProgressListener/]: Preparing spawn area: 0%
[30Nov2025 14:20:30.949] [Worker-Main-1/INFO] [net.minecraft.server.level.progress.LoggerChunkProgressListener/]: Preparing spawn area: 0%
[30Nov2025 14:20:32.935] [Worker-Main-3/INFO] [net.minecraft.server.level.progress.LoggerChunkProgressListener/]: Preparing spawn area: 0%
[30Nov2025 14:20:32.941] [Worker-Main-1/INFO] [net.minecraft.server.level.progress.LoggerChunkProgressListener/]: Preparing spawn area: 0%
[30Nov2025 14:20:32.956] [Worker-Main-3/INFO] [net.minecraft.server.level.progress.LoggerChunkProgressListener/]: Preparing spawn area: 0%
[30Nov2025 14:20:32.958] [Worker-Main-1/INFO] [net.minecraft.server.level.progress.LoggerChunkProgressListener/]: Preparing spawn area: 0%
[30Nov2025 14:20:33.452] [Worker-Main-2/INFO] [net.minecraft.server.level.progress.LoggerChunkProgressListener/]: Preparing spawn area: 0%
[30Nov2025 14:20:33.949] [Worker-Main-3/INFO] [net.minecraft.server.level.progress.LoggerChunkProgressListener/]: Preparing spawn area: 26%
[30Nov2025 14:20:34.400] [Server thread/INFO] [net.minecraft.server.level.progress.LoggerChunkProgressListener/]: Time elapsed: 7952 ms
[30Nov2025 14:20:34.400] [Server thread/INFO] [net.minecraft.server.dedicated.DedicatedServer/]: Done (12.298s)! For help, type "help"
[30Nov2025 14:20:34.410] [Server thread/DEBUG] [net.minecraftforge.network.DualStackUtils/]: Detected IPv6 address: "0:0:0:0:0:0:0:0"
[30Nov2025 14:20:34.503] [Server thread/DEBUG] [net.minecraftforge.common.ForgeI18n/CORE]: Loading I18N data entries: 9885
[30Nov2025 14:20:34.506] [Server thread/INFO] [net.minecraftforge.server.permission.PermissionAPI/]: Successfully initialized permission handler forge:default_handler
[30Nov2025 14:20:34.567] [Server thread/DEBUG] [io.netty.buffer.AbstractByteBuf/]: -Dio.netty.buffer.checkAccessible: true
[30Nov2025 14:20:34.567] [Server thread/DEBUG] [io.netty.buffer.AbstractByteBuf/]: -Dio.netty.buffer.checkBounds: true
[30Nov2025 14:20:34.567] [Server thread/DEBUG] [io.netty.util.ResourceLeakDetectorFactory/]: Loaded default ResourceLeakDetector: io.netty.util.ResourceLeakDetector@1ac48888
[30Nov2025 14:20:34.597] [Server thread/DEBUG] [mixin/]: Mixing debug.DebugPacketsMixin from yungscavebiomes.mixins.json into net.minecraft.network.protocol.game.DebugPackets
[30Nov2025 14:20:34.597] [Server thread/DEBUG] [mixin/]: Renaming synthetic method lambda$yungscavebiomes_debugSendGoalSelector$1(Lnet/minecraft/network/FriendlyByteBuf;Lnet/minecraft/world/entity/ai/goal/WrappedGoal;)V to md5fd9de$lambda$yungscavebiomes_debugSendGoalSelector$1$0 in yungscavebiomes.mixins.json:debug.DebugPacketsMixin
[30Nov2025 14:20:34.597] [Server thread/DEBUG] [mixin/]: Renaming synthetic method lambda$yungscavebiomes_debugSendGoalSelector$0(Lnet/minecraft/world/entity/ai/goal/WrappedGoal;Lnet/minecraft/world/entity/ai/goal/WrappedGoal;)I to md5fd9de$lambda$yungscavebiomes_debugSendGoalSelector$0$1 in yungscavebiomes.mixins.json:debug.DebugPacketsMixin
[30Nov2025 14:20:34.617] [Server thread/DEBUG] [net.minecraftforge.coremod.transformer.CoreModBaseTransformer/COREMOD]: Transforming net/minecraft/world/level/NaturalSpawner
[30Nov2025 14:20:34.640] [Server thread/DEBUG] [mixin/]: Mixing item.wearable.NaturalSpawnerMixin from mixins.artifacts.common.json into net.minecraft.world.level.NaturalSpawner
[30Nov2025 14:20:34.640] [Server thread/DEBUG] [mixin/]: Renaming synthetic method lambda$spawnCategoryForPosition$0(Lnet/minecraft/world/entity/Mob;Lnet/minecraft/world/item/ItemStack;)V to md5fd9de$lambda$spawnCategoryForPosition$0$0 in mixins.artifacts.common.json:item.wearable.NaturalSpawnerMixin
[30Nov2025 14:20:34.641] [Server thread/DEBUG] [mixin/]: Mixing NaturalSpawnerMixin from alexscaves.mixins.json into net.minecraft.world.level.NaturalSpawner
[30Nov2025 14:20:34.701] [Server thread/DEBUG] [mixin/]: Mixing TrackedEntityAccessorInvoker from skinrestorer.mixins.json into net.minecraft.server.level.ChunkMap$TrackedEntity
[30Nov2025 14:20:34.741] [Server thread/DEBUG] [artifacts.Artifacts/]: Loaded artifacts.forge.platform.ForgePlatformHelper@1e71081 for service interface artifacts.platform.PlatformHelper
[30Nov2025 14:20:34.789] [Server thread/DEBUG] [mixin/]: Mixing debug.PathAccessor from yungscavebiomes.mixins.json into net.minecraft.world.level.pathfinder.Path
[30Nov2025 14:22:34.611] [Netty Epoll Server IO #1/DEBUG] [io.netty.util.Recycler/]: -Dio.netty.recycler.maxCapacityPerThread: 4096
[30Nov2025 14:22:34.611] [Netty Epoll Server IO #1/DEBUG] [io.netty.util.Recycler/]: -Dio.netty.recycler.ratio: 8
[30Nov2025 14:22:34.611] [Netty Epoll Server IO #1/DEBUG] [io.netty.util.Recycler/]: -Dio.netty.recycler.chunkSize: 32
[30Nov2025 14:22:34.611] [Netty Epoll Server IO #1/DEBUG] [io.netty.util.Recycler/]: -Dio.netty.recycler.blocking: false
[30Nov2025 14:22:48.487] [Netty Epoll Server IO #2/DEBUG] [net.minecraftforge.network.HandshakeHandler/FMLHANDSHAKE]: Starting new modded impl connection. Found 28 messages to dispatch.
[30Nov2025 14:22:48.488] [Netty Epoll Server IO #2/DEBUG] [mixin/]: Mixing ServerLoginPacketListenerImplMixin from skinrestorer.mixins.json into net.minecraft.server.network.ServerLoginPacketListenerImpl
[30Nov2025 14:22:48.489] [Netty Epoll Server IO #2/DEBUG] [mixin/]: Renaming synthetic method lambda$skinrestorer$fetchSkin$2(Lnet/lionarius/skinrestorer/skin/provider/SkinProviderContext;)Lnet/lionarius/skinrestorer/util/Result; to md5fd9de$lambda$skinrestorer$fetchSkin$2$0 in skinrestorer.mixins.json:ServerLoginPacketListenerImplMixin
[30Nov2025 14:22:48.489] [Netty Epoll Server IO #2/DEBUG] [mixin/]: Renaming synthetic method lambda$skinrestorer$fetchSkin$1(Lnet/lionarius/skinrestorer/skin/provider/SkinProviderContext;Lnet/lionarius/skinrestorer/skin/provider/SkinProvider;)Lnet/lionarius/skinrestorer/util/Result; to md5fd9de$lambda$skinrestorer$fetchSkin$1$1 in skinrestorer.mixins.json:ServerLoginPacketListenerImplMixin
[30Nov2025 14:22:48.490] [Netty Epoll Server IO #2/DEBUG] [mixin/]: Renaming synthetic method lambda$waitForSkin$0()Ljava/lang/Void; to md5fd9de$lambda$waitForSkin$0$2 in skinrestorer.mixins.json:ServerLoginPacketListenerImplMixin
[30Nov2025 14:22:48.548] [Server thread/DEBUG] [net.minecraftforge.network.HandshakeHandler/FMLHANDSHAKE]: Sending ticking packet info 'net.minecraftforge.network.HandshakeMessages$S2CModData' to 'fml:handshake' sequence 0
[30Nov2025 14:22:48.598] [Server thread/DEBUG] [net.minecraftforge.network.HandshakeHandler/FMLHANDSHAKE]: Sending ticking packet info 'net.minecraftforge.network.HandshakeMessages$S2CModList' to 'fml:handshake' sequence 1
[30Nov2025 14:22:48.647] [Server thread/DEBUG] [net.minecraftforge.network.HandshakeHandler/FMLHANDSHAKE]: Sending ticking packet info 'Registry minecraft:command_argument_type' to 'fml:handshake' sequence 2
[30Nov2025 14:22:48.698] [Server thread/DEBUG] [net.minecraftforge.network.HandshakeHandler/FMLHANDSHAKE]: Sending ticking packet info 'Registry minecraft:recipe_serializer' to 'fml:handshake' sequence 3
[30Nov2025 14:22:48.748] [Server thread/DEBUG] [net.minecraftforge.network.HandshakeHandler/FMLHANDSHAKE]: Sending ticking packet info 'Registry minecraft:sound_event' to 'fml:handshake' sequence 4
[30Nov2025 14:22:48.797] [Netty Epoll Server IO #2/DEBUG] [net.minecraftforge.network.LoginWrapper/FMLHANDSHAKE]: Recieved login wrapper packet event for channel fml:handshake with index 1
[30Nov2025 14:22:48.798] [Server thread/DEBUG] [net.minecraftforge.network.HandshakeHandler/FMLHANDSHAKE]: Sending ticking packet info 'Registry minecraft:particle_type' to 'fml:handshake' sequence 5
[30Nov2025 14:22:48.800] [Netty Epoll Server IO #2/DEBUG] [net.minecraftforge.network.HandshakeHandler/FMLHANDSHAKE]: Received client indexed reply 1 of type net.minecraftforge.network.HandshakeMessages$C2SModListReply
[30Nov2025 14:22:48.800] [Netty Epoll Server IO #2/DEBUG] [net.minecraftforge.network.HandshakeHandler/FMLHANDSHAKE]: Received client connection with modlist [betterdungeons, kuma_api, betterwitchhuts, geckolib, jei, betteroceanmonuments, goblintraders, mcwwindows, sophisticatedcore, waystones, villagernames, mcwpaintings, journeymap, yungscavebiomes, citadel, artifacts, yungsapi, mcwstairs, mixinextras, bookshelf, sophisticatedbackpacks, betterdeserttemples, mcwdoors, balm, carryon, sodiumoptionsapi, betterfortresses, dungeons_arise_seven_seas, cloth_config, forge, travelerstitles, sodiumdynamiclights, konkrete, embeddium, rubidium, mcwpaths, dungeons_arise, minecraft, mcwbridges, alexscaves, trade_cycling, enchdesc, terrablender, fabric_api_base, mousetweaks, mcwtrpdoors, mcwfences, yungsbridges, born_in_chaos_v1, curios, collective, yungsextras, inventoryhud, betterstrongholds, tombstone, mcwroofs, architectury, mcwfurnitures, betterendisland, justzoom, framework, cosmeticarmorreworked, expandability, bettermineshafts, mcwlights, betterjungletemples]
[30Nov2025 14:22:48.801] [Netty Epoll Server IO #2/DEBUG] [net.minecraftforge.network.NetworkRegistry/NETREGISTRY]: Channel 'skinshuffle:skin_refresh' : Version test of 'ABSENT 🤔' from client : ACCEPTED
[30Nov2025 14:22:48.802] [Netty Epoll Server IO #2/DEBUG] [net.minecraftforge.network.NetworkRegistry/NETREGISTRY]: Channel 'alexscaves:main_channel' : Version test of '1' from client : ACCEPTED
[30Nov2025 14:22:48.802] [Netty Epoll Server IO #2/DEBUG] [net.minecraftforge.network.NetworkRegistry/NETREGISTRY]: Channel 'architectury:network' : Version test of '1' from client : ACCEPTED
[30Nov2025 14:22:48.802] [Netty Epoll Server IO #2/DEBUG] [net.minecraftforge.network.NetworkRegistry/NETREGISTRY]: Channel 'carryon:carryonpackets' : Version test of '1.0' from client : ACCEPTED
[30Nov2025 14:22:48.802] [Netty Epoll Server IO #2/DEBUG] [net.minecraftforge.network.NetworkRegistry/NETREGISTRY]: Channel 'minecraft:unregister' : Version test of 'FML3' from client : ACCEPTED
[30Nov2025 14:22:48.802] [Netty Epoll Server IO #2/DEBUG] [net.minecraftforge.network.NetworkRegistry/NETREGISTRY]: Channel 'sophisticatedbackpacks:channel' : Version test of '1' from client : ACCEPTED
[30Nov2025 14:22:48.802] [Netty Epoll Server IO #2/DEBUG] [net.minecraftforge.network.NetworkRegistry/NETREGISTRY]: Channel 'citadel:main_channel' : Version test of '1' from client : ACCEPTED
[30Nov2025 14:22:48.802] [Netty Epoll Server IO #2/DEBUG] [net.minecraftforge.network.NetworkRegistry/NETREGISTRY]: Channel 'born_in_chaos_v1:born_in_chaos_v1' : Version test of '1' from client : ACCEPTED
[30Nov2025 14:22:48.802] [Netty Epoll Server IO #2/DEBUG] [net.minecraftforge.network.NetworkRegistry/NETREGISTRY]: Channel 'journeymap:version' : Version test of '1' from client : ACCEPTED
[30Nov2025 14:22:48.802] [Netty Epoll Server IO #2/DEBUG] [net.minecraftforge.network.NetworkRegistry/NETREGISTRY]: Channel 'framework:play' : Version test of '1' from client : ACCEPTED
[30Nov2025 14:22:48.802] [Netty Epoll Server IO #2/DEBUG] [net.minecraftforge.network.NetworkRegistry/NETREGISTRY]: Channel 'trade_cycling:cycle_trades' : Version test of 'ALLOWVANILLA 💓💓💓' from client : ACCEPTED
[30Nov2025 14:22:48.802] [Netty Epoll Server IO #2/DEBUG] [net.minecraftforge.network.NetworkRegistry/NETREGISTRY]: Channel 'curios:main' : Version test of '1' from client : ACCEPTED
[30Nov2025 14:22:48.803] [Netty Epoll Server IO #2/DEBUG] [net.minecraftforge.network.NetworkRegistry/NETREGISTRY]: Channel 'worldinfo:world_id' : Version test of '1' from client : ACCEPTED
[30Nov2025 14:22:48.803] [Netty Epoll Server IO #2/DEBUG] [net.minecraftforge.network.NetworkRegistry/NETREGISTRY]: Channel 'balm:network' : Version test of '1.0' from client : ACCEPTED
[30Nov2025 14:22:48.803] [Netty Epoll Server IO #2/DEBUG] [net.minecraftforge.network.NetworkRegistry/NETREGISTRY]: Channel 'skinshuffle:handshake' : Version test of 'ABSENT 🤔' from client : ACCEPTED
[30Nov2025 14:22:48.803] [Netty Epoll Server IO #2/DEBUG] [net.minecraftforge.network.NetworkRegistry/NETREGISTRY]: Channel 'journeymap:admin_req' : Version test of '1' from client : ACCEPTED
[30Nov2025 14:22:48.803] [Netty Epoll Server IO #2/DEBUG] [net.minecraftforge.network.NetworkRegistry/NETREGISTRY]: Channel 'journeymap:mp_options_req' : Version test of '1' from client : ACCEPTED
[30Nov2025 14:22:48.803] [Netty Epoll Server IO #2/DEBUG] [net.minecraftforge.network.NetworkRegistry/NETREGISTRY]: Channel 'journeymap:waypoint' : Version test of '1' from client : ACCEPTED
[30Nov2025 14:22:48.803] [Netty Epoll Server IO #2/DEBUG] [net.minecraftforge.network.NetworkRegistry/NETREGISTRY]: Channel 'framework:handshake' : Version test of '1' from client : ACCEPTED
[30Nov2025 14:22:48.803] [Netty Epoll Server IO #2/DEBUG] [net.minecraftforge.network.NetworkRegistry/NETREGISTRY]: Channel 'fml:loginwrapper' : Version test of 'FML3' from client : ACCEPTED
[30Nov2025 14:22:48.803] [Netty Epoll Server IO #2/DEBUG] [net.minecraftforge.network.NetworkRegistry/NETREGISTRY]: Channel 'forge:tier_sorting' : Version test of '1.0' from client : ACCEPTED
[30Nov2025 14:22:48.803] [Netty Epoll Server IO #2/DEBUG] [net.minecraftforge.network.NetworkRegistry/NETREGISTRY]: Channel 'tombstone:tombstone_channel' : Version test of 'tombstone-9.0.9' from client : ACCEPTED
[30Nov2025 14:22:48.804] [Netty Epoll Server IO #2/DEBUG] [net.minecraftforge.network.NetworkRegistry/NETREGISTRY]: Channel 'cosmeticarmorreworked:main' : Version test of '2' from client : ACCEPTED
[30Nov2025 14:22:48.804] [Netty Epoll Server IO #2/DEBUG] [net.minecraftforge.network.NetworkRegistry/NETREGISTRY]: Channel 'fml:play' : Version test of 'FML3' from client : ACCEPTED
[30Nov2025 14:22:48.804] [Netty Epoll Server IO #2/DEBUG] [net.minecraftforge.network.NetworkRegistry/NETREGISTRY]: Channel 'yungscavebiomes:messages' : Version test of '1.0' from client : ACCEPTED
[30Nov2025 14:22:48.804] [Netty Epoll Server IO #2/DEBUG] [net.minecraftforge.network.NetworkRegistry/NETREGISTRY]: Channel 'journeymap:player_loc' : Version test of '1' from client : ACCEPTED
[30Nov2025 14:22:48.804] [Netty Epoll Server IO #2/DEBUG] [net.minecraftforge.network.NetworkRegistry/NETREGISTRY]: Channel 'journeymap:admin_save' : Version test of '1' from client : ACCEPTED
[30Nov2025 14:22:48.804] [Netty Epoll Server IO #2/DEBUG] [net.minecraftforge.network.NetworkRegistry/NETREGISTRY]: Channel 'sophisticatedcore:channel' : Version test of '1' from client : ACCEPTED
[30Nov2025 14:22:48.804] [Netty Epoll Server IO #2/DEBUG] [net.minecraftforge.network.NetworkRegistry/NETREGISTRY]: Channel 'journeymap:teleport_req' : Version test of '1' from client : ACCEPTED
[30Nov2025 14:22:48.804] [Netty Epoll Server IO #2/DEBUG] [net.minecraftforge.network.NetworkRegistry/NETREGISTRY]: Channel 'fml:handshake' : Version test of 'FML3' from client : ACCEPTED
[30Nov2025 14:22:48.804] [Netty Epoll Server IO #2/DEBUG] [net.minecraftforge.network.NetworkRegistry/NETREGISTRY]: Channel 'journeymap:common' : Version test of '1' from client : ACCEPTED
[30Nov2025 14:22:48.804] [Netty Epoll Server IO #2/DEBUG] [net.minecraftforge.network.NetworkRegistry/NETREGISTRY]: Channel 'minecraft:register' : Version test of 'FML3' from client : ACCEPTED
[30Nov2025 14:22:48.804] [Netty Epoll Server IO #2/DEBUG] [net.minecraftforge.network.NetworkRegistry/NETREGISTRY]: Channel 'forge:split' : Version test of '1.1' from client : ACCEPTED
[30Nov2025 14:22:48.805] [Netty Epoll Server IO #2/DEBUG] [net.minecraftforge.network.NetworkRegistry/NETREGISTRY]: Channel 'journeymap:perm_req' : Version test of '1' from client : ACCEPTED
[30Nov2025 14:22:48.805] [Netty Epoll Server IO #2/DEBUG] [net.minecraftforge.network.NetworkRegistry/NETREGISTRY]: Channel 'geckolib:main' : Version test of '1' from client : ACCEPTED
[30Nov2025 14:22:48.805] [Netty Epoll Server IO #2/DEBUG] [net.minecraftforge.network.NetworkRegistry/NETREGISTRY]: Channel 'waystones:network' : Version test of '1.0' from client : ACCEPTED
[30Nov2025 14:22:48.805] [Netty Epoll Server IO #2/DEBUG] [net.minecraftforge.network.NetworkRegistry/NETREGISTRY]: Channel 'skinshuffle:refresh' : Version test of 'ABSENT 🤔' from client : ACCEPTED
[30Nov2025 14:22:48.805] [Netty Epoll Server IO #2/DEBUG] [net.minecraftforge.network.NetworkRegistry/NETREGISTRY]: Accepting channel list from client
[30Nov2025 14:22:48.806] [Netty Epoll Server IO #2/DEBUG] [net.minecraftforge.network.HandshakeHandler/FMLHANDSHAKE]: Accepted client connection mod list
[30Nov2025 14:22:48.848] [Server thread/DEBUG] [net.minecraftforge.network.HandshakeHandler/FMLHANDSHAKE]: Sending ticking packet info 'Registry minecraft:villager_profession' to 'fml:handshake' sequence 6
[30Nov2025 14:22:48.855] [Netty Epoll Server IO #2/DEBUG] [net.minecraftforge.network.LoginWrapper/FMLHANDSHAKE]: Recieved login wrapper packet event for channel fml:handshake with index 2
[30Nov2025 14:22:48.856] [Netty Epoll Server IO #2/DEBUG] [net.minecraftforge.network.HandshakeHandler/FMLHANDSHAKE]: Received client indexed reply 2 of type net.minecraftforge.network.HandshakeMessages$C2SAcknowledge
[30Nov2025 14:22:48.856] [Netty Epoll Server IO #2/DEBUG] [net.minecraftforge.network.HandshakeHandler/FMLHANDSHAKE]: Received acknowledgement from client
[30Nov2025 14:22:48.864] [Netty Epoll Server IO #2/DEBUG] [net.minecraftforge.network.LoginWrapper/FMLHANDSHAKE]: Recieved login wrapper packet event for channel fml:handshake with index 3
[30Nov2025 14:22:48.864] [Netty Epoll Server IO #2/DEBUG] [net.minecraftforge.network.HandshakeHandler/FMLHANDSHAKE]: Received client indexed reply 3 of type net.minecraftforge.network.HandshakeMessages$C2SAcknowledge
[30Nov2025 14:22:48.864] [Netty Epoll Server IO #2/DEBUG] [net.minecraftforge.network.HandshakeHandler/FMLHANDSHAKE]: Received acknowledgement from client
[30Nov2025 14:22:48.898] [Server thread/DEBUG] [net.minecraftforge.network.HandshakeHandler/FMLHANDSHAKE]: Sending ticking packet info 'Registry minecraft:item' to 'fml:handshake' sequence 7
[30Nov2025 14:22:48.948] [Server thread/DEBUG] [net.minecraftforge.network.HandshakeHandler/FMLHANDSHAKE]: Sending ticking packet info 'Registry minecraft:potion' to 'fml:handshake' sequence 8
[30Nov2025 14:22:48.998] [Server thread/DEBUG] [net.minecraftforge.network.HandshakeHandler/FMLHANDSHAKE]: Sending ticking packet info 'Registry minecraft:painting_variant' to 'fml:handshake' sequence 9
[30Nov2025 14:22:49.047] [Server thread/DEBUG] [net.minecraftforge.network.HandshakeHandler/FMLHANDSHAKE]: Sending ticking packet info 'Registry forge:fluid_type' to 'fml:handshake' sequence 10
[30Nov2025 14:22:49.097] [Server thread/DEBUG] [net.minecraftforge.network.HandshakeHandler/FMLHANDSHAKE]: Sending ticking packet info 'Registry minecraft:block_entity_type' to 'fml:handshake' sequence 11
[30Nov2025 14:22:49.147] [Server thread/DEBUG] [net.minecraftforge.network.HandshakeHandler/FMLHANDSHAKE]: Sending ticking packet info 'Registry forge:display_contexts' to 'fml:handshake' sequence 12
[30Nov2025 14:22:49.197] [Server thread/DEBUG] [net.minecraftforge.network.HandshakeHandler/FMLHANDSHAKE]: Sending ticking packet info 'Registry minecraft:block' to 'fml:handshake' sequence 13
[30Nov2025 14:22:49.247] [Server thread/DEBUG] [net.minecraftforge.network.HandshakeHandler/FMLHANDSHAKE]: Sending ticking packet info 'Registry forge:entity_data_serializers' to 'fml:handshake' sequence 14
[30Nov2025 14:22:49.297] [Server thread/DEBUG] [net.minecraftforge.network.HandshakeHandler/FMLHANDSHAKE]: Sending ticking packet info 'Registry minecraft:mob_effect' to 'fml:handshake' sequence 15
[30Nov2025 14:22:49.320] [Netty Epoll Server IO #2/DEBUG] [net.minecraftforge.network.LoginWrapper/FMLHANDSHAKE]: Recieved login wrapper packet event for channel fml:handshake with index 4
[30Nov2025 14:22:49.321] [Netty Epoll Server IO #2/DEBUG] [net.minecraftforge.network.HandshakeHandler/FMLHANDSHAKE]: Received client indexed reply 4 of type net.minecraftforge.network.HandshakeMessages$C2SAcknowledge
[30Nov2025 14:22:49.321] [Netty Epoll Server IO #2/DEBUG] [net.minecraftforge.network.HandshakeHandler/FMLHANDSHAKE]: Received acknowledgement from client
[30Nov2025 14:22:49.347] [Server thread/DEBUG] [net.minecraftforge.network.HandshakeHandler/FMLHANDSHAKE]: Sending ticking packet info 'Registry minecraft:stat_type' to 'fml:handshake' sequence 16
[30Nov2025 14:22:49.378] [Netty Epoll Server IO #2/DEBUG] [net.minecraftforge.network.LoginWrapper/FMLHANDSHAKE]: Recieved login wrapper packet event for channel fml:handshake with index 5
[30Nov2025 14:22:49.379] [Netty Epoll Server IO #2/DEBUG] [net.minecraftforge.network.HandshakeHandler/FMLHANDSHAKE]: Received client indexed reply 5 of type net.minecraftforge.network.HandshakeMessages$C2SAcknowledge
[30Nov2025 14:22:49.379] [Netty Epoll Server IO #2/DEBUG] [net.minecraftforge.network.HandshakeHandler/FMLHANDSHAKE]: Received acknowledgement from client
[30Nov2025 14:22:49.379] [Netty Epoll Server IO #2/DEBUG] [net.minecraftforge.network.LoginWrapper/FMLHANDSHAKE]: Recieved login wrapper packet event for channel fml:handshake with index 6
[30Nov2025 14:22:49.379] [Netty Epoll Server IO #2/DEBUG] [net.minecraftforge.network.HandshakeHandler/FMLHANDSHAKE]: Received client indexed reply 6 of type net.minecraftforge.network.HandshakeMessages$C2SAcknowledge
[30Nov2025 14:22:49.379] [Netty Epoll Server IO #2/DEBUG] [net.minecraftforge.network.HandshakeHandler/FMLHANDSHAKE]: Received acknowledgement from client
[30Nov2025 14:22:49.397] [Server thread/DEBUG] [net.minecraftforge.network.HandshakeHandler/FMLHANDSHAKE]: Sending ticking packet info 'Registry tombstone:perks' to 'fml:handshake' sequence 17
[30Nov2025 14:22:49.447] [Server thread/DEBUG] [net.minecraftforge.network.HandshakeHandler/FMLHANDSHAKE]: Sending ticking packet info 'Registry minecraft:menu' to 'fml:handshake' sequence 18
[30Nov2025 14:22:49.497] [Server thread/DEBUG] [net.minecraftforge.network.HandshakeHandler/FMLHANDSHAKE]: Sending ticking packet info 'Registry minecraft:enchantment' to 'fml:handshake' sequence 19
[30Nov2025 14:22:49.547] [Server thread/DEBUG] [net.minecraftforge.network.HandshakeHandler/FMLHANDSHAKE]: Sending ticking packet info 'Registry minecraft:fluid' to 'fml:handshake' sequence 20
[30Nov2025 14:22:49.597] [Server thread/DEBUG] [net.minecraftforge.network.HandshakeHandler/FMLHANDSHAKE]: Sending ticking packet info 'Registry minecraft:entity_type' to 'fml:handshake' sequence 21
[30Nov2025 14:22:49.647] [Server thread/DEBUG] [net.minecraftforge.network.HandshakeHandler/FMLHANDSHAKE]: Sending ticking packet info 'Config journeymap-server.toml' to 'fml:handshake' sequence 22
[30Nov2025 14:22:49.698] [Server thread/DEBUG] [net.minecraftforge.network.HandshakeHandler/FMLHANDSHAKE]: Sending ticking packet info 'Config curios-server.toml' to 'fml:handshake' sequence 23
[30Nov2025 14:22:49.747] [Server thread/DEBUG] [net.minecraftforge.network.HandshakeHandler/FMLHANDSHAKE]: Sending ticking packet info 'Config tombstone-server.toml' to 'fml:handshake' sequence 24
[30Nov2025 14:22:49.766] [Netty Epoll Server IO #2/DEBUG] [net.minecraftforge.network.LoginWrapper/FMLHANDSHAKE]: Recieved login wrapper packet event for channel fml:handshake with index 7
[30Nov2025 14:22:49.767] [Netty Epoll Server IO #2/DEBUG] [net.minecraftforge.network.HandshakeHandler/FMLHANDSHAKE]: Received client indexed reply 7 of type net.minecraftforge.network.HandshakeMessages$C2SAcknowledge
[30Nov2025 14:22:49.767] [Netty Epoll Server IO #2/DEBUG] [net.minecraftforge.network.HandshakeHandler/FMLHANDSHAKE]: Received acknowledgement from client
[30Nov2025 14:22:49.767] [Netty Epoll Server IO #2/DEBUG] [net.minecraftforge.network.LoginWrapper/FMLHANDSHAKE]: Recieved login wrapper packet event for channel fml:handshake with index 8
[30Nov2025 14:22:49.767] [Netty Epoll Server IO #2/DEBUG] [net.minecraftforge.network.HandshakeHandler/FMLHANDSHAKE]: Received client indexed reply 8 of type net.minecraftforge.network.HandshakeMessages$C2SAcknowledge
[30Nov2025 14:22:49.767] [Netty Epoll Server IO #2/DEBUG] [net.minecraftforge.network.HandshakeHandler/FMLHANDSHAKE]: Received acknowledgement from client
[30Nov2025 14:22:49.767] [Netty Epoll Server IO #2/DEBUG] [net.minecraftforge.network.LoginWrapper/FMLHANDSHAKE]: Recieved login wrapper packet event for channel fml:handshake with index 9
[30Nov2025 14:22:49.767] [Netty Epoll Server IO #2/DEBUG] [net.minecraftforge.network.HandshakeHandler/FMLHANDSHAKE]: Received client indexed reply 9 of type net.minecraftforge.network.HandshakeMessages$C2SAcknowledge
[30Nov2025 14:22:49.767] [Netty Epoll Server IO #2/DEBUG] [net.minecraftforge.network.HandshakeHandler/FMLHANDSHAKE]: Received acknowledgement from client
[30Nov2025 14:22:49.768] [Netty Epoll Server IO #2/DEBUG] [net.minecraftforge.network.LoginWrapper/FMLHANDSHAKE]: Recieved login wrapper packet event for channel fml:handshake with index 10
[30Nov2025 14:22:49.768] [Netty Epoll Server IO #2/DEBUG] [net.minecraftforge.network.HandshakeHandler/FMLHANDSHAKE]: Received client indexed reply 10 of type net.minecraftforge.network.HandshakeMessages$C2SAcknowledge
[30Nov2025 14:22:49.768] [Netty Epoll Server IO #2/DEBUG] [net.minecraftforge.network.HandshakeHandler/FMLHANDSHAKE]: Received acknowledgement from client
[30Nov2025 14:22:49.768] [Netty Epoll Server IO #2/DEBUG] [net.minecraftforge.network.LoginWrapper/FMLHANDSHAKE]: Recieved login wrapper packet event for channel fml:handshake with index 11
[30Nov2025 14:22:49.768] [Netty Epoll Server IO #2/DEBUG] [net.minecraftforge.network.HandshakeHandler/FMLHANDSHAKE]: Received client indexed reply 11 of type net.minecraftforge.network.HandshakeMessages$C2SAcknowledge
[30Nov2025 14:22:49.768] [Netty Epoll Server IO #2/DEBUG] [net.minecraftforge.network.HandshakeHandler/FMLHANDSHAKE]: Received acknowledgement from client
[30Nov2025 14:22:49.769] [Netty Epoll Server IO #2/DEBUG] [net.minecraftforge.network.LoginWrapper/FMLHANDSHAKE]: Recieved login wrapper packet event for channel fml:handshake with index 12
[30Nov2025 14:22:49.769] [Netty Epoll Server IO #2/DEBUG] [net.minecraftforge.network.HandshakeHandler/FMLHANDSHAKE]: Received client indexed reply 12 of type net.minecraftforge.network.HandshakeMessages$C2SAcknowledge
[30Nov2025 14:22:49.769] [Netty Epoll Server IO #2/DEBUG] [net.minecraftforge.network.HandshakeHandler/FMLHANDSHAKE]: Received acknowledgement from client
[30Nov2025 14:22:49.797] [Server thread/DEBUG] [net.minecraftforge.network.HandshakeHandler/FMLHANDSHAKE]: Sending ticking packet info 'Config fastleafdecay-server.toml' to 'fml:handshake' sequence 25
[30Nov2025 14:22:49.847] [Server thread/DEBUG] [net.minecraftforge.network.HandshakeHandler/FMLHANDSHAKE]: Sending ticking packet info 'Config sophisticatedbackpacks-server.toml' to 'fml:handshake' sequence 26
[30Nov2025 14:22:49.886] [Netty Epoll Server IO #2/DEBUG] [net.minecraftforge.network.LoginWrapper/FMLHANDSHAKE]: Recieved login wrapper packet event for channel fml:handshake with index 13
[30Nov2025 14:22:49.886] [Netty Epoll Server IO #2/DEBUG] [net.minecraftforge.network.HandshakeHandler/FMLHANDSHAKE]: Received client indexed reply 13 of type net.minecraftforge.network.HandshakeMessages$C2SAcknowledge
[30Nov2025 14:22:49.886] [Netty Epoll Server IO #2/DEBUG] [net.minecraftforge.network.HandshakeHandler/FMLHANDSHAKE]: Received acknowledgement from client
[30Nov2025 14:22:49.886] [Netty Epoll Server IO #2/DEBUG] [net.minecraftforge.network.LoginWrapper/FMLHANDSHAKE]: Recieved login wrapper packet event for channel fml:handshake with index 14
[30Nov2025 14:22:49.887] [Netty Epoll Server IO #2/DEBUG] [net.minecraftforge.network.HandshakeHandler/FMLHANDSHAKE]: Received client indexed reply 14 of type net.minecraftforge.network.HandshakeMessages$C2SAcknowledge
[30Nov2025 14:22:49.887] [Netty Epoll Server IO #2/DEBUG] [net.minecraftforge.network.HandshakeHandler/FMLHANDSHAKE]: Received acknowledgement from client
[30Nov2025 14:22:49.887] [Netty Epoll Server IO #2/DEBUG] [net.minecraftforge.network.LoginWrapper/FMLHANDSHAKE]: Recieved login wrapper packet event for channel fml:handshake with index 15
[30Nov2025 14:22:49.887] [Netty Epoll Server IO #2/DEBUG] [net.minecraftforge.network.HandshakeHandler/FMLHANDSHAKE]: Received client indexed reply 15 of type net.minecraftforge.network.HandshakeMessages$C2SAcknowledge
[30Nov2025 14:22:49.887] [Netty Epoll Server IO #2/DEBUG] [net.minecraftforge.network.HandshakeHandler/FMLHANDSHAKE]: Received acknowledgement from client
[30Nov2025 14:22:49.887] [Netty Epoll Server IO #2/DEBUG] [net.minecraftforge.network.LoginWrapper/FMLHANDSHAKE]: Recieved login wrapper packet event for channel fml:handshake with index 16
[30Nov2025 14:22:49.887] [Netty Epoll Server IO #2/DEBUG] [net.minecraftforge.network.HandshakeHandler/FMLHANDSHAKE]: Received client indexed reply 16 of type net.minecraftforge.network.HandshakeMessages$C2SAcknowledge
[30Nov2025 14:22:49.887] [Netty Epoll Server IO #2/DEBUG] [net.minecraftforge.network.HandshakeHandler/FMLHANDSHAKE]: Received acknowledgement from client
[30Nov2025 14:22:49.888] [Netty Epoll Server IO #2/DEBUG] [net.minecraftforge.network.LoginWrapper/FMLHANDSHAKE]: Recieved login wrapper packet event for channel fml:handshake with index 17
[30Nov2025 14:22:49.888] [Netty Epoll Server IO #2/DEBUG] [net.minecraftforge.network.HandshakeHandler/FMLHANDSHAKE]: Received client indexed reply 17 of type net.minecraftforge.network.HandshakeMessages$C2SAcknowledge
[30Nov2025 14:22:49.888] [Netty Epoll Server IO #2/DEBUG] [net.minecraftforge.network.HandshakeHandler/FMLHANDSHAKE]: Received acknowledgement from client
[30Nov2025 14:22:49.888] [Netty Epoll Server IO #2/DEBUG] [net.minecraftforge.network.LoginWrapper/FMLHANDSHAKE]: Recieved login wrapper packet event for channel fml:handshake with index 18
[30Nov2025 14:22:49.888] [Netty Epoll Server IO #2/DEBUG] [net.minecraftforge.network.HandshakeHandler/FMLHANDSHAKE]: Received client indexed reply 18 of type net.minecraftforge.network.HandshakeMessages$C2SAcknowledge
[30Nov2025 14:22:49.888] [Netty Epoll Server IO #2/DEBUG] [net.minecraftforge.network.HandshakeHandler/FMLHANDSHAKE]: Received acknowledgement from client
[30Nov2025 14:22:49.888] [Netty Epoll Server IO #2/DEBUG] [net.minecraftforge.network.LoginWrapper/FMLHANDSHAKE]: Recieved login wrapper packet event for channel fml:handshake with index 19
[30Nov2025 14:22:49.888] [Netty Epoll Server IO #2/DEBUG] [net.minecraftforge.network.HandshakeHandler/FMLHANDSHAKE]: Received client indexed reply 19 of type net.minecraftforge.network.HandshakeMessages$C2SAcknowledge
[30Nov2025 14:22:49.889] [Netty Epoll Server IO #2/DEBUG] [net.minecraftforge.network.HandshakeHandler/FMLHANDSHAKE]: Received acknowledgement from client
[30Nov2025 14:22:49.889] [Netty Epoll Server IO #2/DEBUG] [net.minecraftforge.network.LoginWrapper/FMLHANDSHAKE]: Recieved login wrapper packet event for channel fml:handshake with index 20
[30Nov2025 14:22:49.889] [Netty Epoll Server IO #2/DEBUG] [net.minecraftforge.network.HandshakeHandler/FMLHANDSHAKE]: Received client indexed reply 20 of type net.minecraftforge.network.HandshakeMessages$C2SAcknowledge
[30Nov2025 14:22:49.889] [Netty Epoll Server IO #2/DEBUG] [net.minecraftforge.network.HandshakeHandler/FMLHANDSHAKE]: Received acknowledgement from client
[30Nov2025 14:22:49.898] [Server thread/DEBUG] [net.minecraftforge.network.HandshakeHandler/FMLHANDSHAKE]: Sending ticking packet info 'Config forge-server.toml' to 'fml:handshake' sequence 27
[30Nov2025 14:22:57.899] [Netty Epoll Server IO #2/DEBUG] [net.minecraftforge.network.LoginWrapper/FMLHANDSHAKE]: Recieved login wrapper packet event for channel fml:handshake with index 21
[30Nov2025 14:22:57.899] [Netty Epoll Server IO #2/DEBUG] [net.minecraftforge.network.HandshakeHandler/FMLHANDSHAKE]: Received client indexed reply 21 of type net.minecraftforge.network.HandshakeMessages$C2SAcknowledge
[30Nov2025 14:22:57.899] [Netty Epoll Server IO #2/DEBUG] [net.minecraftforge.network.HandshakeHandler/FMLHANDSHAKE]: Received acknowledgement from client
[30Nov2025 14:22:57.900] [Netty Epoll Server IO #2/DEBUG] [net.minecraftforge.network.LoginWrapper/FMLHANDSHAKE]: Recieved login wrapper packet event for channel fml:handshake with index 22
[30Nov2025 14:22:57.900] [Netty Epoll Server IO #2/DEBUG] [net.minecraftforge.network.HandshakeHandler/FMLHANDSHAKE]: Received client indexed reply 22 of type net.minecraftforge.network.HandshakeMessages$C2SAcknowledge
[30Nov2025 14:22:57.900] [Netty Epoll Server IO #2/DEBUG] [net.minecraftforge.network.HandshakeHandler/FMLHANDSHAKE]: Received acknowledgement from client
[30Nov2025 14:22:57.900] [Netty Epoll Server IO #2/DEBUG] [net.minecraftforge.network.LoginWrapper/FMLHANDSHAKE]: Recieved login wrapper packet event for channel fml:handshake with index 23
[30Nov2025 14:22:57.900] [Netty Epoll Server IO #2/DEBUG] [net.minecraftforge.network.HandshakeHandler/FMLHANDSHAKE]: Received client indexed reply 23 of type net.minecraftforge.network.HandshakeMessages$C2SAcknowledge
[30Nov2025 14:22:57.900] [Netty Epoll Server IO #2/DEBUG] [net.minecraftforge.network.HandshakeHandler/FMLHANDSHAKE]: Received acknowledgement from client
[30Nov2025 14:22:57.900] [Netty Epoll Server IO #2/DEBUG] [net.minecraftforge.network.LoginWrapper/FMLHANDSHAKE]: Recieved login wrapper packet event for channel fml:handshake with index 24
[30Nov2025 14:22:57.900] [Netty Epoll Server IO #2/DEBUG] [net.minecraftforge.network.HandshakeHandler/FMLHANDSHAKE]: Received client indexed reply 24 of type net.minecraftforge.network.HandshakeMessages$C2SAcknowledge
[30Nov2025 14:22:57.900] [Netty Epoll Server IO #2/DEBUG] [net.minecraftforge.network.HandshakeHandler/FMLHANDSHAKE]: Received acknowledgement from client
[30Nov2025 14:22:57.901] [Netty Epoll Server IO #2/DEBUG] [net.minecraftforge.network.LoginWrapper/FMLHANDSHAKE]: Recieved login wrapper packet event for channel fml:handshake with index 25
[30Nov2025 14:22:57.901] [Netty Epoll Server IO #2/DEBUG] [net.minecraftforge.network.HandshakeHandler/FMLHANDSHAKE]: Received client indexed reply 25 of type net.minecraftforge.network.HandshakeMessages$C2SAcknowledge
[30Nov2025 14:22:57.901] [Netty Epoll Server IO #2/DEBUG] [net.minecraftforge.network.HandshakeHandler/FMLHANDSHAKE]: Received acknowledgement from client
[30Nov2025 14:22:57.901] [Netty Epoll Server IO #2/DEBUG] [net.minecraftforge.network.LoginWrapper/FMLHANDSHAKE]: Recieved login wrapper packet event for channel fml:handshake with index 26
[30Nov2025 14:22:57.901] [Netty Epoll Server IO #2/DEBUG] [net.minecraftforge.network.HandshakeHandler/FMLHANDSHAKE]: Received client indexed reply 26 of type net.minecraftforge.network.HandshakeMessages$C2SAcknowledge
[30Nov2025 14:22:57.901] [Netty Epoll Server IO #2/DEBUG] [net.minecraftforge.network.HandshakeHandler/FMLHANDSHAKE]: Received acknowledgement from client
[30Nov2025 14:22:57.901] [Netty Epoll Server IO #2/DEBUG] [net.minecraftforge.network.LoginWrapper/FMLHANDSHAKE]: Recieved login wrapper packet event for channel fml:handshake with index 27
[30Nov2025 14:22:57.901] [Netty Epoll Server IO #2/DEBUG] [net.minecraftforge.network.HandshakeHandler/FMLHANDSHAKE]: Received client indexed reply 27 of type net.minecraftforge.network.HandshakeMessages$C2SAcknowledge
[30Nov2025 14:22:57.901] [Netty Epoll Server IO #2/DEBUG] [net.minecraftforge.network.HandshakeHandler/FMLHANDSHAKE]: Received acknowledgement from client
[30Nov2025 14:22:57.947] [Server thread/DEBUG] [net.minecraftforge.network.HandshakeHandler/FMLHANDSHAKE]: Handshake complete!
[30Nov2025 14:22:58.001] [ForkJoinPool.commonPool-worker-1/DEBUG] [SkinRestorer/]: Fetching Meu_by's skin
[30Nov2025 14:22:58.100] [Server thread/WARN] [net.minecraft.network.syncher.SynchedEntityData/]: defineId called for: class net.minecraft.world.entity.player.Player from class tschipp.carryon.common.carry.CarryOnDataManager
[30Nov2025 14:22:58.106] [Server thread/DEBUG] [mixin/]: Mixing FoodDataMixin from alexscaves.mixins.json into net.minecraft.world.food.FoodData
[30Nov2025 14:22:58.111] [Server thread/DEBUG] [mixin/]: Mixing accessors.inventory.AccessorTransientCraftingContainer from bookshelf.common.mixins.json into net.minecraft.world.inventory.TransientCraftingContainer
[30Nov2025 14:22:58.180] [Server thread/INFO] [net.minecraft.server.players.PlayerList/]: Meu_by[/100.86.66.124:61325] logged in with entity id 465 at (848.8553162778171, 68.0625, 6.79201909210167)
[30Nov2025 14:22:58.191] [Server thread/DEBUG] [net.minecraftforge.network.filters.NetworkFilters/]: Injected net.minecraftforge.network.filters.ForgeConnectionNetworkFilter@26ed3ee3 into net.minecraft.network.Connection@56861cd2
[30Nov2025 14:22:58.246] [Server thread/INFO] [net.minecraft.server.MinecraftServer/]: Meu_by joined the game
[30Nov2025 14:23:01.898] [Server thread/WARN] [net.minecraft.server.MinecraftServer/]: Can't keep up! Is the server overloaded? Running 3701ms or 74 ticks behind
[30Nov2025 14:23:02.473] [Server thread/DEBUG] [io.netty.util.internal.ThreadLocalRandom/]: -Dio.netty.initialSeedUniquifier: 0x1fe65ec25bb170b4
[30Nov2025 14:23:02.545] [Server thread/DEBUG] [mixin/]: Mixing swimming.FallLocationMixin from expandability-common.mixins.json into net.minecraft.world.damagesource.FallLocation
[30Nov2025 14:23:57.932] [Netty Epoll Server IO #5/DEBUG] [net.minecraftforge.network.HandshakeHandler/FMLHANDSHAKE]: Starting new modded impl connection. Found 28 messages to dispatch.
[30Nov2025 14:23:57.960] [Server thread/DEBUG] [net.minecraftforge.network.HandshakeHandler/FMLHANDSHAKE]: Sending ticking packet info 'net.minecraftforge.network.HandshakeMessages$S2CModData' to 'fml:handshake' sequence 0
[30Nov2025 14:23:58.008] [Server thread/DEBUG] [net.minecraftforge.network.HandshakeHandler/FMLHANDSHAKE]: Sending ticking packet info 'net.minecraftforge.network.HandshakeMessages$S2CModList' to 'fml:handshake' sequence 1
[30Nov2025 14:23:58.057] [Server thread/DEBUG] [net.minecraftforge.network.HandshakeHandler/FMLHANDSHAKE]: Sending ticking packet info 'Registry minecraft:command_argument_type' to 'fml:handshake' sequence 2
[30Nov2025 14:23:58.110] [Server thread/DEBUG] [net.minecraftforge.network.HandshakeHandler/FMLHANDSHAKE]: Sending ticking packet info 'Registry minecraft:recipe_serializer' to 'fml:handshake' sequence 3
[30Nov2025 14:23:58.158] [Server thread/DEBUG] [net.minecraftforge.network.HandshakeHandler/FMLHANDSHAKE]: Sending ticking packet info 'Registry minecraft:sound_event' to 'fml:handshake' sequence 4
[30Nov2025 14:23:58.202] [Netty Epoll Server IO #5/DEBUG] [net.minecraftforge.network.LoginWrapper/FMLHANDSHAKE]: Recieved login wrapper packet event for channel fml:handshake with index 1
[30Nov2025 14:23:58.202] [Netty Epoll Server IO #5/DEBUG] [net.minecraftforge.network.HandshakeHandler/FMLHANDSHAKE]: Received client indexed reply 1 of type net.minecraftforge.network.HandshakeMessages$C2SModListReply
[30Nov2025 14:23:58.203] [Netty Epoll Server IO #5/DEBUG] [net.minecraftforge.network.HandshakeHandler/FMLHANDSHAKE]: Received client connection with modlist [betterdungeons, kuma_api, betterwitchhuts, geckolib, jei, betteroceanmonuments, goblintraders, mcwwindows, sophisticatedcore, waystones, villagernames, mcwpaintings, journeymap, yungscavebiomes, citadel, artifacts, yungsapi, mcwstairs, mixinextras, bookshelf, sophisticatedbackpacks, betterdeserttemples, mcwdoors, balm, carryon, sodiumoptionsapi, betterfortresses, dungeons_arise_seven_seas, cloth_config, forge, travelerstitles, sodiumdynamiclights, konkrete, embeddium, rubidium, mcwpaths, dungeons_arise, minecraft, mcwbridges, alexscaves, trade_cycling, enchdesc, terrablender, fabric_api_base, mousetweaks, mcwtrpdoors, mcwfences, yungsbridges, born_in_chaos_v1, curios, collective, yungsextras, betterthirdperson, inventoryhud, betterstrongholds, tombstone, mcwroofs, architectury, mcwfurnitures, betterendisland, justzoom, framework, cosmeticarmorreworked, expandability, bettermineshafts, mcwlights, betterjungletemples]
[30Nov2025 14:23:58.203] [Netty Epoll Server IO #5/DEBUG] [net.minecraftforge.network.NetworkRegistry/NETREGISTRY]: Channel 'skinshuffle:skin_refresh' : Version test of 'ABSENT 🤔' from client : ACCEPTED
[30Nov2025 14:23:58.203] [Netty Epoll Server IO #5/DEBUG] [net.minecraftforge.network.NetworkRegistry/NETREGISTRY]: Channel 'alexscaves:main_channel' : Version test of '1' from client : ACCEPTED
[30Nov2025 14:23:58.203] [Netty Epoll Server IO #5/DEBUG] [net.minecraftforge.network.NetworkRegistry/NETREGISTRY]: Channel 'architectury:network' : Version test of '1' from client : ACCEPTED
[30Nov2025 14:23:58.203] [Netty Epoll Server IO #5/DEBUG] [net.minecraftforge.network.NetworkRegistry/NETREGISTRY]: Channel 'carryon:carryonpackets' : Version test of '1.0' from client : ACCEPTED
[30Nov2025 14:23:58.203] [Netty Epoll Server IO #5/DEBUG] [net.minecraftforge.network.NetworkRegistry/NETREGISTRY]: Channel 'minecraft:unregister' : Version test of 'FML3' from client : ACCEPTED
[30Nov2025 14:23:58.203] [Netty Epoll Server IO #5/DEBUG] [net.minecraftforge.network.NetworkRegistry/NETREGISTRY]: Channel 'sophisticatedbackpacks:channel' : Version test of '1' from client : ACCEPTED
[30Nov2025 14:23:58.203] [Netty Epoll Server IO #5/DEBUG] [net.minecraftforge.network.NetworkRegistry/NETREGISTRY]: Channel 'citadel:main_channel' : Version test of '1' from client : ACCEPTED
[30Nov2025 14:23:58.203] [Netty Epoll Server IO #5/DEBUG] [net.minecraftforge.network.NetworkRegistry/NETREGISTRY]: Channel 'born_in_chaos_v1:born_in_chaos_v1' : Version test of '1' from client : ACCEPTED
[30Nov2025 14:23:58.203] [Netty Epoll Server IO #5/DEBUG] [net.minecraftforge.network.NetworkRegistry/NETREGISTRY]: Channel 'journeymap:version' : Version test of '1' from client : ACCEPTED
[30Nov2025 14:23:58.203] [Netty Epoll Server IO #5/DEBUG] [net.minecraftforge.network.NetworkRegistry/NETREGISTRY]: Channel 'framework:play' : Version test of '1' from client : ACCEPTED
[30Nov2025 14:23:58.203] [Netty Epoll Server IO #5/DEBUG] [net.minecraftforge.network.NetworkRegistry/NETREGISTRY]: Channel 'trade_cycling:cycle_trades' : Version test of 'ALLOWVANILLA 💓💓💓' from client : ACCEPTED
[30Nov2025 14:23:58.203] [Netty Epoll Server IO #5/DEBUG] [net.minecraftforge.network.NetworkRegistry/NETREGISTRY]: Channel 'curios:main' : Version test of '1' from client : ACCEPTED
[30Nov2025 14:23:58.203] [Netty Epoll Server IO #5/DEBUG] [net.minecraftforge.network.NetworkRegistry/NETREGISTRY]: Channel 'worldinfo:world_id' : Version test of '1' from client : ACCEPTED
[30Nov2025 14:23:58.203] [Netty Epoll Server IO #5/DEBUG] [net.minecraftforge.network.NetworkRegistry/NETREGISTRY]: Channel 'balm:network' : Version test of '1.0' from client : ACCEPTED
[30Nov2025 14:23:58.203] [Netty Epoll Server IO #5/DEBUG] [net.minecraftforge.network.NetworkRegistry/NETREGISTRY]: Channel 'skinshuffle:handshake' : Version test of 'ABSENT 🤔' from client : ACCEPTED
[30Nov2025 14:23:58.203] [Netty Epoll Server IO #5/DEBUG] [net.minecraftforge.network.NetworkRegistry/NETREGISTRY]: Channel 'journeymap:admin_req' : Version test of '1' from client : ACCEPTED
[30Nov2025 14:23:58.203] [Netty Epoll Server IO #5/DEBUG] [net.minecraftforge.network.NetworkRegistry/NETREGISTRY]: Channel 'journeymap:mp_options_req' : Version test of '1' from client : ACCEPTED
[30Nov2025 14:23:58.203] [Netty Epoll Server IO #5/DEBUG] [net.minecraftforge.network.NetworkRegistry/NETREGISTRY]: Channel 'journeymap:waypoint' : Version test of '1' from client : ACCEPTED
[30Nov2025 14:23:58.204] [Netty Epoll Server IO #5/DEBUG] [net.minecraftforge.network.NetworkRegistry/NETREGISTRY]: Channel 'framework:handshake' : Version test of '1' from client : ACCEPTED
[30Nov2025 14:23:58.204] [Netty Epoll Server IO #5/DEBUG] [net.minecraftforge.network.NetworkRegistry/NETREGISTRY]: Channel 'fml:loginwrapper' : Version test of 'FML3' from client : ACCEPTED
[30Nov2025 14:23:58.204] [Netty Epoll Server IO #5/DEBUG] [net.minecraftforge.network.NetworkRegistry/NETREGISTRY]: Channel 'forge:tier_sorting' : Version test of '1.0' from client : ACCEPTED
[30Nov2025 14:23:58.204] [Netty Epoll Server IO #5/DEBUG] [net.minecraftforge.network.NetworkRegistry/NETREGISTRY]: Channel 'tombstone:tombstone_channel' : Version test of 'tombstone-9.0.9' from client : ACCEPTED
[30Nov2025 14:23:58.204] [Netty Epoll Server IO #5/DEBUG] [net.minecraftforge.network.NetworkRegistry/NETREGISTRY]: Channel 'cosmeticarmorreworked:main' : Version test of '2' from client : ACCEPTED
[30Nov2025 14:23:58.204] [Netty Epoll Server IO #5/DEBUG] [net.minecraftforge.network.NetworkRegistry/NETREGISTRY]: Channel 'fml:play' : Version test of 'FML3' from client : ACCEPTED
[30Nov2025 14:23:58.204] [Netty Epoll Server IO #5/DEBUG] [net.minecraftforge.network.NetworkRegistry/NETREGISTRY]: Channel 'yungscavebiomes:messages' : Version test of '1.0' from client : ACCEPTED
[30Nov2025 14:23:58.204] [Netty Epoll Server IO #5/DEBUG] [net.minecraftforge.network.NetworkRegistry/NETREGISTRY]: Channel 'journeymap:player_loc' : Version test of '1' from client : ACCEPTED
[30Nov2025 14:23:58.204] [Netty Epoll Server IO #5/DEBUG] [net.minecraftforge.network.NetworkRegistry/NETREGISTRY]: Channel 'journeymap:admin_save' : Version test of '1' from client : ACCEPTED
[30Nov2025 14:23:58.204] [Netty Epoll Server IO #5/DEBUG] [net.minecraftforge.network.NetworkRegistry/NETREGISTRY]: Channel 'sophisticatedcore:channel' : Version test of '1' from client : ACCEPTED
[30Nov2025 14:23:58.204] [Netty Epoll Server IO #5/DEBUG] [net.minecraftforge.network.NetworkRegistry/NETREGISTRY]: Channel 'journeymap:teleport_req' : Version test of '1' from client : ACCEPTED
[30Nov2025 14:23:58.204] [Netty Epoll Server IO #5/DEBUG] [net.minecraftforge.network.NetworkRegistry/NETREGISTRY]: Channel 'fml:handshake' : Version test of 'FML3' from client : ACCEPTED
[30Nov2025 14:23:58.204] [Netty Epoll Server IO #5/DEBUG] [net.minecraftforge.network.NetworkRegistry/NETREGISTRY]: Channel 'journeymap:common' : Version test of '1' from client : ACCEPTED
[30Nov2025 14:23:58.204] [Netty Epoll Server IO #5/DEBUG] [net.minecraftforge.network.NetworkRegistry/NETREGISTRY]: Channel 'minecraft:register' : Version test of 'FML3' from client : ACCEPTED
[30Nov2025 14:23:58.204] [Netty Epoll Server IO #5/DEBUG] [net.minecraftforge.network.NetworkRegistry/NETREGISTRY]: Channel 'forge:split' : Version test of '1.1' from client : ACCEPTED
[30Nov2025 14:23:58.204] [Netty Epoll Server IO #5/DEBUG] [net.minecraftforge.network.NetworkRegistry/NETREGISTRY]: Channel 'journeymap:perm_req' : Version test of '1' from client : ACCEPTED
[30Nov2025 14:23:58.204] [Netty Epoll Server IO #5/DEBUG] [net.minecraftforge.network.NetworkRegistry/NETREGISTRY]: Channel 'geckolib:main' : Version test of '1' from client : ACCEPTED
[30Nov2025 14:23:58.204] [Netty Epoll Server IO #5/DEBUG] [net.minecraftforge.network.NetworkRegistry/NETREGISTRY]: Channel 'waystones:network' : Version test of '1.0' from client : ACCEPTED
[30Nov2025 14:23:58.204] [Netty Epoll Server IO #5/DEBUG] [net.minecraftforge.network.NetworkRegistry/NETREGISTRY]: Channel 'skinshuffle:refresh' : Version test of 'ABSENT 🤔' from client : ACCEPTED
[30Nov2025 14:23:58.204] [Netty Epoll Server IO #5/DEBUG] [net.minecraftforge.network.NetworkRegistry/NETREGISTRY]: Accepting channel list from client
[30Nov2025 14:23:58.204] [Netty Epoll Server IO #5/DEBUG] [net.minecraftforge.network.HandshakeHandler/FMLHANDSHAKE]: Accepted client connection mod list
[30Nov2025 14:23:58.210] [Server thread/DEBUG] [net.minecraftforge.network.HandshakeHandler/FMLHANDSHAKE]: Sending ticking packet info 'Registry minecraft:particle_type' to 'fml:handshake' sequence 5
[30Nov2025 14:23:58.251] [Netty Epoll Server IO #5/DEBUG] [net.minecraftforge.network.LoginWrapper/FMLHANDSHAKE]: Recieved login wrapper packet event for channel fml:handshake with index 2
[30Nov2025 14:23:58.251] [Netty Epoll Server IO #5/DEBUG] [net.minecraftforge.network.HandshakeHandler/FMLHANDSHAKE]: Received client indexed reply 2 of type net.minecraftforge.network.HandshakeMessages$C2SAcknowledge
[30Nov2025 14:23:58.251] [Netty Epoll Server IO #5/DEBUG] [net.minecraftforge.network.HandshakeHandler/FMLHANDSHAKE]: Received acknowledgement from client
[30Nov2025 14:23:58.258] [Server thread/DEBUG] [net.minecraftforge.network.HandshakeHandler/FMLHANDSHAKE]: Sending ticking packet info 'Registry minecraft:villager_profession' to 'fml:handshake' sequence 6
[30Nov2025 14:23:58.285] [Netty Epoll Server IO #5/DEBUG] [net.minecraftforge.network.LoginWrapper/FMLHANDSHAKE]: Recieved login wrapper packet event for channel fml:handshake with index 3
[30Nov2025 14:23:58.285] [Netty Epoll Server IO #5/DEBUG] [net.minecraftforge.network.HandshakeHandler/FMLHANDSHAKE]: Received client indexed reply 3 of type net.minecraftforge.network.HandshakeMessages$C2SAcknowledge
[30Nov2025 14:23:58.285] [Netty Epoll Server IO #5/DEBUG] [net.minecraftforge.network.HandshakeHandler/FMLHANDSHAKE]: Received acknowledgement from client
[30Nov2025 14:23:58.307] [Server thread/DEBUG] [net.minecraftforge.network.HandshakeHandler/FMLHANDSHAKE]: Sending ticking packet info 'Registry minecraft:item' to 'fml:handshake' sequence 7
[30Nov2025 14:23:58.359] [Server thread/DEBUG] [net.minecraftforge.network.HandshakeHandler/FMLHANDSHAKE]: Sending ticking packet info 'Registry minecraft:potion' to 'fml:handshake' sequence 8
[30Nov2025 14:23:58.408] [Server thread/DEBUG] [net.minecraftforge.network.HandshakeHandler/FMLHANDSHAKE]: Sending ticking packet info 'Registry minecraft:painting_variant' to 'fml:handshake' sequence 9
[30Nov2025 14:23:58.458] [Server thread/DEBUG] [net.minecraftforge.network.HandshakeHandler/FMLHANDSHAKE]: Sending ticking packet info 'Registry forge:fluid_type' to 'fml:handshake' sequence 10
[30Nov2025 14:23:58.510] [Server thread/DEBUG] [net.minecraftforge.network.HandshakeHandler/FMLHANDSHAKE]: Sending ticking packet info 'Registry minecraft:block_entity_type' to 'fml:handshake' sequence 11
[30Nov2025 14:23:58.558] [Server thread/DEBUG] [net.minecraftforge.network.HandshakeHandler/FMLHANDSHAKE]: Sending ticking packet info 'Registry forge:display_contexts' to 'fml:handshake' sequence 12
[30Nov2025 14:23:58.607] [Server thread/DEBUG] [net.minecraftforge.network.HandshakeHandler/FMLHANDSHAKE]: Sending ticking packet info 'Registry minecraft:block' to 'fml:handshake' sequence 13
[30Nov2025 14:23:58.659] [Server thread/DEBUG] [net.minecraftforge.network.HandshakeHandler/FMLHANDSHAKE]: Sending ticking packet info 'Registry forge:entity_data_serializers' to 'fml:handshake' sequence 14
[30Nov2025 14:23:58.708] [Server thread/DEBUG] [net.minecraftforge.network.HandshakeHandler/FMLHANDSHAKE]: Sending ticking packet info 'Registry minecraft:mob_effect' to 'fml:handshake' sequence 15
[30Nov2025 14:23:58.716] [Netty Epoll Server IO #5/DEBUG] [net.minecraftforge.network.LoginWrapper/FMLHANDSHAKE]: Recieved login wrapper packet event for channel fml:handshake with index 4
[30Nov2025 14:23:58.717] [Netty Epoll Server IO #5/DEBUG] [net.minecraftforge.network.HandshakeHandler/FMLHANDSHAKE]: Received client indexed reply 4 of type net.minecraftforge.network.HandshakeMessages$C2SAcknowledge
[30Nov2025 14:23:58.717] [Netty Epoll Server IO #5/DEBUG] [net.minecraftforge.network.HandshakeHandler/FMLHANDSHAKE]: Received acknowledgement from client
[30Nov2025 14:23:58.717] [Netty Epoll Server IO #5/DEBUG] [net.minecraftforge.network.LoginWrapper/FMLHANDSHAKE]: Recieved login wrapper packet event for channel fml:handshake with index 5
[30Nov2025 14:23:58.717] [Netty Epoll Server IO #5/DEBUG] [net.minecraftforge.network.HandshakeHandler/FMLHANDSHAKE]: Received client indexed reply 5 of type net.minecraftforge.network.HandshakeMessages$C2SAcknowledge
[30Nov2025 14:23:58.717] [Netty Epoll Server IO #5/DEBUG] [net.minecraftforge.network.HandshakeHandler/FMLHANDSHAKE]: Received acknowledgement from client
[30Nov2025 14:23:58.717] [Netty Epoll Server IO #5/DEBUG] [net.minecraftforge.network.LoginWrapper/FMLHANDSHAKE]: Recieved login wrapper packet event for channel fml:handshake with index 6
[30Nov2025 14:23:58.717] [Netty Epoll Server IO #5/DEBUG] [net.minecraftforge.network.HandshakeHandler/FMLHANDSHAKE]: Received client indexed reply 6 of type net.minecraftforge.network.HandshakeMessages$C2SAcknowledge
[30Nov2025 14:23:58.717] [Netty Epoll Server IO #5/DEBUG] [net.minecraftforge.network.HandshakeHandler/FMLHANDSHAKE]: Received acknowledgement from client
[30Nov2025 14:23:58.759] [Server thread/DEBUG] [net.minecraftforge.network.HandshakeHandler/FMLHANDSHAKE]: Sending ticking packet info 'Registry minecraft:stat_type' to 'fml:handshake' sequence 16
[30Nov2025 14:23:58.808] [Server thread/DEBUG] [net.minecraftforge.network.HandshakeHandler/FMLHANDSHAKE]: Sending ticking packet info 'Registry tombstone:perks' to 'fml:handshake' sequence 17
[30Nov2025 14:23:58.856] [Server thread/DEBUG] [net.minecraftforge.network.HandshakeHandler/FMLHANDSHAKE]: Sending ticking packet info 'Registry minecraft:menu' to 'fml:handshake' sequence 18
[30Nov2025 14:23:58.907] [Server thread/DEBUG] [net.minecraftforge.network.HandshakeHandler/FMLHANDSHAKE]: Sending ticking packet info 'Registry minecraft:enchantment' to 'fml:handshake' sequence 19
[30Nov2025 14:23:58.958] [Server thread/DEBUG] [net.minecraftforge.network.HandshakeHandler/FMLHANDSHAKE]: Sending ticking packet info 'Registry minecraft:fluid' to 'fml:handshake' sequence 20
[30Nov2025 14:23:59.010] [Server thread/DEBUG] [net.minecraftforge.network.HandshakeHandler/FMLHANDSHAKE]: Sending ticking packet info 'Registry minecraft:entity_type' to 'fml:handshake' sequence 21
[30Nov2025 14:23:59.055] [Server thread/DEBUG] [net.minecraftforge.network.HandshakeHandler/FMLHANDSHAKE]: Sending ticking packet info 'Config journeymap-server.toml' to 'fml:handshake' sequence 22
[30Nov2025 14:23:59.107] [Server thread/DEBUG] [net.minecraftforge.network.HandshakeHandler/FMLHANDSHAKE]: Sending ticking packet info 'Config curios-server.toml' to 'fml:handshake' sequence 23
[30Nov2025 14:23:59.149] [Netty Epoll Server IO #5/DEBUG] [net.minecraftforge.network.LoginWrapper/FMLHANDSHAKE]: Recieved login wrapper packet event for channel fml:handshake with index 7
[30Nov2025 14:23:59.149] [Netty Epoll Server IO #5/DEBUG] [net.minecraftforge.network.HandshakeHandler/FMLHANDSHAKE]: Received client indexed reply 7 of type net.minecraftforge.network.HandshakeMessages$C2SAcknowledge
[30Nov2025 14:23:59.149] [Netty Epoll Server IO #5/DEBUG] [net.minecraftforge.network.HandshakeHandler/FMLHANDSHAKE]: Received acknowledgement from client
[30Nov2025 14:23:59.153] [Netty Epoll Server IO #5/DEBUG] [net.minecraftforge.network.LoginWrapper/FMLHANDSHAKE]: Recieved login wrapper packet event for channel fml:handshake with index 8
[30Nov2025 14:23:59.153] [Netty Epoll Server IO #5/DEBUG] [net.minecraftforge.network.HandshakeHandler/FMLHANDSHAKE]: Received client indexed reply 8 of type net.minecraftforge.network.HandshakeMessages$C2SAcknowledge
[30Nov2025 14:23:59.153] [Netty Epoll Server IO #5/DEBUG] [net.minecraftforge.network.HandshakeHandler/FMLHANDSHAKE]: Received acknowledgement from client
[30Nov2025 14:23:59.154] [Netty Epoll Server IO #5/DEBUG] [net.minecraftforge.network.LoginWrapper/FMLHANDSHAKE]: Recieved login wrapper packet event for channel fml:handshake with index 9
[30Nov2025 14:23:59.154] [Netty Epoll Server IO #5/DEBUG] [net.minecraftforge.network.HandshakeHandler/FMLHANDSHAKE]: Received client indexed reply 9 of type net.minecraftforge.network.HandshakeMessages$C2SAcknowledge
[30Nov2025 14:23:59.154] [Netty Epoll Server IO #5/DEBUG] [net.minecraftforge.network.HandshakeHandler/FMLHANDSHAKE]: Received acknowledgement from client
[30Nov2025 14:23:59.155] [Netty Epoll Server IO #5/DEBUG] [net.minecraftforge.network.LoginWrapper/FMLHANDSHAKE]: Recieved login wrapper packet event for channel fml:handshake with index 10
[30Nov2025 14:23:59.155] [Netty Epoll Server IO #5/DEBUG] [net.minecraftforge.network.HandshakeHandler/FMLHANDSHAKE]: Received client indexed reply 10 of type net.minecraftforge.network.HandshakeMessages$C2SAcknowledge
[30Nov2025 14:23:59.155] [Netty Epoll Server IO #5/DEBUG] [net.minecraftforge.network.HandshakeHandler/FMLHANDSHAKE]: Received acknowledgement from client
[30Nov2025 14:23:59.160] [Netty Epoll Server IO #5/DEBUG] [net.minecraftforge.network.LoginWrapper/FMLHANDSHAKE]: Recieved login wrapper packet event for channel fml:handshake with index 11
[30Nov2025 14:23:59.160] [Netty Epoll Server IO #5/DEBUG] [net.minecraftforge.network.HandshakeHandler/FMLHANDSHAKE]: Received client indexed reply 11 of type net.minecraftforge.network.HandshakeMessages$C2SAcknowledge
[30Nov2025 14:23:59.160] [Netty Epoll Server IO #5/DEBUG] [net.minecraftforge.network.HandshakeHandler/FMLHANDSHAKE]: Received acknowledgement from client
[30Nov2025 14:23:59.160] [Netty Epoll Server IO #5/DEBUG] [net.minecraftforge.network.LoginWrapper/FMLHANDSHAKE]: Recieved login wrapper packet event for channel fml:handshake with index 12
[30Nov2025 14:23:59.160] [Server thread/DEBUG] [net.minecraftforge.network.HandshakeHandler/FMLHANDSHAKE]: Sending ticking packet info 'Config tombstone-server.toml' to 'fml:handshake' sequence 24
[30Nov2025 14:23:59.160] [Netty Epoll Server IO #5/DEBUG] [net.minecraftforge.network.HandshakeHandler/FMLHANDSHAKE]: Received client indexed reply 12 of type net.minecraftforge.network.HandshakeMessages$C2SAcknowledge
[30Nov2025 14:23:59.160] [Netty Epoll Server IO #5/DEBUG] [net.minecraftforge.network.HandshakeHandler/FMLHANDSHAKE]: Received acknowledgement from client
[30Nov2025 14:23:59.209] [Server thread/DEBUG] [net.minecraftforge.network.HandshakeHandler/FMLHANDSHAKE]: Sending ticking packet info 'Config fastleafdecay-server.toml' to 'fml:handshake' sequence 25
[30Nov2025 14:23:59.257] [Server thread/DEBUG] [net.minecraftforge.network.HandshakeHandler/FMLHANDSHAKE]: Sending ticking packet info 'Config sophisticatedbackpacks-server.toml' to 'fml:handshake' sequence 26
[30Nov2025 14:23:59.309] [Server thread/DEBUG] [net.minecraftforge.network.HandshakeHandler/FMLHANDSHAKE]: Sending ticking packet info 'Config forge-server.toml' to 'fml:handshake' sequence 27
[30Nov2025 14:23:59.347] [Netty Epoll Server IO #5/DEBUG] [net.minecraftforge.network.LoginWrapper/FMLHANDSHAKE]: Recieved login wrapper packet event for channel fml:handshake with index 13
[30Nov2025 14:23:59.347] [Netty Epoll Server IO #5/DEBUG] [net.minecraftforge.network.HandshakeHandler/FMLHANDSHAKE]: Received client indexed reply 13 of type net.minecraftforge.network.HandshakeMessages$C2SAcknowledge
[30Nov2025 14:23:59.347] [Netty Epoll Server IO #5/DEBUG] [net.minecraftforge.network.HandshakeHandler/FMLHANDSHAKE]: Received acknowledgement from client
[30Nov2025 14:23:59.348] [Netty Epoll Server IO #5/DEBUG] [net.minecraftforge.network.LoginWrapper/FMLHANDSHAKE]: Recieved login wrapper packet event for channel fml:handshake with index 14
[30Nov2025 14:23:59.348] [Netty Epoll Server IO #5/DEBUG] [net.minecraftforge.network.HandshakeHandler/FMLHANDSHAKE]: Received client indexed reply 14 of type net.minecraftforge.network.HandshakeMessages$C2SAcknowledge
[30Nov2025 14:23:59.348] [Netty Epoll Server IO #5/DEBUG] [net.minecraftforge.network.HandshakeHandler/FMLHANDSHAKE]: Received acknowledgement from client
[30Nov2025 14:23:59.348] [Netty Epoll Server IO #5/DEBUG] [net.minecraftforge.network.LoginWrapper/FMLHANDSHAKE]: Recieved login wrapper packet event for channel fml:handshake with index 15
[30Nov2025 14:23:59.348] [Netty Epoll Server IO #5/DEBUG] [net.minecraftforge.network.HandshakeHandler/FMLHANDSHAKE]: Received client indexed reply 15 of type net.minecraftforge.network.HandshakeMessages$C2SAcknowledge
[30Nov2025 14:23:59.348] [Netty Epoll Server IO #5/DEBUG] [net.minecraftforge.network.HandshakeHandler/FMLHANDSHAKE]: Received acknowledgement from client
[30Nov2025 14:23:59.353] [Netty Epoll Server IO #5/DEBUG] [net.minecraftforge.network.LoginWrapper/FMLHANDSHAKE]: Recieved login wrapper packet event for channel fml:handshake with index 16
[30Nov2025 14:23:59.353] [Netty Epoll Server IO #5/DEBUG] [net.minecraftforge.network.HandshakeHandler/FMLHANDSHAKE]: Received client indexed reply 16 of type net.minecraftforge.network.HandshakeMessages$C2SAcknowledge
[30Nov2025 14:23:59.353] [Netty Epoll Server IO #5/DEBUG] [net.minecraftforge.network.HandshakeHandler/FMLHANDSHAKE]: Received acknowledgement from client
[30Nov2025 14:23:59.354] [Netty Epoll Server IO #5/DEBUG] [net.minecraftforge.network.LoginWrapper/FMLHANDSHAKE]: Recieved login wrapper packet event for channel fml:handshake with index 17
[30Nov2025 14:23:59.354] [Netty Epoll Server IO #5/DEBUG] [net.minecraftforge.network.HandshakeHandler/FMLHANDSHAKE]: Received client indexed reply 17 of type net.minecraftforge.network.HandshakeMessages$C2SAcknowledge
[30Nov2025 14:23:59.354] [Netty Epoll Server IO #5/DEBUG] [net.minecraftforge.network.HandshakeHandler/FMLHANDSHAKE]: Received acknowledgement from client
[30Nov2025 14:23:59.354] [Netty Epoll Server IO #5/DEBUG] [net.minecraftforge.network.LoginWrapper/FMLHANDSHAKE]: Recieved login wrapper packet event for channel fml:handshake with index 18
[30Nov2025 14:23:59.354] [Netty Epoll Server IO #5/DEBUG] [net.minecraftforge.network.HandshakeHandler/FMLHANDSHAKE]: Received client indexed reply 18 of type net.minecraftforge.network.HandshakeMessages$C2SAcknowledge
[30Nov2025 14:23:59.354] [Netty Epoll Server IO #5/DEBUG] [net.minecraftforge.network.HandshakeHandler/FMLHANDSHAKE]: Received acknowledgement from client
[30Nov2025 14:23:59.355] [Netty Epoll Server IO #5/DEBUG] [net.minecraftforge.network.LoginWrapper/FMLHANDSHAKE]: Recieved login wrapper packet event for channel fml:handshake with index 19
[30Nov2025 14:23:59.355] [Netty Epoll Server IO #5/DEBUG] [net.minecraftforge.network.HandshakeHandler/FMLHANDSHAKE]: Received client indexed reply 19 of type net.minecraftforge.network.HandshakeMessages$C2SAcknowledge
[30Nov2025 14:23:59.355] [Netty Epoll Server IO #5/DEBUG] [net.minecraftforge.network.HandshakeHandler/FMLHANDSHAKE]: Received acknowledgement from client
[30Nov2025 14:23:59.356] [Netty Epoll Server IO #5/DEBUG] [net.minecraftforge.network.LoginWrapper/FMLHANDSHAKE]: Recieved login wrapper packet event for channel fml:handshake with index 20
[30Nov2025 14:23:59.356] [Netty Epoll Server IO #5/DEBUG] [net.minecraftforge.network.HandshakeHandler/FMLHANDSHAKE]: Received client indexed reply 20 of type net.minecraftforge.network.HandshakeMessages$C2SAcknowledge
[30Nov2025 14:23:59.356] [Netty Epoll Server IO #5/DEBUG] [net.minecraftforge.network.HandshakeHandler/FMLHANDSHAKE]: Received acknowledgement from client
[30Nov2025 14:24:04.652] [Netty Epoll Server IO #5/DEBUG] [net.minecraftforge.network.LoginWrapper/FMLHANDSHAKE]: Recieved login wrapper packet event for channel fml:handshake with index 21
[30Nov2025 14:24:04.653] [Netty Epoll Server IO #5/DEBUG] [net.minecraftforge.network.HandshakeHandler/FMLHANDSHAKE]: Received client indexed reply 21 of type net.minecraftforge.network.HandshakeMessages$C2SAcknowledge
[30Nov2025 14:24:04.653] [Netty Epoll Server IO #5/DEBUG] [net.minecraftforge.network.HandshakeHandler/FMLHANDSHAKE]: Received acknowledgement from client
[30Nov2025 14:24:04.656] [Netty Epoll Server IO #5/DEBUG] [net.minecraftforge.network.LoginWrapper/FMLHANDSHAKE]: Recieved login wrapper packet event for channel fml:handshake with index 22
[30Nov2025 14:24:04.656] [Netty Epoll Server IO #5/DEBUG] [net.minecraftforge.network.HandshakeHandler/FMLHANDSHAKE]: Received client indexed reply 22 of type net.minecraftforge.network.HandshakeMessages$C2SAcknowledge
[30Nov2025 14:24:04.656] [Netty Epoll Server IO #5/DEBUG] [net.minecraftforge.network.HandshakeHandler/FMLHANDSHAKE]: Received acknowledgement from client
[30Nov2025 14:24:04.660] [Netty Epoll Server IO #5/DEBUG] [net.minecraftforge.network.LoginWrapper/FMLHANDSHAKE]: Recieved login wrapper packet event for channel fml:handshake with index 23
[30Nov2025 14:24:04.660] [Netty Epoll Server IO #5/DEBUG] [net.minecraftforge.network.HandshakeHandler/FMLHANDSHAKE]: Received client indexed reply 23 of type net.minecraftforge.network.HandshakeMessages$C2SAcknowledge
[30Nov2025 14:24:04.660] [Netty Epoll Server IO #5/DEBUG] [net.minecraftforge.network.HandshakeHandler/FMLHANDSHAKE]: Received acknowledgement from client
[30Nov2025 14:24:04.666] [Netty Epoll Server IO #5/DEBUG] [net.minecraftforge.network.LoginWrapper/FMLHANDSHAKE]: Recieved login wrapper packet event for channel fml:handshake with index 24
[30Nov2025 14:24:04.666] [Netty Epoll Server IO #5/DEBUG] [net.minecraftforge.network.HandshakeHandler/FMLHANDSHAKE]: Received client indexed reply 24 of type net.minecraftforge.network.HandshakeMessages$C2SAcknowledge
[30Nov2025 14:24:04.666] [Netty Epoll Server IO #5/DEBUG] [net.minecraftforge.network.HandshakeHandler/FMLHANDSHAKE]: Received acknowledgement from client
[30Nov2025 14:24:04.668] [Netty Epoll Server IO #5/DEBUG] [net.minecraftforge.network.LoginWrapper/FMLHANDSHAKE]: Recieved login wrapper packet event for channel fml:handshake with index 25
[30Nov2025 14:24:04.668] [Netty Epoll Server IO #5/DEBUG] [net.minecraftforge.network.HandshakeHandler/FMLHANDSHAKE]: Received client indexed reply 25 of type net.minecraftforge.network.HandshakeMessages$C2SAcknowledge
[30Nov2025 14:24:04.668] [Netty Epoll Server IO #5/DEBUG] [net.minecraftforge.network.HandshakeHandler/FMLHANDSHAKE]: Received acknowledgement from client
[30Nov2025 14:24:04.679] [Netty Epoll Server IO #5/DEBUG] [net.minecraftforge.network.LoginWrapper/FMLHANDSHAKE]: Recieved login wrapper packet event for channel fml:handshake with index 26
[30Nov2025 14:24:04.679] [Netty Epoll Server IO #5/DEBUG] [net.minecraftforge.network.HandshakeHandler/FMLHANDSHAKE]: Received client indexed reply 26 of type net.minecraftforge.network.HandshakeMessages$C2SAcknowledge
[30Nov2025 14:24:04.679] [Netty Epoll Server IO #5/DEBUG] [net.minecraftforge.network.HandshakeHandler/FMLHANDSHAKE]: Received acknowledgement from client
[30Nov2025 14:24:04.681] [Netty Epoll Server IO #5/DEBUG] [net.minecraftforge.network.LoginWrapper/FMLHANDSHAKE]: Recieved login wrapper packet event for channel fml:handshake with index 27
[30Nov2025 14:24:04.681] [Netty Epoll Server IO #5/DEBUG] [net.minecraftforge.network.HandshakeHandler/FMLHANDSHAKE]: Received client indexed reply 27 of type net.minecraftforge.network.HandshakeMessages$C2SAcknowledge
[30Nov2025 14:24:04.681] [Netty Epoll Server IO #5/DEBUG] [net.minecraftforge.network.HandshakeHandler/FMLHANDSHAKE]: Received acknowledgement from client
[30Nov2025 14:24:04.712] [Server thread/DEBUG] [net.minecraftforge.network.HandshakeHandler/FMLHANDSHAKE]: Handshake complete!
[30Nov2025 14:24:04.759] [ForkJoinPool.commonPool-worker-2/DEBUG] [SkinRestorer/]: Fetching Ben_By's skin
[30Nov2025 14:24:04.885] [Server thread/INFO] [net.minecraft.server.players.PlayerList/]: Ben_By[/100.80.25.100:56000] logged in with entity id 804 at (848.8911577513604, 68.0625, 7.576753981424711)
[30Nov2025 14:24:04.886] [Server thread/DEBUG] [net.minecraftforge.network.filters.NetworkFilters/]: Injected net.minecraftforge.network.filters.ForgeConnectionNetworkFilter@15d98acd into net.minecraft.network.Connection@3f2c7602
[30Nov2025 14:24:04.930] [Server thread/INFO] [net.minecraft.server.MinecraftServer/]: Ben_By joined the game
[30Nov2025 14:25:05.047] [Server thread/DEBUG] [yungscavebiomes/]: STOPPING SANDSTORM in minecraft:overworld
[30Nov2025 14:25:21.612] [Server thread/DEBUG] [clumps/]: Loaded com.blamejared.clumps.platform.ForgeEventHandler@4ef4ba23 for service interface com.blamejared.clumps.platform.IEventHelper
[30Nov2025 14:25:21.613] [Server thread/DEBUG] [clumps/]: Loaded com.blamejared.clumps.platform.ForgePlatformHelper@425e1ffe for service interface com.blamejared.clumps.platform.IPlatformHelper
[30Nov2025 14:25:38.290] [Server thread/DEBUG] [net.minecraftforge.common.ForgeHooks/WP]: Gathering id map for writing to world save world
[30Nov2025 14:25:38.310] [Server thread/DEBUG] [net.minecraftforge.common.ForgeHooks/WP]: ID Map collection complete world
[30Nov2025 14:29:53.058] [Server thread/DEBUG] [yungscavebiomes/]: Starting sandstorm in minecraft:the_end
[30Nov2025 14:30:38.241] [Server thread/DEBUG] [net.minecraftforge.common.ForgeHooks/WP]: Gathering id map for writing to world save world
[30Nov2025 14:30:38.257] [Server thread/DEBUG] [net.minecraftforge.common.ForgeHooks/WP]: ID Map collection complete world
[30Nov2025 14:31:46.561] [Server thread/DEBUG] [mixin/]: Mixing accessors.item.AccessorCooldownInstance from bookshelf.common.mixins.json into net.minecraft.world.item.ItemCooldowns$CooldownInstance
[30Nov2025 14:32:02.740] [Server thread/INFO] [net.minecraft.server.MinecraftServer/]: Ben_By has made the advancement [Ambush]
[30Nov2025 14:32:02.741] [Server thread/INFO] [net.minecraft.server.MinecraftServer/]: Ben_By has made the advancement [Voluntary Exile]
[30Nov2025 14:35:38.239] [Server thread/DEBUG] [net.minecraftforge.common.ForgeHooks/WP]: Gathering id map for writing to world save world
[30Nov2025 14:35:38.253] [Server thread/DEBUG] [net.minecraftforge.common.ForgeHooks/WP]: ID Map collection complete world
[30Nov2025 14:36:17.059] [Server thread/DEBUG] [yungscavebiomes/]: STOPPING SANDSTORM in minecraft:the_end
[30Nov2025 14:36:27.060] [Server thread/DEBUG] [yungscavebiomes/]: Starting sandstorm in minecraft:the_nether
[30Nov2025 14:38:21.409] [Server thread/INFO] [net.minecraft.server.network.ServerGamePacketListenerImpl/]: Ben_By lost connection: Timed out
[30Nov2025 14:38:21.409] [Server thread/INFO] [net.minecraft.server.MinecraftServer/]: Ben_By left the game
[30Nov2025 14:38:21.462] [Server thread/WARN] [net.minecraft.network.Connection/]: handleDisconnection() called twice
[30Nov2025 14:40:38.229] [Server thread/DEBUG] [net.minecraftforge.common.ForgeHooks/WP]: Gathering id map for writing to world save world
[30Nov2025 14:40:38.242] [Server thread/DEBUG] [net.minecraftforge.common.ForgeHooks/WP]: ID Map collection complete world
[30Nov2025 14:41:37.238] [Netty Epoll Server IO #7/DEBUG] [net.minecraftforge.network.HandshakeHandler/FMLHANDSHAKE]: Starting new modded impl connection. Found 28 messages to dispatch.
[30Nov2025 14:41:37.258] [Server thread/DEBUG] [net.minecraftforge.network.HandshakeHandler/FMLHANDSHAKE]: Sending ticking packet info 'net.minecraftforge.network.HandshakeMessages$S2CModData' to 'fml:handshake' sequence 0
[30Nov2025 14:41:37.308] [Server thread/DEBUG] [net.minecraftforge.network.HandshakeHandler/FMLHANDSHAKE]: Sending ticking packet info 'net.minecraftforge.network.HandshakeMessages$S2CModList' to 'fml:handshake' sequence 1
[30Nov2025 14:41:37.357] [Server thread/DEBUG] [net.minecraftforge.network.HandshakeHandler/FMLHANDSHAKE]: Sending ticking packet info 'Registry minecraft:command_argument_type' to 'fml:handshake' sequence 2
[30Nov2025 14:41:37.407] [Server thread/DEBUG] [net.minecraftforge.network.HandshakeHandler/FMLHANDSHAKE]: Sending ticking packet info 'Registry minecraft:recipe_serializer' to 'fml:handshake' sequence 3
[30Nov2025 14:41:37.456] [Server thread/DEBUG] [net.minecraftforge.network.HandshakeHandler/FMLHANDSHAKE]: Sending ticking packet info 'Registry minecraft:sound_event' to 'fml:handshake' sequence 4
[30Nov2025 14:41:37.498] [Netty Epoll Server IO #7/DEBUG] [net.minecraftforge.network.LoginWrapper/FMLHANDSHAKE]: Recieved login wrapper packet event for channel fml:handshake with index 1
[30Nov2025 14:41:37.499] [Netty Epoll Server IO #7/DEBUG] [net.minecraftforge.network.HandshakeHandler/FMLHANDSHAKE]: Received client indexed reply 1 of type net.minecraftforge.network.HandshakeMessages$C2SModListReply
[30Nov2025 14:41:37.499] [Netty Epoll Server IO #7/DEBUG] [net.minecraftforge.network.HandshakeHandler/FMLHANDSHAKE]: Received client connection with modlist [betterdungeons, kuma_api, betterwitchhuts, geckolib, jei, betteroceanmonuments, goblintraders, mcwwindows, sophisticatedcore, waystones, villagernames, mcwpaintings, journeymap, yungscavebiomes, citadel, artifacts, yungsapi, mcwstairs, mixinextras, bookshelf, sophisticatedbackpacks, betterdeserttemples, mcwdoors, balm, carryon, sodiumoptionsapi, betterfortresses, dungeons_arise_seven_seas, cloth_config, forge, travelerstitles, sodiumdynamiclights, konkrete, embeddium, rubidium, mcwpaths, dungeons_arise, minecraft, mcwbridges, alexscaves, trade_cycling, enchdesc, terrablender, fabric_api_base, mousetweaks, mcwtrpdoors, mcwfences, yungsbridges, born_in_chaos_v1, curios, collective, yungsextras, betterthirdperson, inventoryhud, betterstrongholds, tombstone, mcwroofs, architectury, mcwfurnitures, betterendisland, justzoom, framework, cosmeticarmorreworked, expandability, bettermineshafts, mcwlights, betterjungletemples]
[30Nov2025 14:41:37.499] [Netty Epoll Server IO #7/DEBUG] [net.minecraftforge.network.NetworkRegistry/NETREGISTRY]: Channel 'skinshuffle:skin_refresh' : Version test of 'ABSENT 🤔' from client : ACCEPTED
[30Nov2025 14:41:37.499] [Netty Epoll Server IO #7/DEBUG] [net.minecraftforge.network.NetworkRegistry/NETREGISTRY]: Channel 'alexscaves:main_channel' : Version test of '1' from client : ACCEPTED
[30Nov2025 14:41:37.499] [Netty Epoll Server IO #7/DEBUG] [net.minecraftforge.network.NetworkRegistry/NETREGISTRY]: Channel 'architectury:network' : Version test of '1' from client : ACCEPTED
[30Nov2025 14:41:37.499] [Netty Epoll Server IO #7/DEBUG] [net.minecraftforge.network.NetworkRegistry/NETREGISTRY]: Channel 'carryon:carryonpackets' : Version test of '1.0' from client : ACCEPTED
[30Nov2025 14:41:37.499] [Netty Epoll Server IO #7/DEBUG] [net.minecraftforge.network.NetworkRegistry/NETREGISTRY]: Channel 'minecraft:unregister' : Version test of 'FML3' from client : ACCEPTED
[30Nov2025 14:41:37.499] [Netty Epoll Server IO #7/DEBUG] [net.minecraftforge.network.NetworkRegistry/NETREGISTRY]: Channel 'sophisticatedbackpacks:channel' : Version test of '1' from client : ACCEPTED
[30Nov2025 14:41:37.499] [Netty Epoll Server IO #7/DEBUG] [net.minecraftforge.network.NetworkRegistry/NETREGISTRY]: Channel 'citadel:main_channel' : Version test of '1' from client : ACCEPTED
[30Nov2025 14:41:37.500] [Netty Epoll Server IO #7/DEBUG] [net.minecraftforge.network.NetworkRegistry/NETREGISTRY]: Channel 'born_in_chaos_v1:born_in_chaos_v1' : Version test of '1' from client : ACCEPTED
[30Nov2025 14:41:37.500] [Netty Epoll Server IO #7/DEBUG] [net.minecraftforge.network.NetworkRegistry/NETREGISTRY]: Channel 'journeymap:version' : Version test of '1' from client : ACCEPTED
[30Nov2025 14:41:37.500] [Netty Epoll Server IO #7/DEBUG] [net.minecraftforge.network.NetworkRegistry/NETREGISTRY]: Channel 'framework:play' : Version test of '1' from client : ACCEPTED
[30Nov2025 14:41:37.500] [Netty Epoll Server IO #7/DEBUG] [net.minecraftforge.network.NetworkRegistry/NETREGISTRY]: Channel 'trade_cycling:cycle_trades' : Version test of 'ALLOWVANILLA 💓💓💓' from client : ACCEPTED
[30Nov2025 14:41:37.500] [Netty Epoll Server IO #7/DEBUG] [net.minecraftforge.network.NetworkRegistry/NETREGISTRY]: Channel 'curios:main' : Version test of '1' from client : ACCEPTED
[30Nov2025 14:41:37.500] [Netty Epoll Server IO #7/DEBUG] [net.minecraftforge.network.NetworkRegistry/NETREGISTRY]: Channel 'worldinfo:world_id' : Version test of '1' from client : ACCEPTED
[30Nov2025 14:41:37.500] [Netty Epoll Server IO #7/DEBUG] [net.minecraftforge.network.NetworkRegistry/NETREGISTRY]: Channel 'balm:network' : Version test of '1.0' from client : ACCEPTED
[30Nov2025 14:41:37.500] [Netty Epoll Server IO #7/DEBUG] [net.minecraftforge.network.NetworkRegistry/NETREGISTRY]: Channel 'skinshuffle:handshake' : Version test of 'ABSENT 🤔' from client : ACCEPTED
[30Nov2025 14:41:37.500] [Netty Epoll Server IO #7/DEBUG] [net.minecraftforge.network.NetworkRegistry/NETREGISTRY]: Channel 'journeymap:admin_req' : Version test of '1' from client : ACCEPTED
[30Nov2025 14:41:37.500] [Netty Epoll Server IO #7/DEBUG] [net.minecraftforge.network.NetworkRegistry/NETREGISTRY]: Channel 'journeymap:mp_options_req' : Version test of '1' from client : ACCEPTED
[30Nov2025 14:41:37.500] [Netty Epoll Server IO #7/DEBUG] [net.minecraftforge.network.NetworkRegistry/NETREGISTRY]: Channel 'journeymap:waypoint' : Version test of '1' from client : ACCEPTED
[30Nov2025 14:41:37.500] [Netty Epoll Server IO #7/DEBUG] [net.minecraftforge.network.NetworkRegistry/NETREGISTRY]: Channel 'framework:handshake' : Version test of '1' from client : ACCEPTED
[30Nov2025 14:41:37.500] [Netty Epoll Server IO #7/DEBUG] [net.minecraftforge.network.NetworkRegistry/NETREGISTRY]: Channel 'fml:loginwrapper' : Version test of 'FML3' from client : ACCEPTED
[30Nov2025 14:41:37.500] [Netty Epoll Server IO #7/DEBUG] [net.minecraftforge.network.NetworkRegistry/NETREGISTRY]: Channel 'forge:tier_sorting' : Version test of '1.0' from client : ACCEPTED
[30Nov2025 14:41:37.500] [Netty Epoll Server IO #7/DEBUG] [net.minecraftforge.network.NetworkRegistry/NETREGISTRY]: Channel 'tombstone:tombstone_channel' : Version test of 'tombstone-9.0.9' from client : ACCEPTED
[30Nov2025 14:41:37.500] [Netty Epoll Server IO #7/DEBUG] [net.minecraftforge.network.NetworkRegistry/NETREGISTRY]: Channel 'cosmeticarmorreworked:main' : Version test of '2' from client : ACCEPTED
[30Nov2025 14:41:37.500] [Netty Epoll Server IO #7/DEBUG] [net.minecraftforge.network.NetworkRegistry/NETREGISTRY]: Channel 'fml:play' : Version test of 'FML3' from client : ACCEPTED
[30Nov2025 14:41:37.500] [Netty Epoll Server IO #7/DEBUG] [net.minecraftforge.network.NetworkRegistry/NETREGISTRY]: Channel 'yungscavebiomes:messages' : Version test of '1.0' from client : ACCEPTED
[30Nov2025 14:41:37.500] [Netty Epoll Server IO #7/DEBUG] [net.minecraftforge.network.NetworkRegistry/NETREGISTRY]: Channel 'journeymap:player_loc' : Version test of '1' from client : ACCEPTED
[30Nov2025 14:41:37.500] [Netty Epoll Server IO #7/DEBUG] [net.minecraftforge.network.NetworkRegistry/NETREGISTRY]: Channel 'journeymap:admin_save' : Version test of '1' from client : ACCEPTED
[30Nov2025 14:41:37.500] [Netty Epoll Server IO #7/DEBUG] [net.minecraftforge.network.NetworkRegistry/NETREGISTRY]: Channel 'sophisticatedcore:channel' : Version test of '1' from client : ACCEPTED
[30Nov2025 14:41:37.500] [Netty Epoll Server IO #7/DEBUG] [net.minecraftforge.network.NetworkRegistry/NETREGISTRY]: Channel 'journeymap:teleport_req' : Version test of '1' from client : ACCEPTED
[30Nov2025 14:41:37.500] [Netty Epoll Server IO #7/DEBUG] [net.minecraftforge.network.NetworkRegistry/NETREGISTRY]: Channel 'fml:handshake' : Version test of 'FML3' from client : ACCEPTED
[30Nov2025 14:41:37.500] [Netty Epoll Server IO #7/DEBUG] [net.minecraftforge.network.NetworkRegistry/NETREGISTRY]: Channel 'journeymap:common' : Version test of '1' from client : ACCEPTED
[30Nov2025 14:41:37.500] [Netty Epoll Server IO #7/DEBUG] [net.minecraftforge.network.NetworkRegistry/NETREGISTRY]: Channel 'minecraft:register' : Version test of 'FML3' from client : ACCEPTED
[30Nov2025 14:41:37.500] [Netty Epoll Server IO #7/DEBUG] [net.minecraftforge.network.NetworkRegistry/NETREGISTRY]: Channel 'forge:split' : Version test of '1.1' from client : ACCEPTED
[30Nov2025 14:41:37.500] [Netty Epoll Server IO #7/DEBUG] [net.minecraftforge.network.NetworkRegistry/NETREGISTRY]: Channel 'journeymap:perm_req' : Version test of '1' from client : ACCEPTED
[30Nov2025 14:41:37.500] [Netty Epoll Server IO #7/DEBUG] [net.minecraftforge.network.NetworkRegistry/NETREGISTRY]: Channel 'geckolib:main' : Version test of '1' from client : ACCEPTED
[30Nov2025 14:41:37.500] [Netty Epoll Server IO #7/DEBUG] [net.minecraftforge.network.NetworkRegistry/NETREGISTRY]: Channel 'waystones:network' : Version test of '1.0' from client : ACCEPTED
[30Nov2025 14:41:37.500] [Netty Epoll Server IO #7/DEBUG] [net.minecraftforge.network.NetworkRegistry/NETREGISTRY]: Channel 'skinshuffle:refresh' : Version test of 'ABSENT 🤔' from client : ACCEPTED
[30Nov2025 14:41:37.500] [Netty Epoll Server IO #7/DEBUG] [net.minecraftforge.network.NetworkRegistry/NETREGISTRY]: Accepting channel list from client
[30Nov2025 14:41:37.500] [Netty Epoll Server IO #7/DEBUG] [net.minecraftforge.network.HandshakeHandler/FMLHANDSHAKE]: Accepted client connection mod list
[30Nov2025 14:41:37.510] [Server thread/DEBUG] [net.minecraftforge.network.HandshakeHandler/FMLHANDSHAKE]: Sending ticking packet info 'Registry minecraft:particle_type' to 'fml:handshake' sequence 5
[30Nov2025 14:41:37.552] [Netty Epoll Server IO #7/DEBUG] [net.minecraftforge.network.LoginWrapper/FMLHANDSHAKE]: Recieved login wrapper packet event for channel fml:handshake with index 2
[30Nov2025 14:41:37.552] [Netty Epoll Server IO #7/DEBUG] [net.minecraftforge.network.HandshakeHandler/FMLHANDSHAKE]: Received client indexed reply 2 of type net.minecraftforge.network.HandshakeMessages$C2SAcknowledge
[30Nov2025 14:41:37.552] [Netty Epoll Server IO #7/DEBUG] [net.minecraftforge.network.HandshakeHandler/FMLHANDSHAKE]: Received acknowledgement from client
[30Nov2025 14:41:37.555] [Server thread/DEBUG] [net.minecraftforge.network.HandshakeHandler/FMLHANDSHAKE]: Sending ticking packet info 'Registry minecraft:villager_profession' to 'fml:handshake' sequence 6
[30Nov2025 14:41:37.585] [Netty Epoll Server IO #7/DEBUG] [net.minecraftforge.network.LoginWrapper/FMLHANDSHAKE]: Recieved login wrapper packet event for channel fml:handshake with index 3
[30Nov2025 14:41:37.585] [Netty Epoll Server IO #7/DEBUG] [net.minecraftforge.network.HandshakeHandler/FMLHANDSHAKE]: Received client indexed reply 3 of type net.minecraftforge.network.HandshakeMessages$C2SAcknowledge
[30Nov2025 14:41:37.585] [Netty Epoll Server IO #7/DEBUG] [net.minecraftforge.network.HandshakeHandler/FMLHANDSHAKE]: Received acknowledgement from client
[30Nov2025 14:41:37.608] [Server thread/DEBUG] [net.minecraftforge.network.HandshakeHandler/FMLHANDSHAKE]: Sending ticking packet info 'Registry minecraft:item' to 'fml:handshake' sequence 7
[30Nov2025 14:41:37.656] [Server thread/DEBUG] [net.minecraftforge.network.HandshakeHandler/FMLHANDSHAKE]: Sending ticking packet info 'Registry minecraft:potion' to 'fml:handshake' sequence 8
[30Nov2025 14:41:37.707] [Server thread/DEBUG] [net.minecraftforge.network.HandshakeHandler/FMLHANDSHAKE]: Sending ticking packet info 'Registry minecraft:painting_variant' to 'fml:handshake' sequence 9
[30Nov2025 14:41:37.758] [Server thread/DEBUG] [net.minecraftforge.network.HandshakeHandler/FMLHANDSHAKE]: Sending ticking packet info 'Registry forge:fluid_type' to 'fml:handshake' sequence 10
[30Nov2025 14:41:37.808] [Server thread/DEBUG] [net.minecraftforge.network.HandshakeHandler/FMLHANDSHAKE]: Sending ticking packet info 'Registry minecraft:block_entity_type' to 'fml:handshake' sequence 11
[30Nov2025 14:41:37.856] [Server thread/DEBUG] [net.minecraftforge.network.HandshakeHandler/FMLHANDSHAKE]: Sending ticking packet info 'Registry forge:display_contexts' to 'fml:handshake' sequence 12
[30Nov2025 14:41:37.909] [Server thread/DEBUG] [net.minecraftforge.network.HandshakeHandler/FMLHANDSHAKE]: Sending ticking packet info 'Registry minecraft:block' to 'fml:handshake' sequence 13
[30Nov2025 14:41:37.958] [Server thread/DEBUG] [net.minecraftforge.network.HandshakeHandler/FMLHANDSHAKE]: Sending ticking packet info 'Registry forge:entity_data_serializers' to 'fml:handshake' sequence 14
[30Nov2025 14:41:38.008] [Server thread/DEBUG] [net.minecraftforge.network.HandshakeHandler/FMLHANDSHAKE]: Sending ticking packet info 'Registry minecraft:mob_effect' to 'fml:handshake' sequence 15
[30Nov2025 14:41:38.017] [Netty Epoll Server IO #7/DEBUG] [net.minecraftforge.network.LoginWrapper/FMLHANDSHAKE]: Recieved login wrapper packet event for channel fml:handshake with index 4
[30Nov2025 14:41:38.017] [Netty Epoll Server IO #7/DEBUG] [net.minecraftforge.network.HandshakeHandler/FMLHANDSHAKE]: Received client indexed reply 4 of type net.minecraftforge.network.HandshakeMessages$C2SAcknowledge
[30Nov2025 14:41:38.017] [Netty Epoll Server IO #7/DEBUG] [net.minecraftforge.network.HandshakeHandler/FMLHANDSHAKE]: Received acknowledgement from client
[30Nov2025 14:41:38.019] [Netty Epoll Server IO #7/DEBUG] [net.minecraftforge.network.LoginWrapper/FMLHANDSHAKE]: Recieved login wrapper packet event for channel fml:handshake with index 5
[30Nov2025 14:41:38.019] [Netty Epoll Server IO #7/DEBUG] [net.minecraftforge.network.HandshakeHandler/FMLHANDSHAKE]: Received client indexed reply 5 of type net.minecraftforge.network.HandshakeMessages$C2SAcknowledge
[30Nov2025 14:41:38.019] [Netty Epoll Server IO #7/DEBUG] [net.minecraftforge.network.HandshakeHandler/FMLHANDSHAKE]: Received acknowledgement from client
[30Nov2025 14:41:38.021] [Netty Epoll Server IO #7/DEBUG] [net.minecraftforge.network.LoginWrapper/FMLHANDSHAKE]: Recieved login wrapper packet event for channel fml:handshake with index 6
[30Nov2025 14:41:38.021] [Netty Epoll Server IO #7/DEBUG] [net.minecraftforge.network.HandshakeHandler/FMLHANDSHAKE]: Received client indexed reply 6 of type net.minecraftforge.network.HandshakeMessages$C2SAcknowledge
[30Nov2025 14:41:38.021] [Netty Epoll Server IO #7/DEBUG] [net.minecraftforge.network.HandshakeHandler/FMLHANDSHAKE]: Received acknowledgement from client
[30Nov2025 14:41:38.057] [Server thread/DEBUG] [net.minecraftforge.network.HandshakeHandler/FMLHANDSHAKE]: Sending ticking packet info 'Registry minecraft:stat_type' to 'fml:handshake' sequence 16
[30Nov2025 14:41:38.107] [Server thread/DEBUG] [net.minecraftforge.network.HandshakeHandler/FMLHANDSHAKE]: Sending ticking packet info 'Registry tombstone:perks' to 'fml:handshake' sequence 17
[30Nov2025 14:41:38.158] [Server thread/DEBUG] [net.minecraftforge.network.HandshakeHandler/FMLHANDSHAKE]: Sending ticking packet info 'Registry minecraft:menu' to 'fml:handshake' sequence 18
[30Nov2025 14:41:38.209] [Server thread/DEBUG] [net.minecraftforge.network.HandshakeHandler/FMLHANDSHAKE]: Sending ticking packet info 'Registry minecraft:enchantment' to 'fml:handshake' sequence 19
[30Nov2025 14:41:38.258] [Server thread/DEBUG] [net.minecraftforge.network.HandshakeHandler/FMLHANDSHAKE]: Sending ticking packet info 'Registry minecraft:fluid' to 'fml:handshake' sequence 20
[30Nov2025 14:41:38.308] [Server thread/DEBUG] [net.minecraftforge.network.HandshakeHandler/FMLHANDSHAKE]: Sending ticking packet info 'Registry minecraft:entity_type' to 'fml:handshake' sequence 21
[30Nov2025 14:41:38.356] [Server thread/DEBUG] [net.minecraftforge.network.HandshakeHandler/FMLHANDSHAKE]: Sending ticking packet info 'Config journeymap-server.toml' to 'fml:handshake' sequence 22
[30Nov2025 14:41:38.407] [Server thread/DEBUG] [net.minecraftforge.network.HandshakeHandler/FMLHANDSHAKE]: Sending ticking packet info 'Config curios-server.toml' to 'fml:handshake' sequence 23
[30Nov2025 14:41:38.439] [Netty Epoll Server IO #7/DEBUG] [net.minecraftforge.network.LoginWrapper/FMLHANDSHAKE]: Recieved login wrapper packet event for channel fml:handshake with index 7
[30Nov2025 14:41:38.439] [Netty Epoll Server IO #7/DEBUG] [net.minecraftforge.network.HandshakeHandler/FMLHANDSHAKE]: Received client indexed reply 7 of type net.minecraftforge.network.HandshakeMessages$C2SAcknowledge
[30Nov2025 14:41:38.439] [Netty Epoll Server IO #7/DEBUG] [net.minecraftforge.network.HandshakeHandler/FMLHANDSHAKE]: Received acknowledgement from client
[30Nov2025 14:41:38.439] [Netty Epoll Server IO #7/DEBUG] [net.minecraftforge.network.LoginWrapper/FMLHANDSHAKE]: Recieved login wrapper packet event for channel fml:handshake with index 8
[30Nov2025 14:41:38.439] [Netty Epoll Server IO #7/DEBUG] [net.minecraftforge.network.HandshakeHandler/FMLHANDSHAKE]: Received client indexed reply 8 of type net.minecraftforge.network.HandshakeMessages$C2SAcknowledge
[30Nov2025 14:41:38.439] [Netty Epoll Server IO #7/DEBUG] [net.minecraftforge.network.HandshakeHandler/FMLHANDSHAKE]: Received acknowledgement from client
[30Nov2025 14:41:38.442] [Netty Epoll Server IO #7/DEBUG] [net.minecraftforge.network.LoginWrapper/FMLHANDSHAKE]: Recieved login wrapper packet event for channel fml:handshake with index 9
[30Nov2025 14:41:38.442] [Netty Epoll Server IO #7/DEBUG] [net.minecraftforge.network.HandshakeHandler/FMLHANDSHAKE]: Received client indexed reply 9 of type net.minecraftforge.network.HandshakeMessages$C2SAcknowledge
[30Nov2025 14:41:38.442] [Netty Epoll Server IO #7/DEBUG] [net.minecraftforge.network.HandshakeHandler/FMLHANDSHAKE]: Received acknowledgement from client
[30Nov2025 14:41:38.442] [Netty Epoll Server IO #7/DEBUG] [net.minecraftforge.network.LoginWrapper/FMLHANDSHAKE]: Recieved login wrapper packet event for channel fml:handshake with index 10
[30Nov2025 14:41:38.442] [Netty Epoll Server IO #7/DEBUG] [net.minecraftforge.network.HandshakeHandler/FMLHANDSHAKE]: Received client indexed reply 10 of type net.minecraftforge.network.HandshakeMessages$C2SAcknowledge
[30Nov2025 14:41:38.442] [Netty Epoll Server IO #7/DEBUG] [net.minecraftforge.network.HandshakeHandler/FMLHANDSHAKE]: Received acknowledgement from client
[30Nov2025 14:41:38.442] [Netty Epoll Server IO #7/DEBUG] [net.minecraftforge.network.LoginWrapper/FMLHANDSHAKE]: Recieved login wrapper packet event for channel fml:handshake with index 11
[30Nov2025 14:41:38.442] [Netty Epoll Server IO #7/DEBUG] [net.minecraftforge.network.HandshakeHandler/FMLHANDSHAKE]: Received client indexed reply 11 of type net.minecraftforge.network.HandshakeMessages$C2SAcknowledge
[30Nov2025 14:41:38.442] [Netty Epoll Server IO #7/DEBUG] [net.minecraftforge.network.HandshakeHandler/FMLHANDSHAKE]: Received acknowledgement from client
[30Nov2025 14:41:38.445] [Netty Epoll Server IO #7/DEBUG] [net.minecraftforge.network.LoginWrapper/FMLHANDSHAKE]: Recieved login wrapper packet event for channel fml:handshake with index 12
[30Nov2025 14:41:38.445] [Netty Epoll Server IO #7/DEBUG] [net.minecraftforge.network.HandshakeHandler/FMLHANDSHAKE]: Received client indexed reply 12 of type net.minecraftforge.network.HandshakeMessages$C2SAcknowledge
[30Nov2025 14:41:38.445] [Netty Epoll Server IO #7/DEBUG] [net.minecraftforge.network.HandshakeHandler/FMLHANDSHAKE]: Received acknowledgement from client
[30Nov2025 14:41:38.456] [Server thread/DEBUG] [net.minecraftforge.network.HandshakeHandler/FMLHANDSHAKE]: Sending ticking packet info 'Config tombstone-server.toml' to 'fml:handshake' sequence 24
[30Nov2025 14:41:38.508] [Server thread/DEBUG] [net.minecraftforge.network.HandshakeHandler/FMLHANDSHAKE]: Sending ticking packet info 'Config fastleafdecay-server.toml' to 'fml:handshake' sequence 25
[30Nov2025 14:41:38.557] [Server thread/DEBUG] [net.minecraftforge.network.HandshakeHandler/FMLHANDSHAKE]: Sending ticking packet info 'Config sophisticatedbackpacks-server.toml' to 'fml:handshake' sequence 26
[30Nov2025 14:41:38.608] [Server thread/DEBUG] [net.minecraftforge.network.HandshakeHandler/FMLHANDSHAKE]: Sending ticking packet info 'Config forge-server.toml' to 'fml:handshake' sequence 27
[30Nov2025 14:41:38.659] [Netty Epoll Server IO #7/DEBUG] [net.minecraftforge.network.LoginWrapper/FMLHANDSHAKE]: Recieved login wrapper packet event for channel fml:handshake with index 13
[30Nov2025 14:41:38.659] [Netty Epoll Server IO #7/DEBUG] [net.minecraftforge.network.HandshakeHandler/FMLHANDSHAKE]: Received client indexed reply 13 of type net.minecraftforge.network.HandshakeMessages$C2SAcknowledge
[30Nov2025 14:41:38.659] [Netty Epoll Server IO #7/DEBUG] [net.minecraftforge.network.HandshakeHandler/FMLHANDSHAKE]: Received acknowledgement from client
[30Nov2025 14:41:38.659] [Netty Epoll Server IO #7/DEBUG] [net.minecraftforge.network.LoginWrapper/FMLHANDSHAKE]: Recieved login wrapper packet event for channel fml:handshake with index 14
[30Nov2025 14:41:38.659] [Netty Epoll Server IO #7/DEBUG] [net.minecraftforge.network.HandshakeHandler/FMLHANDSHAKE]: Received client indexed reply 14 of type net.minecraftforge.network.HandshakeMessages$C2SAcknowledge
[30Nov2025 14:41:38.659] [Netty Epoll Server IO #7/DEBUG] [net.minecraftforge.network.HandshakeHandler/FMLHANDSHAKE]: Received acknowledgement from client
[30Nov2025 14:41:38.661] [Netty Epoll Server IO #7/DEBUG] [net.minecraftforge.network.LoginWrapper/FMLHANDSHAKE]: Recieved login wrapper packet event for channel fml:handshake with index 15
[30Nov2025 14:41:38.661] [Netty Epoll Server IO #7/DEBUG] [net.minecraftforge.network.HandshakeHandler/FMLHANDSHAKE]: Received client indexed reply 15 of type net.minecraftforge.network.HandshakeMessages$C2SAcknowledge
[30Nov2025 14:41:38.661] [Netty Epoll Server IO #7/DEBUG] [net.minecraftforge.network.HandshakeHandler/FMLHANDSHAKE]: Received acknowledgement from client
[30Nov2025 14:41:38.663] [Netty Epoll Server IO #7/DEBUG] [net.minecraftforge.network.LoginWrapper/FMLHANDSHAKE]: Recieved login wrapper packet event for channel fml:handshake with index 16
[30Nov2025 14:41:38.663] [Netty Epoll Server IO #7/DEBUG] [net.minecraftforge.network.HandshakeHandler/FMLHANDSHAKE]: Received client indexed reply 16 of type net.minecraftforge.network.HandshakeMessages$C2SAcknowledge
[30Nov2025 14:41:38.663] [Netty Epoll Server IO #7/DEBUG] [net.minecraftforge.network.HandshakeHandler/FMLHANDSHAKE]: Received acknowledgement from client
[30Nov2025 14:41:38.665] [Netty Epoll Server IO #7/DEBUG] [net.minecraftforge.network.LoginWrapper/FMLHANDSHAKE]: Recieved login wrapper packet event for channel fml:handshake with index 17
[30Nov2025 14:41:38.665] [Netty Epoll Server IO #7/DEBUG] [net.minecraftforge.network.HandshakeHandler/FMLHANDSHAKE]: Received client indexed reply 17 of type net.minecraftforge.network.HandshakeMessages$C2SAcknowledge
[30Nov2025 14:41:38.665] [Netty Epoll Server IO #7/DEBUG] [net.minecraftforge.network.HandshakeHandler/FMLHANDSHAKE]: Received acknowledgement from client
[30Nov2025 14:41:38.667] [Netty Epoll Server IO #7/DEBUG] [net.minecraftforge.network.LoginWrapper/FMLHANDSHAKE]: Recieved login wrapper packet event for channel fml:handshake with index 18
[30Nov2025 14:41:38.667] [Netty Epoll Server IO #7/DEBUG] [net.minecraftforge.network.HandshakeHandler/FMLHANDSHAKE]: Received client indexed reply 18 of type net.minecraftforge.network.HandshakeMessages$C2SAcknowledge
[30Nov2025 14:41:38.667] [Netty Epoll Server IO #7/DEBUG] [net.minecraftforge.network.HandshakeHandler/FMLHANDSHAKE]: Received acknowledgement from client
[30Nov2025 14:41:38.668] [Netty Epoll Server IO #7/DEBUG] [net.minecraftforge.network.LoginWrapper/FMLHANDSHAKE]: Recieved login wrapper packet event for channel fml:handshake with index 19
[30Nov2025 14:41:38.668] [Netty Epoll Server IO #7/DEBUG] [net.minecraftforge.network.HandshakeHandler/FMLHANDSHAKE]: Received client indexed reply 19 of type net.minecraftforge.network.HandshakeMessages$C2SAcknowledge
[30Nov2025 14:41:38.668] [Netty Epoll Server IO #7/DEBUG] [net.minecraftforge.network.HandshakeHandler/FMLHANDSHAKE]: Received acknowledgement from client
[30Nov2025 14:41:38.670] [Netty Epoll Server IO #7/DEBUG] [net.minecraftforge.network.LoginWrapper/FMLHANDSHAKE]: Recieved login wrapper packet event for channel fml:handshake with index 20
[30Nov2025 14:41:38.670] [Netty Epoll Server IO #7/DEBUG] [net.minecraftforge.network.HandshakeHandler/FMLHANDSHAKE]: Received client indexed reply 20 of type net.minecraftforge.network.HandshakeMessages$C2SAcknowledge
[30Nov2025 14:41:38.670] [Netty Epoll Server IO #7/DEBUG] [net.minecraftforge.network.HandshakeHandler/FMLHANDSHAKE]: Received acknowledgement from client
[30Nov2025 14:41:44.503] [Netty Epoll Server IO #7/DEBUG] [net.minecraftforge.network.LoginWrapper/FMLHANDSHAKE]: Recieved login wrapper packet event for channel fml:handshake with index 21
[30Nov2025 14:41:44.503] [Netty Epoll Server IO #7/DEBUG] [net.minecraftforge.network.HandshakeHandler/FMLHANDSHAKE]: Received client indexed reply 21 of type net.minecraftforge.network.HandshakeMessages$C2SAcknowledge
[30Nov2025 14:41:44.503] [Netty Epoll Server IO #7/DEBUG] [net.minecraftforge.network.HandshakeHandler/FMLHANDSHAKE]: Received acknowledgement from client
[30Nov2025 14:41:44.512] [Netty Epoll Server IO #7/DEBUG] [net.minecraftforge.network.LoginWrapper/FMLHANDSHAKE]: Recieved login wrapper packet event for channel fml:handshake with index 22
[30Nov2025 14:41:44.512] [Netty Epoll Server IO #7/DEBUG] [net.minecraftforge.network.HandshakeHandler/FMLHANDSHAKE]: Received client indexed reply 22 of type net.minecraftforge.network.HandshakeMessages$C2SAcknowledge
[30Nov2025 14:41:44.512] [Netty Epoll Server IO #7/DEBUG] [net.minecraftforge.network.HandshakeHandler/FMLHANDSHAKE]: Received acknowledgement from client
[30Nov2025 14:41:44.515] [Netty Epoll Server IO #7/DEBUG] [net.minecraftforge.network.LoginWrapper/FMLHANDSHAKE]: Recieved login wrapper packet event for channel fml:handshake with index 23
[30Nov2025 14:41:44.515] [Netty Epoll Server IO #7/DEBUG] [net.minecraftforge.network.HandshakeHandler/FMLHANDSHAKE]: Received client indexed reply 23 of type net.minecraftforge.network.HandshakeMessages$C2SAcknowledge
[30Nov2025 14:41:44.515] [Netty Epoll Server IO #7/DEBUG] [net.minecraftforge.network.HandshakeHandler/FMLHANDSHAKE]: Received acknowledgement from client
[30Nov2025 14:41:44.519] [Netty Epoll Server IO #7/DEBUG] [net.minecraftforge.network.LoginWrapper/FMLHANDSHAKE]: Recieved login wrapper packet event for channel fml:handshake with index 24
[30Nov2025 14:41:44.519] [Netty Epoll Server IO #7/DEBUG] [net.minecraftforge.network.HandshakeHandler/FMLHANDSHAKE]: Received client indexed reply 24 of type net.minecraftforge.network.HandshakeMessages$C2SAcknowledge
[30Nov2025 14:41:44.519] [Netty Epoll Server IO #7/DEBUG] [net.minecraftforge.network.HandshakeHandler/FMLHANDSHAKE]: Received acknowledgement from client
[30Nov2025 14:41:44.520] [Netty Epoll Server IO #7/DEBUG] [net.minecraftforge.network.LoginWrapper/FMLHANDSHAKE]: Recieved login wrapper packet event for channel fml:handshake with index 25
[30Nov2025 14:41:44.520] [Netty Epoll Server IO #7/DEBUG] [net.minecraftforge.network.HandshakeHandler/FMLHANDSHAKE]: Received client indexed reply 25 of type net.minecraftforge.network.HandshakeMessages$C2SAcknowledge
[30Nov2025 14:41:44.520] [Netty Epoll Server IO #7/DEBUG] [net.minecraftforge.network.HandshakeHandler/FMLHANDSHAKE]: Received acknowledgement from client
[30Nov2025 14:41:44.530] [Netty Epoll Server IO #7/DEBUG] [net.minecraftforge.network.LoginWrapper/FMLHANDSHAKE]: Recieved login wrapper packet event for channel fml:handshake with index 26
[30Nov2025 14:41:44.530] [Netty Epoll Server IO #7/DEBUG] [net.minecraftforge.network.HandshakeHandler/FMLHANDSHAKE]: Received client indexed reply 26 of type net.minecraftforge.network.HandshakeMessages$C2SAcknowledge
[30Nov2025 14:41:44.530] [Netty Epoll Server IO #7/DEBUG] [net.minecraftforge.network.HandshakeHandler/FMLHANDSHAKE]: Received acknowledgement from client
[30Nov2025 14:41:44.534] [Netty Epoll Server IO #7/DEBUG] [net.minecraftforge.network.LoginWrapper/FMLHANDSHAKE]: Recieved login wrapper packet event for channel fml:handshake with index 27
[30Nov2025 14:41:44.534] [Netty Epoll Server IO #7/DEBUG] [net.minecraftforge.network.HandshakeHandler/FMLHANDSHAKE]: Received client indexed reply 27 of type net.minecraftforge.network.HandshakeMessages$C2SAcknowledge
[30Nov2025 14:41:44.534] [Netty Epoll Server IO #7/DEBUG] [net.minecraftforge.network.HandshakeHandler/FMLHANDSHAKE]: Received acknowledgement from client
[30Nov2025 14:41:44.557] [Server thread/DEBUG] [net.minecraftforge.network.HandshakeHandler/FMLHANDSHAKE]: Handshake complete!
[30Nov2025 14:41:44.608] [ForkJoinPool.commonPool-worker-4/DEBUG] [SkinRestorer/]: Fetching Ben_By's skin
[30Nov2025 14:41:44.726] [Server thread/INFO] [net.minecraft.server.players.PlayerList/]: Ben_By[/100.80.25.100:39950] logged in with entity id 3828 at (852.3350686026342, 68.0, 8.471946822808532)
[30Nov2025 14:41:44.727] [Server thread/DEBUG] [net.minecraftforge.network.filters.NetworkFilters/]: Injected net.minecraftforge.network.filters.ForgeConnectionNetworkFilter@12bafecc into net.minecraft.network.Connection@34d22654
[30Nov2025 14:41:44.751] [Server thread/INFO] [net.minecraft.server.MinecraftServer/]: Ben_By joined the game
[30Nov2025 14:42:28.055] [Server thread/DEBUG] [yungscavebiomes/]: STOPPING SANDSTORM in minecraft:the_nether
[30Nov2025 14:45:38.246] [Server thread/DEBUG] [net.minecraftforge.common.ForgeHooks/WP]: Gathering id map for writing to world save world
[30Nov2025 14:45:38.269] [Server thread/DEBUG] [net.minecraftforge.common.ForgeHooks/WP]: ID Map collection complete world
[30Nov2025 14:46:12.047] [Server thread/DEBUG] [yungscavebiomes/]: Starting sandstorm in minecraft:overworld
[30Nov2025 14:46:41.514] [Server thread/INFO] [net.minecraft.server.MinecraftServer/]: Stopping the server
[30Nov2025 14:46:41.549] [Server thread/DEBUG] [lain.mods.cos.init.forge.ForgeCosmeticArmorReworked/]: Server is stopping... try to save all still loaded CosmeticArmor data
[30Nov2025 14:46:41.552] [Server thread/DEBUG] [lain.mods.cos.init.forge.ForgeCosmeticArmorReworked/]: 85ae0226-7e69-3d2b-8f53-867db294a60e
[30Nov2025 14:46:41.552] [Server thread/DEBUG] [lain.mods.cos.init.forge.ForgeCosmeticArmorReworked/]: df4995ef-6131-3c16-a63f-e970387b57a9
[30Nov2025 14:46:41.553] [Server thread/INFO] [net.minecraft.server.MinecraftServer/]: Stopping server
[30Nov2025 14:46:41.553] [Server thread/INFO] [net.minecraft.server.MinecraftServer/]: Saving players
[30Nov2025 14:46:41.569] [Server thread/INFO] [net.minecraft.server.MinecraftServer/]: Saving worlds
[30Nov2025 14:46:42.058] [Server thread/INFO] [net.minecraft.server.MinecraftServer/]: Saving chunks for level 'ServerLevel[world]'/minecraft:overworld
[30Nov2025 14:46:42.851] [Server thread/INFO] [net.minecraft.server.MinecraftServer/]: Saving chunks for level 'ServerLevel[world]'/minecraft:the_end
[30Nov2025 14:46:42.854] [Server thread/INFO] [net.minecraft.server.MinecraftServer/]: Saving chunks for level 'ServerLevel[world]'/minecraft:the_nether
[30Nov2025 14:46:42.856] [Server thread/DEBUG] [net.minecraftforge.common.ForgeHooks/WP]: Gathering id map for writing to world save world
[30Nov2025 14:46:42.867] [Server thread/DEBUG] [net.minecraftforge.common.ForgeHooks/WP]: ID Map collection complete world
[30Nov2025 14:46:42.887] [Server thread/INFO] [net.minecraft.server.MinecraftServer/]: ThreadedAnvilChunkStorage (world): All chunks are saved
[30Nov2025 14:46:42.888] [Server thread/INFO] [net.minecraft.server.MinecraftServer/]: ThreadedAnvilChunkStorage (DIM1): All chunks are saved
[30Nov2025 14:46:42.888] [Server thread/INFO] [net.minecraft.server.MinecraftServer/]: ThreadedAnvilChunkStorage (DIM-1): All chunks are saved
[30Nov2025 14:46:42.888] [Server thread/INFO] [net.minecraft.server.MinecraftServer/]: ThreadedAnvilChunkStorage: All dimensions are saved
[30Nov2025 14:46:42.901] [Server thread/INFO] [Framework/]: Unloading server configs...
[30Nov2025 14:46:42.902] [Server thread/DEBUG] [Framework/]: Stopped watching config: /workspaces/foy2/servidor_minecraft/config/goblintraders-entities.toml
[30Nov2025 14:46:42.902] [Server thread/INFO] [Framework/]: Sending config unload event for goblintraders-entities.toml
[30Nov2025 14:46:42.904] [Server thread/INFO] [Framework/]: Finished unloading server configs
[30Nov2025 14:46:42.904] [Server thread/DEBUG] [Framework/]: Stopping config watcher
[30Nov2025 14:46:42.904] [Server thread/DEBUG] [net.minecraftforge.fml.config.ConfigTracker/CONFIG]: Unloading configs type SERVER
[30Nov2025 14:46:42.905] [Server thread/INFO] [journeymap/]: Loading JourneyMap Forge Configs
